{
  "type": "FeatureCollection",
  "features": [
    {
      "type": "Feature",
      "geometry": {
        "type": "LineString",
        "coordinates": [
          [
            112.7093075,
            -7.2491055
          ],
          [
            112.7093296,
            -7.2526768
          ]
        ]
      },
      "properties": {
        "id": "osm:way:28376237",
        "name": "Jalan Tol Surabaya–Gempol",
        "highway": "motorway",
        "restriction_type": "PROHIBITED_TOLL_ROAD",
        "metadata": {
          "bridge": "yes",
          "highway": "motorway",
          "int_ref": "AH2",
          "lanes": "3",
          "layer": "1",
          "motorcycle": "no",
          "name": "Jalan Tol Surabaya–Gempol",
          "oneway": "yes",
          "operator": "PT Jasamarga Surabaya-Gempol",
          "ref": "8",
          "short_name": "Jalan Tol Surgem",
          "toll": "yes"
        }
      }
    },
    {
      "type": "Feature",
      "geometry": {
        "type": "LineString",
        "coordinates": [
          [
            112.7083664,
            -7.2602188
          ],
          [
            112.7084678,
            -7.2601232
          ],
          [
            112.7085131,
            -7.2600872
          ],
          [
            112.708566,
            -7.2600459
          ],
          [
            112.7086218,
            -7.2600068
          ],
          [
            112.7087286,
            -7.2599227
          ],
          [
            112.7088876,
            -7.2597908
          ],
          [
            112.7089912,
            -7.2596859
          ],
          [
            112.7090582,
            -7.2595842
          ],
          [
            112.7091542,
            -7.2594189
          ],
          [
            112.7091861,
            -7.2593457
          ],
          [
            112.7092074,
            -7.2592713
          ],
          [
            112.7092378,
            -7.2591355
          ],
          [
            112.7092629,
            -7.2589788
          ],
          [
            112.7093114,
            -7.2585563
          ]
        ]
      },
      "properties": {
        "id": "osm:way:28716499",
        "name": "Banyu Urip",
        "highway": "motorway_link",
        "restriction_type": "PROHIBITED_TOLL_ROAD",
        "metadata": {
          "destination": "Pasar Turi;Tanjung Perak;Gresik",
          "destination:ref": "8",
          "highway": "motorway_link",
          "motorcycle": "no",
          "name": "Banyu Urip",
          "oneway": "yes",
          "toll": "yes"
        }
      }
    },
    {
      "type": "Feature",
      "geometry": {
        "type": "LineString",
        "coordinates": [
          [
            112.6990903,
            -7.2899765
          ],
          [
            112.6987071,
            -7.289802
          ],
          [
            112.698552,
            -7.289763
          ],
          [
            112.6984005,
            -7.2897563
          ],
          [
            112.6982801,
            -7.2897729
          ],
          [
            112.6981817,
            -7.289818
          ],
          [
            112.6980639,
            -7.2899047
          ],
          [
            112.6979857,
            -7.2900322
          ],
          [
            112.6979519,
            -7.2901435
          ],
          [
            112.6979601,
            -7.2903132
          ],
          [
            112.6980024,
            -7.2904282
          ],
          [
            112.6980768,
            -7.2905438
          ],
          [
            112.6982331,
            -7.2906462
          ],
          [
            112.698383,
            -7.2906824
          ],
          [
            112.6985363,
            -7.2906804
          ],
          [
            112.6986886,
            -7.2906242
          ],
          [
            112.6989211,
            -7.2904498
          ],
          [
            112.6993531,
            -7.2900288
          ]
        ]
      },
      "properties": {
        "id": "osm:way:28773153",
        "name": "Way #28773153",
        "highway": "motorway_link",
        "restriction_type": "PROHIBITED_TOLL_ROAD",
        "metadata": {
          "destination": "Banyu Urip;Gresik;Tanjung Perak",
          "destination:ref": "8",
          "highway": "motorway_link",
          "motorcycle": "no",
          "note": "Simpang Susun Kota Satelit",
          "oneway": "yes",
          "toll": "yes"
        }
      }
    },
    {
      "type": "Feature",
      "geometry": {
        "type": "LineString",
        "coordinates": [
          [
            112.6980603,
            -7.2924808
          ],
          [
            112.6981674,
            -7.2918188
          ],
          [
            112.6981807,
            -7.2916353
          ],
          [
            112.6981655,
            -7.2914289
          ],
          [
            112.6981507,
            -7.2912858
          ],
          [
            112.698069,
            -7.2910032
          ],
          [
            112.6979383,
            -7.2906746
          ],
          [
            112.6978787,
            -7.2904711
          ],
          [
            112.6978565,
            -7.2902984
          ],
          [
            112.6978764,
            -7.2901329
          ],
          [
            112.6979001,
            -7.2900465
          ],
          [
            112.6979471,
            -7.2899666
          ],
          [
            112.698033,
            -7.2898389
          ],
          [
            112.6981296,
            -7.2897587
          ],
          [
            112.6982588,
            -7.2897021
          ],
          [
            112.6983989,
            -7.2896766
          ],
          [
            112.6986033,
            -7.2896851
          ],
          [
            112.6988176,
            -7.2897493
          ],
          [
            112.6991605,
            -7.2899088
          ]
        ]
      },
      "properties": {
        "id": "osm:way:28773154",
        "name": "Way #28773154",
        "highway": "motorway_link",
        "restriction_type": "PROHIBITED_TOLL_ROAD",
        "metadata": {
          "destination": "Kota Satelit;Dukuh Kupang;Darmo",
          "destination:ref": "1",
          "highway": "motorway_link",
          "motorcycle": "no",
          "note": "Simpang Susun Kota Satelit",
          "oneway": "yes",
          "toll": "yes"
        }
      }
    },
    {
      "type": "Feature",
      "geometry": {
        "type": "LineString",
        "coordinates": [
          [
            112.7032139,
            -7.2891856
          ],
          [
            112.7029839,
            -7.2892745
          ],
          [
            112.7021747,
            -7.2899912
          ],
          [
            112.7014272,
            -7.2904243
          ],
          [
            112.7012636,
            -7.2905334
          ],
          [
            112.7011241,
            -7.2906013
          ],
          [
            112.7009605,
            -7.2906704
          ],
          [
            112.700817,
            -7.290701
          ],
          [
            112.7006788,
            -7.2906964
          ]
        ]
      },
      "properties": {
        "id": "osm:way:28773156",
        "name": "Way #28773156",
        "highway": "motorway_link",
        "restriction_type": "PROHIBITED_TOLL_ROAD",
        "metadata": {
          "destination": "Banyu Urip;Gresik;Tanjung Perak;Gunung Sari;Malang;Pasuruan",
          "destination:ref": "8",
          "highway": "motorway_link",
          "motorcycle": "no",
          "note": "Simpang Susun Kota Satelit",
          "oneway": "yes",
          "toll": "yes"
        }
      }
    },
    {
      "type": "Feature",
      "geometry": {
        "type": "LineString",
        "coordinates": [
          [
            112.7008803,
            -7.28884
          ],
          [
            112.7004389,
            -7.2893249
          ],
          [
            112.7002757,
            -7.2895222
          ],
          [
            112.7002017,
            -7.2896609
          ],
          [
            112.7001626,
            -7.2898046
          ],
          [
            112.7001518,
            -7.2898716
          ],
          [
            112.7001585,
            -7.2900256
          ],
          [
            112.7001895,
            -7.2901459
          ],
          [
            112.7002657,
            -7.2902913
          ],
          [
            112.700362,
            -7.2903944
          ],
          [
            112.7005613,
            -7.2905529
          ],
          [
            112.7006924,
            -7.2905732
          ],
          [
            112.7008463,
            -7.2905729
          ],
          [
            112.7010085,
            -7.2905338
          ],
          [
            112.7012314,
            -7.2904268
          ],
          [
            112.701454,
            -7.290266
          ],
          [
            112.702551,
            -7.2892891
          ],
          [
            112.7028216,
            -7.2890835
          ],
          [
            112.7031088,
            -7.2889474
          ]
        ]
      },
      "properties": {
        "id": "osm:way:28773157",
        "name": "Way #28773157",
        "highway": "motorway_link",
        "restriction_type": "PROHIBITED_TOLL_ROAD",
        "metadata": {
          "destination": "Kota Satelit;Dukuh Kupang;Darmo",
          "destination:ref": "1",
          "highway": "motorway_link",
          "motorcycle": "no",
          "note": "Simpang Susun Kota Satelit",
          "oneway": "yes",
          "toll": "yes"
        }
      }
    },
    {
      "type": "Feature",
      "geometry": {
        "type": "LineString",
        "coordinates": [
          [
            112.7161886,
            -7.3474812
          ],
          [
            112.7164985,
            -7.3479132
          ]
        ]
      },
      "properties": {
        "id": "osm:way:29099933",
        "name": "Way #29099933",
        "highway": "motorway_link",
        "restriction_type": "PROHIBITED_TOLL_ROAD",
        "metadata": {
          "bridge": "yes",
          "destination": "Bungurasih;Mojokerto",
          "destination:ref": "15",
          "highway": "motorway_link",
          "layer": "1",
          "motorcycle": "no",
          "oneway": "yes",
          "surface": "asphalt",
          "toll": "yes"
        }
      }
    },
    {
      "type": "Feature",
      "geometry": {
        "type": "LineString",
        "coordinates": [
          [
            112.716231,
            -7.3477776
          ],
          [
            112.7161918,
            -7.3478398
          ],
          [
            112.71618,
            -7.3478561
          ],
          [
            112.7160968,
            -7.3479312
          ],
          [
            112.7159755,
            -7.3480529
          ],
          [
            112.7159044,
            -7.3481294
          ],
          [
            112.7158334,
            -7.3482312
          ],
          [
            112.7157985,
            -7.3483076
          ],
          [
            112.7157791,
            -7.3483848
          ],
          [
            112.715767,
            -7.3484686
          ],
          [
            112.7157663,
            -7.3485424
          ],
          [
            112.7157777,
            -7.3486116
          ],
          [
            112.7158025,
            -7.3486907
          ],
          [
            112.7158381,
            -7.3487579
          ],
          [
            112.7158843,
            -7.3488184
          ],
          [
            112.7159447,
            -7.3488663
          ],
          [
            112.7160151,
            -7.3489068
          ],
          [
            112.7161023,
            -7.3489374
          ],
          [
            112.7161767,
            -7.3489527
          ],
          [
            112.7162484,
            -7.3489561
          ],
          [
            112.716337,
            -7.3489467
          ],
          [
            112.7164208,
            -7.3489188
          ],
          [
            112.7164979,
            -7.3488749
          ],
          [
            112.716567,
            -7.3488131
          ],
          [
            112.716626,
            -7.3487366
          ],
          [
            112.7166602,
            -7.3486754
          ],
          [
            112.716683,
            -7.3486003
          ],
          [
            112.7166944,
            -7.3485278
          ],
          [
            112.716689,
            -7.34843
          ],
          [
            112.7166742,
            -7.3483482
          ],
          [
            112.7166555,
            -7.3482917
          ],
          [
            112.7166199,
            -7.3482132
          ],
          [
            112.716571,
            -7.3481387
          ],
          [
            112.7164334,
            -7.3479438
          ]
        ]
      },
      "properties": {
        "id": "osm:way:29099940",
        "name": "Way #29099940",
        "highway": "motorway_link",
        "restriction_type": "PROHIBITED_TOLL_ROAD",
        "metadata": {
          "destination": "Surabaya;Gresik;Pasuruan;Malang;Tj. Perak",
          "destination:ref": "8",
          "highway": "motorway_link",
          "motorcycle": "no",
          "oneway": "yes",
          "surface": "asphalt",
          "toll": "yes"
        }
      }
    },
    {
      "type": "Feature",
      "geometry": {
        "type": "LineString",
        "coordinates": [
          [
            112.7110381,
            -7.345082
          ],
          [
            112.7113986,
            -7.3451927
          ]
        ]
      },
      "properties": {
        "id": "osm:way:29099944",
        "name": "Way #29099944",
        "highway": "motorway_link",
        "restriction_type": "PROHIBITED_TOLL_ROAD",
        "metadata": {
          "bridge": "yes",
          "destination": "Waru;Wonokromo;Taman",
          "destination:ref": "15",
          "highway": "motorway_link",
          "layer": "1",
          "motorcycle": "no",
          "oneway": "yes",
          "toll": "yes"
        }
      }
    },
    {
      "type": "Feature",
      "geometry": {
        "type": "LineString",
        "coordinates": [
          [
            112.7101336,
            -7.347594
          ],
          [
            112.7101831,
            -7.3473192
          ],
          [
            112.7102088,
            -7.3471505
          ],
          [
            112.7102262,
            -7.3470073
          ],
          [
            112.7102347,
            -7.3468734
          ],
          [
            112.7102374,
            -7.3467829
          ],
          [
            112.710227,
            -7.3466773
          ],
          [
            112.7102034,
            -7.3465925
          ],
          [
            112.710139,
            -7.3463943
          ],
          [
            112.7100666,
            -7.3462759
          ],
          [
            112.7099244,
            -7.3460179
          ],
          [
            112.7098131,
            -7.345809
          ],
          [
            112.7097917,
            -7.3456281
          ],
          [
            112.7098265,
            -7.3454073
          ],
          [
            112.7099529,
            -7.3452088
          ],
          [
            112.7100768,
            -7.3450905
          ],
          [
            112.7102227,
            -7.3450054
          ],
          [
            112.7103944,
            -7.3449714
          ],
          [
            112.7106004,
            -7.3449799
          ],
          [
            112.7108064,
            -7.3450224
          ],
          [
            112.7110381,
            -7.345082
          ]
        ]
      },
      "properties": {
        "id": "osm:way:29099961",
        "name": "Way #29099961",
        "highway": "motorway_link",
        "restriction_type": "PROHIBITED_TOLL_ROAD",
        "metadata": {
          "destination": "Waru;Wonokromo;Taman",
          "destination:ref": "15",
          "highway": "motorway_link",
          "motorcycle": "no",
          "oneway": "yes",
          "toll": "yes"
        }
      }
    },
    {
      "type": "Feature",
      "geometry": {
        "type": "LineString",
        "coordinates": [
          [
            112.7032355,
            -7.2872535
          ],
          [
            112.7018148,
            -7.2881857
          ],
          [
            112.7008803,
            -7.28884
          ],
          [
            112.7002678,
            -7.2893262
          ],
          [
            112.6999167,
            -7.2896288
          ],
          [
            112.6995049,
            -7.2900583
          ],
          [
            112.6990737,
            -7.2905765
          ],
          [
            112.6989287,
            -7.2907875
          ],
          [
            112.6987867,
            -7.2910058
          ],
          [
            112.6986122,
            -7.2913209
          ],
          [
            112.6984557,
            -7.2916571
          ],
          [
            112.6983035,
            -7.292154
          ],
          [
            112.6981478,
            -7.2927899
          ],
          [
            112.6980524,
            -7.2933272
          ],
          [
            112.6980101,
            -7.293734
          ],
          [
            112.6979835,
            -7.29415
          ],
          [
            112.6980367,
            -7.2954889
          ],
          [
            112.6982547,
            -7.2979591
          ],
          [
            112.6986039,
            -7.302087
          ],
          [
            112.6987169,
            -7.3028398
          ],
          [
            112.6988212,
            -7.3033141
          ],
          [
            112.6989778,
            -7.3038039
          ],
          [
            112.6991816,
            -7.3043442
          ],
          [
            112.6994327,
            -7.3048016
          ],
          [
            112.6997525,
            -7.3052546
          ],
          [
            112.6998303,
            -7.3053563
          ],
          [
            112.6999154,
            -7.305455
          ],
          [
            112.7000923,
            -7.305651
          ],
          [
            112.7002839,
            -7.3058381
          ],
          [
            112.7004836,
            -7.3060123
          ],
          [
            112.7009087,
            -7.3063233
          ],
          [
            112.7014079,
            -7.3066055
          ],
          [
            112.701684,
            -7.306748
          ],
          [
            112.7019688,
            -7.3068806
          ]
        ]
      },
      "properties": {
        "id": "osm:way:35319456",
        "name": "Jalan Tol Surabaya–Gempol",
        "highway": "motorway",
        "restriction_type": "PROHIBITED_TOLL_ROAD",
        "metadata": {
          "highway": "motorway",
          "int_ref": "AH2",
          "lanes": "3",
          "maxspeed": "80",
          "motorcycle": "no",
          "name": "Jalan Tol Surabaya–Gempol",
          "oneway": "yes",
          "operator": "PT Jasamarga Surabaya-Gempol",
          "ref": "8",
          "short_name": "Jalan Tol Surgem",
          "surface": "asphalt",
          "toll": "yes"
        }
      }
    },
    {
      "type": "Feature",
      "geometry": {
        "type": "LineString",
        "coordinates": [
          [
            112.7036792,
            -7.2869685
          ],
          [
            112.7032355,
            -7.2872535
          ]
        ]
      },
      "properties": {
        "id": "osm:way:35319457",
        "name": "Jalan Tol Surabaya–Gempol",
        "highway": "motorway",
        "restriction_type": "PROHIBITED_TOLL_ROAD",
        "metadata": {
          "bridge": "yes",
          "highway": "motorway",
          "int_ref": "AH2",
          "layer": "1",
          "motorcycle": "no",
          "name": "Jalan Tol Surabaya–Gempol",
          "oneway": "yes",
          "operator": "PT Jasamarga Surabaya-Gempol",
          "ref": "8",
          "short_name": "Jalan Tol Surgem",
          "toll": "yes"
        }
      }
    },
    {
      "type": "Feature",
      "geometry": {
        "type": "LineString",
        "coordinates": [
          [
            112.7006788,
            -7.2906964
          ],
          [
            112.7003986,
            -7.290587
          ],
          [
            112.7001581,
            -7.2904796
          ],
          [
            112.6995972,
            -7.2902169
          ]
        ]
      },
      "properties": {
        "id": "osm:way:35343236",
        "name": "Way #35343236",
        "highway": "motorway_link",
        "restriction_type": "PROHIBITED_TOLL_ROAD",
        "metadata": {
          "destination": "Banyu Urip;Gresik;Tanjung Perak",
          "destination:ref": "8",
          "highway": "motorway_link",
          "motorcycle": "no",
          "note": "Simpang Susun Kota Satelit",
          "oneway": "yes",
          "toll": "yes"
        }
      }
    },
    {
      "type": "Feature",
      "geometry": {
        "type": "LineString",
        "coordinates": [
          [
            112.6995972,
            -7.2902169
          ],
          [
            112.6990903,
            -7.2899765
          ]
        ]
      },
      "properties": {
        "id": "osm:way:35343237",
        "name": "Way #35343237",
        "highway": "motorway_link",
        "restriction_type": "PROHIBITED_TOLL_ROAD",
        "metadata": {
          "bridge": "yes",
          "destination": "Banyu Urip;Gresik;Tanjung Perak",
          "destination:ref": "8",
          "highway": "motorway_link",
          "layer": "1",
          "motorcycle": "no",
          "note": "Simpang Susun Kota Satelit",
          "oneway": "yes",
          "toll": "yes"
        }
      }
    },
    {
      "type": "Feature",
      "geometry": {
        "type": "LineString",
        "coordinates": [
          [
            112.6991605,
            -7.2899088
          ],
          [
            112.6996669,
            -7.2901643
          ]
        ]
      },
      "properties": {
        "id": "osm:way:35343238",
        "name": "Way #35343238",
        "highway": "motorway_link",
        "restriction_type": "PROHIBITED_TOLL_ROAD",
        "metadata": {
          "bridge": "yes",
          "destination": "Kota Satelit;Dukuh Kupang;Darmo",
          "destination:ref": "1",
          "highway": "motorway_link",
          "layer": "1",
          "motorcycle": "no",
          "note": "Simpang Susun Kota Satelit",
          "oneway": "yes",
          "toll": "yes"
        }
      }
    },
    {
      "type": "Feature",
      "geometry": {
        "type": "LineString",
        "coordinates": [
          [
            112.6996669,
            -7.2901643
          ],
          [
            112.7003795,
            -7.2905025
          ],
          [
            112.7005613,
            -7.2905529
          ]
        ]
      },
      "properties": {
        "id": "osm:way:35343239",
        "name": "Way #35343239",
        "highway": "motorway_link",
        "restriction_type": "PROHIBITED_TOLL_ROAD",
        "metadata": {
          "destination": "Kota Satelit;Dukuh Kupang;Darmo",
          "destination:ref": "1",
          "highway": "motorway_link",
          "motorcycle": "no",
          "note": "Simpang Susun Kota Satelit",
          "oneway": "yes",
          "toll": "yes"
        }
      }
    },
    {
      "type": "Feature",
      "geometry": {
        "type": "LineString",
        "coordinates": [
          [
            112.7031009,
            -7.2872157
          ],
          [
            112.703573,
            -7.2869297
          ]
        ]
      },
      "properties": {
        "id": "osm:way:35343241",
        "name": "Jalan Tol Surabaya–Gempol",
        "highway": "motorway",
        "restriction_type": "PROHIBITED_TOLL_ROAD",
        "metadata": {
          "bridge": "yes",
          "highway": "motorway",
          "int_ref": "AH2",
          "layer": "1",
          "motorcycle": "no",
          "name": "Jalan Tol Surabaya–Gempol",
          "oneway": "yes",
          "operator": "PT Jasamarga Surabaya-Gempol",
          "ref": "8",
          "short_name": "Jalan Tol Surgem",
          "toll": "yes"
        }
      }
    },
    {
      "type": "Feature",
      "geometry": {
        "type": "LineString",
        "coordinates": [
          [
            112.703573,
            -7.2869297
          ],
          [
            112.7041309,
            -7.2865719
          ],
          [
            112.7045835,
            -7.2862632
          ],
          [
            112.7050381,
            -7.2859254
          ],
          [
            112.7050897,
            -7.2858881
          ],
          [
            112.7053352,
            -7.2856912
          ],
          [
            112.7056959,
            -7.2853866
          ],
          [
            112.7059306,
            -7.2851618
          ],
          [
            112.706176,
            -7.2849077
          ],
          [
            112.7065086,
            -7.2844953
          ],
          [
            112.7066548,
            -7.2843157
          ],
          [
            112.7068627,
            -7.2839978
          ],
          [
            112.7071068,
            -7.2835934
          ],
          [
            112.7072945,
            -7.2832209
          ],
          [
            112.7074313,
            -7.2829296
          ],
          [
            112.7076164,
            -7.2824666
          ],
          [
            112.7077465,
            -7.2820622
          ],
          [
            112.7079034,
            -7.2815527
          ],
          [
            112.7079215,
            -7.2814815
          ],
          [
            112.7080013,
            -7.2810938
          ],
          [
            112.7081381,
            -7.2804073
          ],
          [
            112.7082004,
            -7.2799491
          ],
          [
            112.7082668,
            -7.2792932
          ],
          [
            112.708358,
            -7.278092
          ],
          [
            112.7084109,
            -7.2770907
          ],
          [
            112.7085225,
            -7.2754475
          ],
          [
            112.7087934,
            -7.271332
          ],
          [
            112.7088996,
            -7.2696276
          ],
          [
            112.7089096,
            -7.2695167
          ]
        ]
      },
      "properties": {
        "id": "osm:way:35343242",
        "name": "Jalan Tol Surabaya–Gempol",
        "highway": "motorway",
        "restriction_type": "PROHIBITED_TOLL_ROAD",
        "metadata": {
          "highway": "motorway",
          "int_ref": "AH2",
          "lanes": "3",
          "motorcycle": "no",
          "name": "Jalan Tol Surabaya–Gempol",
          "oneway": "yes",
          "operator": "PT Jasamarga Surabaya-Gempol",
          "ref": "8",
          "short_name": "Jalan Tol Surgem",
          "toll": "yes"
        }
      }
    },
    {
      "type": "Feature",
      "geometry": {
        "type": "LineString",
        "coordinates": [
          [
            112.7131905,
            -7.2445462
          ],
          [
            112.7126892,
            -7.2445061
          ],
          [
            112.7125275,
            -7.2445199
          ],
          [
            112.7124036,
            -7.2445566
          ],
          [
            112.7122714,
            -7.2446025
          ],
          [
            112.712122,
            -7.2447122
          ],
          [
            112.7117416,
            -7.2450375
          ],
          [
            112.7115874,
            -7.2451505
          ],
          [
            112.7114023,
            -7.2452324
          ],
          [
            112.7113084,
            -7.2452729
          ],
          [
            112.7112106,
            -7.2452929
          ],
          [
            112.711067,
            -7.2452876
          ],
          [
            112.7109211,
            -7.2452588
          ],
          [
            112.7106529,
            -7.2451827
          ],
          [
            112.7105367,
            -7.2451658
          ],
          [
            112.7104182,
            -7.2451641
          ],
          [
            112.7103133,
            -7.2451991
          ],
          [
            112.7102288,
            -7.2452316
          ],
          [
            112.7101292,
            -7.2452975
          ],
          [
            112.7099496,
            -7.2455045
          ]
        ]
      },
      "properties": {
        "id": "osm:way:35601173",
        "name": "Simpang Susun Dupak",
        "highway": "motorway_link",
        "restriction_type": "PROHIBITED_TOLL_ROAD",
        "metadata": {
          "destination": "Banyu Urip;Kota Satelit;Malang",
          "destination:ref": "8",
          "highway": "motorway_link",
          "motorcycle": "no",
          "name": "Simpang Susun Dupak",
          "oneway": "yes",
          "toll": "yes"
        }
      }
    },
    {
      "type": "Feature",
      "geometry": {
        "type": "LineString",
        "coordinates": [
          [
            112.7126189,
            -7.2413653
          ],
          [
            112.712135,
            -7.2419175
          ],
          [
            112.7118388,
            -7.2423077
          ],
          [
            112.7107447,
            -7.2438403
          ],
          [
            112.7107071,
            -7.2438995
          ],
          [
            112.7104099,
            -7.2443682
          ],
          [
            112.7101438,
            -7.2448621
          ],
          [
            112.709955,
            -7.2452282
          ],
          [
            112.7097748,
            -7.2456369
          ],
          [
            112.7096289,
            -7.2461137
          ],
          [
            112.7094744,
            -7.2467353
          ],
          [
            112.70938,
            -7.2472376
          ],
          [
            112.7093319,
            -7.247774
          ]
        ]
      },
      "properties": {
        "id": "osm:way:35601174",
        "name": "Jalan Tol Surabaya–Gempol",
        "highway": "motorway",
        "restriction_type": "PROHIBITED_TOLL_ROAD",
        "metadata": {
          "highway": "motorway",
          "int_ref": "AH2",
          "lanes": "3",
          "motorcycle": "no",
          "name": "Jalan Tol Surabaya–Gempol",
          "oneway": "yes",
          "operator": "PT Jasamarga Surabaya-Gempol",
          "ref": "8",
          "short_name": "Jalan Tol Surgem",
          "toll": "yes"
        }
      }
    },
    {
      "type": "Feature",
      "geometry": {
        "type": "LineString",
        "coordinates": [
          [
            112.7113927,
            -7.2438089
          ],
          [
            112.7117899,
            -7.24386
          ],
          [
            112.7118999,
            -7.2438654
          ],
          [
            112.7120468,
            -7.2438428
          ],
          [
            112.7121453,
            -7.2437988
          ],
          [
            112.7122703,
            -7.2437155
          ],
          [
            112.7123435,
            -7.2436299
          ],
          [
            112.712384,
            -7.2435567
          ],
          [
            112.7124004,
            -7.2434617
          ],
          [
            112.7123918,
            -7.2432659
          ],
          [
            112.7123545,
            -7.2431589
          ],
          [
            112.712295,
            -7.2430796
          ],
          [
            112.7122445,
            -7.2430405
          ],
          [
            112.7122016,
            -7.2430086
          ],
          [
            112.71216,
            -7.2429767
          ],
          [
            112.7121225,
            -7.2429559
          ],
          [
            112.71203,
            -7.2429301
          ],
          [
            112.7119369,
            -7.2429253
          ],
          [
            112.7118328,
            -7.2429354
          ],
          [
            112.7117223,
            -7.2429679
          ],
          [
            112.7115378,
            -7.2430605
          ],
          [
            112.7113431,
            -7.2431837
          ]
        ]
      },
      "properties": {
        "id": "osm:way:35601175",
        "name": "Simpang Susun Dupak",
        "highway": "motorway_link",
        "restriction_type": "PROHIBITED_TOLL_ROAD",
        "metadata": {
          "destination": "Kota Malang",
          "destination:ref": "11",
          "highway": "motorway_link",
          "lanes": "3",
          "motorcycle": "no",
          "name": "Simpang Susun Dupak",
          "oneway": "yes",
          "toll": "yes"
        }
      }
    },
    {
      "type": "Feature",
      "geometry": {
        "type": "LineString",
        "coordinates": [
          [
            112.7104477,
            -7.2435029
          ],
          [
            112.7111036,
            -7.2437125
          ]
        ]
      },
      "properties": {
        "id": "osm:way:35601177",
        "name": "Jalan Tol Surabaya - Gresik",
        "highway": "motorway",
        "restriction_type": "PROHIBITED_TOLL_ROAD",
        "metadata": {
          "bridge": "yes",
          "highway": "motorway",
          "layer": "1",
          "motorcycle": "no",
          "name": "Jalan Tol Surabaya - Gresik",
          "oneway": "yes",
          "operator": "PT. Margabumi Matra Jaya",
          "ref": "8",
          "toll": "yes"
        }
      }
    },
    {
      "type": "Feature",
      "geometry": {
        "type": "LineString",
        "coordinates": [
          [
            112.7111036,
            -7.2437125
          ],
          [
            112.7113927,
            -7.2438089
          ],
          [
            112.7130325,
            -7.2443757
          ]
        ]
      },
      "properties": {
        "id": "osm:way:35601178",
        "name": "Jalan Tol Surabaya - Gresik",
        "highway": "motorway",
        "restriction_type": "PROHIBITED_TOLL_ROAD",
        "metadata": {
          "highway": "motorway",
          "motorcycle": "no",
          "name": "Jalan Tol Surabaya - Gresik",
          "oneway": "yes",
          "operator": "PT. Margabumi Matra Jaya",
          "ref": "8",
          "toll": "yes"
        }
      }
    },
    {
      "type": "Feature",
      "geometry": {
        "type": "LineString",
        "coordinates": [
          [
            112.7092389,
            -7.2472393
          ],
          [
            112.7093628,
            -7.2466161
          ],
          [
            112.7095173,
            -7.2460456
          ],
          [
            112.7096804,
            -7.2455858
          ],
          [
            112.7099035,
            -7.2450494
          ],
          [
            112.7101696,
            -7.2445385
          ],
          [
            112.7105043,
            -7.2439766
          ],
          [
            112.7122888,
            -7.2415464
          ],
          [
            112.7128432,
            -7.2408304
          ]
        ]
      },
      "properties": {
        "id": "osm:way:35601179",
        "name": "Jalan Tol Surabaya–Gempol",
        "highway": "motorway",
        "restriction_type": "PROHIBITED_TOLL_ROAD",
        "metadata": {
          "highway": "motorway",
          "int_ref": "AH2",
          "lanes": "3",
          "motorcycle": "no",
          "name": "Jalan Tol Surabaya–Gempol",
          "oneway": "yes",
          "operator": "PT Jasamarga Surabaya-Gempol",
          "ref": "8",
          "short_name": "Jalan Tol Surgem",
          "source": "Bing",
          "toll": "yes"
        }
      }
    },
    {
      "type": "Feature",
      "geometry": {
        "type": "LineString",
        "coordinates": [
          [
            112.7095414,
            -7.2455593
          ],
          [
            112.7096871,
            -7.2451505
          ],
          [
            112.7097571,
            -7.2449661
          ],
          [
            112.7099808,
            -7.2445385
          ],
          [
            112.7103192,
            -7.2439332
          ],
          [
            112.7107285,
            -7.2433407
          ]
        ]
      },
      "properties": {
        "id": "osm:way:35601180",
        "name": "Simpang Susun Dupak",
        "highway": "motorway_link",
        "restriction_type": "PROHIBITED_TOLL_ROAD",
        "metadata": {
          "destination": "Pasar Turi",
          "highway": "motorway_link",
          "lanes": "3",
          "motorcycle": "no",
          "name": "Simpang Susun Dupak",
          "oneway": "yes",
          "toll": "yes"
        }
      }
    },
    {
      "type": "Feature",
      "geometry": {
        "type": "LineString",
        "coordinates": [
          [
            112.7107285,
            -7.2433407
          ],
          [
            112.7109011,
            -7.2430014
          ],
          [
            112.7109496,
            -7.2428702
          ],
          [
            112.7109846,
            -7.242744
          ],
          [
            112.7109886,
            -7.2425669
          ],
          [
            112.7109549,
            -7.2424219
          ],
          [
            112.7108932,
            -7.2422783
          ],
          [
            112.7107967,
            -7.2421505
          ],
          [
            112.7106639,
            -7.2420653
          ],
          [
            112.7105043,
            -7.2420028
          ],
          [
            112.7103555,
            -7.2419816
          ],
          [
            112.7101731,
            -7.2420069
          ],
          [
            112.7100229,
            -7.2420601
          ],
          [
            112.7099284,
            -7.2421199
          ],
          [
            112.7098365,
            -7.2421944
          ],
          [
            112.709793,
            -7.2422569
          ],
          [
            112.709744,
            -7.2423315
          ],
          [
            112.7096889,
            -7.2424951
          ],
          [
            112.7096742,
            -7.2426388
          ],
          [
            112.7096876,
            -7.2427758
          ],
          [
            112.7097318,
            -7.2429142
          ],
          [
            112.709803,
            -7.2430446
          ],
          [
            112.7099532,
            -7.2431936
          ],
          [
            112.7100936,
            -7.2433153
          ],
          [
            112.7103828,
            -7.2434811
          ]
        ]
      },
      "properties": {
        "id": "osm:way:35601181",
        "name": "Simpang Susun Dupak",
        "highway": "motorway_link",
        "restriction_type": "PROHIBITED_TOLL_ROAD",
        "metadata": {
          "destination": "Pasar Turi",
          "destination:ref": "AH2",
          "highway": "motorway_link",
          "motorcycle": "no",
          "name": "Simpang Susun Dupak",
          "oneway": "yes",
          "toll": "yes"
        }
      }
    },
    {
      "type": "Feature",
      "geometry": {
        "type": "LineString",
        "coordinates": [
          [
            112.7110326,
            -7.243831
          ],
          [
            112.7104106,
            -7.2436285
          ]
        ]
      },
      "properties": {
        "id": "osm:way:35601182",
        "name": "Jalan Tol Surabaya - Gresik",
        "highway": "motorway",
        "restriction_type": "PROHIBITED_TOLL_ROAD",
        "metadata": {
          "bridge": "yes",
          "highway": "motorway",
          "layer": "1",
          "motorcycle": "no",
          "name": "Jalan Tol Surabaya - Gresik",
          "oneway": "yes",
          "operator": "PT. Margabumi Matra Jaya",
          "ref": "8",
          "toll": "yes"
        }
      }
    },
    {
      "type": "Feature",
      "geometry": {
        "type": "LineString",
        "coordinates": [
          [
            112.7100566,
            -7.2434965
          ],
          [
            112.7097616,
            -7.2434792
          ],
          [
            112.7095978,
            -7.2434819
          ],
          [
            112.7094564,
            -7.2435235
          ],
          [
            112.709337,
            -7.2435993
          ],
          [
            112.7092693,
            -7.2436791
          ],
          [
            112.7092255,
            -7.2437552
          ],
          [
            112.7091844,
            -7.2438898
          ],
          [
            112.7091748,
            -7.2439785
          ],
          [
            112.709186,
            -7.2440651
          ],
          [
            112.7092386,
            -7.2441876
          ],
          [
            112.7092919,
            -7.2442576
          ],
          [
            112.7093545,
            -7.2443084
          ],
          [
            112.7094386,
            -7.2443534
          ],
          [
            112.7095248,
            -7.2443776
          ],
          [
            112.7095924,
            -7.2443933
          ],
          [
            112.709675,
            -7.2443909
          ],
          [
            112.7097729,
            -7.2443757
          ],
          [
            112.709874,
            -7.24434
          ],
          [
            112.710027,
            -7.2442387
          ],
          [
            112.7101048,
            -7.2441562
          ],
          [
            112.7103192,
            -7.2439332
          ]
        ]
      },
      "properties": {
        "id": "osm:way:35601183",
        "name": "Simpang Susun Dupak",
        "highway": "motorway_link",
        "restriction_type": "PROHIBITED_TOLL_ROAD",
        "metadata": {
          "destination": "Tanjung Perak",
          "destination:ref": "8",
          "highway": "motorway_link",
          "motorcycle": "no",
          "name": "Simpang Susun Dupak",
          "oneway": "yes",
          "toll": "yes"
        }
      }
    },
    {
      "type": "Feature",
      "geometry": {
        "type": "LineString",
        "coordinates": [
          [
            112.7106524,
            -7.2441742
          ],
          [
            112.7105977,
            -7.2444611
          ],
          [
            112.7105982,
            -7.2446301
          ],
          [
            112.7106275,
            -7.2447424
          ],
          [
            112.7106813,
            -7.2448644
          ],
          [
            112.7107804,
            -7.2449746
          ],
          [
            112.7109351,
            -7.2450691
          ],
          [
            112.7110509,
            -7.2450981
          ],
          [
            112.711187,
            -7.2451029
          ],
          [
            112.7113658,
            -7.2450592
          ],
          [
            112.711507,
            -7.2449784
          ],
          [
            112.7116223,
            -7.2448379
          ],
          [
            112.7116947,
            -7.2446574
          ],
          [
            112.7116934,
            -7.2444523
          ],
          [
            112.711637,
            -7.244298
          ],
          [
            112.7115257,
            -7.2441496
          ],
          [
            112.7113379,
            -7.244008
          ],
          [
            112.7110326,
            -7.243831
          ]
        ]
      },
      "properties": {
        "id": "osm:way:35601184",
        "name": "Simpang Susun Dupak",
        "highway": "motorway_link",
        "restriction_type": "PROHIBITED_TOLL_ROAD",
        "metadata": {
          "destination": "Gresik",
          "highway": "motorway_link",
          "motorcycle": "no",
          "name": "Simpang Susun Dupak",
          "oneway": "yes",
          "toll": "yes"
        }
      }
    },
    {
      "type": "Feature",
      "geometry": {
        "type": "LineString",
        "coordinates": [
          [
            112.7095414,
            -7.2455593
          ],
          [
            112.709557,
            -7.2453727
          ],
          [
            112.7095564,
            -7.2451906
          ],
          [
            112.7095301,
            -7.2450183
          ],
          [
            112.7094524,
            -7.2447772
          ],
          [
            112.7091316,
            -7.2442341
          ],
          [
            112.7087143,
            -7.2435722
          ],
          [
            112.708556,
            -7.243321
          ],
          [
            112.70835,
            -7.2431422
          ],
          [
            112.708144,
            -7.2430315
          ],
          [
            112.7079498,
            -7.2429396
          ],
          [
            112.7078613,
            -7.2429165
          ]
        ]
      },
      "properties": {
        "id": "osm:way:35601185",
        "name": "Simpang Susun Dupak",
        "highway": "motorway_link",
        "restriction_type": "PROHIBITED_TOLL_ROAD",
        "metadata": {
          "destination": "Gresik",
          "highway": "motorway_link",
          "motorcycle": "no",
          "name": "Simpang Susun Dupak",
          "oneway": "yes",
          "toll": "yes"
        }
      }
    },
    {
      "type": "Feature",
      "geometry": {
        "type": "LineString",
        "coordinates": [
          [
            112.707283,
            -7.2427478
          ],
          [
            112.7079197,
            -7.2427066
          ],
          [
            112.7083599,
            -7.2426547
          ],
          [
            112.7087381,
            -7.2425876
          ],
          [
            112.7089859,
            -7.2424866
          ],
          [
            112.7091211,
            -7.2424219
          ],
          [
            112.7092488,
            -7.2423263
          ],
          [
            112.7095194,
            -7.2421532
          ],
          [
            112.7096763,
            -7.2420361
          ],
          [
            112.7098303,
            -7.2419368
          ],
          [
            112.7100674,
            -7.2418416
          ],
          [
            112.7102691,
            -7.2418085
          ],
          [
            112.7105324,
            -7.2418192
          ],
          [
            112.7107261,
            -7.2418969
          ],
          [
            112.7109326,
            -7.241998
          ],
          [
            112.7112175,
            -7.2421523
          ],
          [
            112.7113554,
            -7.242172
          ],
          [
            112.711439,
            -7.2421677
          ],
          [
            112.7115691,
            -7.2421156
          ],
          [
            112.711685,
            -7.2420432
          ],
          [
            112.7117712,
            -7.24196
          ],
          [
            112.7120796,
            -7.2416228
          ]
        ]
      },
      "properties": {
        "id": "osm:way:35601186",
        "name": "Simpang Susun Dupak",
        "highway": "motorway_link",
        "restriction_type": "PROHIBITED_TOLL_ROAD",
        "metadata": {
          "destination": "Tanjung Perak, Kota Surabaya",
          "destination:ref": "11",
          "highway": "motorway_link",
          "motorcycle": "no",
          "name": "Simpang Susun Dupak",
          "oneway": "yes",
          "toll": "yes"
        }
      }
    },
    {
      "type": "Feature",
      "geometry": {
        "type": "LineString",
        "coordinates": [
          [
            112.7100589,
            -7.3495245
          ],
          [
            112.7102449,
            -7.3486983
          ],
          [
            112.7103831,
            -7.3481048
          ]
        ]
      },
      "properties": {
        "id": "osm:way:35603358",
        "name": "Jalan Tol Surabaya–Gempol",
        "highway": "motorway",
        "restriction_type": "PROHIBITED_TOLL_ROAD",
        "metadata": {
          "highway": "motorway",
          "int_ref": "AH2",
          "motorcycle": "no",
          "name": "Jalan Tol Surabaya–Gempol",
          "oneway": "yes",
          "operator": "PT Jasamarga Surabaya-Gempol",
          "ref": "8",
          "short_name": "Jalan Tol Surgem",
          "toll": "yes"
        }
      }
    },
    {
      "type": "Feature",
      "geometry": {
        "type": "LineString",
        "coordinates": [
          [
            112.7097661,
            -7.3511833
          ],
          [
            112.7099993,
            -7.3498208
          ]
        ]
      },
      "properties": {
        "id": "osm:way:35603359",
        "name": "Jalan Tol Surabaya–Gempol",
        "highway": "motorway",
        "restriction_type": "PROHIBITED_TOLL_ROAD",
        "metadata": {
          "bridge": "yes",
          "highway": "motorway",
          "int_ref": "AH2",
          "layer": "1",
          "maxspeed": "100",
          "motorcycle": "no",
          "name": "Jalan Tol Surabaya–Gempol",
          "oneway": "yes",
          "operator": "PT Jasamarga Surabaya-Gempol",
          "ref": "8",
          "short_name": "Jalan Tol Surgem",
          "toll": "yes"
        }
      }
    },
    {
      "type": "Feature",
      "geometry": {
        "type": "LineString",
        "coordinates": [
          [
            112.7101216,
            -7.3498711
          ],
          [
            112.7098694,
            -7.3512184
          ]
        ]
      },
      "properties": {
        "id": "osm:way:35603361",
        "name": "Jalan Tol Surabaya–Gempol",
        "highway": "motorway",
        "restriction_type": "PROHIBITED_TOLL_ROAD",
        "metadata": {
          "bridge": "yes",
          "highway": "motorway",
          "int_ref": "AH2",
          "layer": "1",
          "maxspeed": "100",
          "name": "Jalan Tol Surabaya–Gempol",
          "oneway": "yes",
          "operator": "PT Jasamarga Surabaya-Gempol",
          "ref": "8",
          "short_name": "Jalan Tol Surgem",
          "toll": "yes"
        }
      }
    },
    {
      "type": "Feature",
      "geometry": {
        "type": "LineString",
        "coordinates": [
          [
            112.7110038,
            -7.3451757
          ],
          [
            112.7107806,
            -7.3451076
          ],
          [
            112.7106089,
            -7.3450735
          ],
          [
            112.7104373,
            -7.3450565
          ],
          [
            112.7102828,
            -7.3450905
          ],
          [
            112.7101283,
            -7.3451586
          ],
          [
            112.7100081,
            -7.3452608
          ],
          [
            112.7099395,
            -7.345397
          ],
          [
            112.7099309,
            -7.3455417
          ],
          [
            112.7099566,
            -7.3456864
          ],
          [
            112.7100253,
            -7.3458226
          ],
          [
            112.7101455,
            -7.3459248
          ],
          [
            112.7102656,
            -7.3459929
          ],
          [
            112.7103921,
            -7.3460081
          ],
          [
            112.7105542,
            -7.3459688
          ],
          [
            112.7107025,
            -7.3458728
          ],
          [
            112.7108077,
            -7.3457393
          ],
          [
            112.7108987,
            -7.3455616
          ],
          [
            112.7110241,
            -7.3452551
          ],
          [
            112.7112088,
            -7.344829
          ]
        ]
      },
      "properties": {
        "id": "osm:way:35603364",
        "name": "Way #35603364",
        "highway": "motorway_link",
        "restriction_type": "PROHIBITED_TOLL_ROAD",
        "metadata": {
          "destination": "Gunung Sari;Kota Satelit;Gresik",
          "destination:ref": "8",
          "highway": "motorway_link",
          "motorcycle": "no",
          "oneway": "yes",
          "toll": "yes"
        }
      }
    },
    {
      "type": "Feature",
      "geometry": {
        "type": "LineString",
        "coordinates": [
          [
            112.7113814,
            -7.3452863
          ],
          [
            112.7110038,
            -7.3451757
          ]
        ]
      },
      "properties": {
        "id": "osm:way:35603365",
        "name": "Way #35603365",
        "highway": "motorway_link",
        "restriction_type": "PROHIBITED_TOLL_ROAD",
        "metadata": {
          "bridge": "yes",
          "destination": "Gunung Sari;Kota Satelit;Gresik",
          "destination:ref": "8",
          "highway": "motorway_link",
          "layer": "1",
          "motorcycle": "no",
          "oneway": "yes",
          "toll": "yes"
        }
      }
    },
    {
      "type": "Feature",
      "geometry": {
        "type": "LineString",
        "coordinates": [
          [
            112.7092286,
            -7.2526791
          ],
          [
            112.7092349,
            -7.2506712
          ],
          [
            112.7091829,
            -7.2490945
          ]
        ]
      },
      "properties": {
        "id": "osm:way:35967657",
        "name": "Jalan Tol Surabaya–Gempol",
        "highway": "motorway",
        "restriction_type": "PROHIBITED_TOLL_ROAD",
        "metadata": {
          "bridge": "yes",
          "highway": "motorway",
          "int_ref": "AH2",
          "lanes": "3",
          "layer": "1",
          "motorcycle": "no",
          "name": "Jalan Tol Surabaya–Gempol",
          "oneway": "yes",
          "operator": "PT Jasamarga Surabaya-Gempol",
          "ref": "8",
          "short_name": "Jalan Tol Surgem",
          "toll": "yes"
        }
      }
    },
    {
      "type": "Feature",
      "geometry": {
        "type": "LineString",
        "coordinates": [
          [
            112.7294977,
            -7.2198746
          ],
          [
            112.7292203,
            -7.2198617
          ],
          [
            112.7290553,
            -7.2198776
          ],
          [
            112.728893,
            -7.2199231
          ],
          [
            112.7284423,
            -7.2200755
          ],
          [
            112.7278849,
            -7.2202702
          ],
          [
            112.7273639,
            -7.2204098
          ],
          [
            112.7270731,
            -7.2204644
          ],
          [
            112.7267198,
            -7.2204991
          ],
          [
            112.7257332,
            -7.2205287
          ],
          [
            112.7251156,
            -7.2205713
          ],
          [
            112.7248067,
            -7.2206107
          ],
          [
            112.7245383,
            -7.2206623
          ],
          [
            112.7242539,
            -7.2207455
          ],
          [
            112.7239,
            -7.2208981
          ],
          [
            112.7236459,
            -7.221045
          ],
          [
            112.7234213,
            -7.2212134
          ],
          [
            112.7232258,
            -7.2213922
          ],
          [
            112.723086,
            -7.2215301
          ],
          [
            112.7229619,
            -7.221691
          ],
          [
            112.7227455,
            -7.2220384
          ],
          [
            112.7225828,
            -7.2224013
          ],
          [
            112.7225147,
            -7.2226004
          ],
          [
            112.7224812,
            -7.2226982
          ],
          [
            112.722451,
            -7.2228008
          ],
          [
            112.7224421,
            -7.2228878
          ],
          [
            112.7224845,
            -7.2230829
          ],
          [
            112.7225706,
            -7.2233243
          ]
        ]
      },
      "properties": {
        "id": "osm:way:36001126",
        "name": "Jalan Laksda. Mohammad Nazir",
        "highway": "motorway_link",
        "restriction_type": "PROHIBITED_TOLL_ROAD",
        "metadata": {
          "highway": "motorway_link",
          "name": "Jalan Laksda. Mohammad Nazir",
          "oneway": "yes"
        }
      }
    },
    {
      "type": "Feature",
      "geometry": {
        "type": "LineString",
        "coordinates": [
          [
            112.7220632,
            -7.2231635
          ],
          [
            112.7222169,
            -7.22315
          ],
          [
            112.7224014,
            -7.223194
          ],
          [
            112.7225706,
            -7.2233243
          ],
          [
            112.7225987,
            -7.2233642
          ],
          [
            112.72266,
            -7.2234858
          ],
          [
            112.7226922,
            -7.2236357
          ],
          [
            112.7226848,
            -7.2237502
          ],
          [
            112.7224609,
            -7.2242828
          ],
          [
            112.7223428,
            -7.2244138
          ],
          [
            112.7221429,
            -7.224438
          ],
          [
            112.7220305,
            -7.2244318
          ],
          [
            112.7219622,
            -7.2244092
          ],
          [
            112.7219194,
            -7.2243866
          ],
          [
            112.7218082,
            -7.2243021
          ],
          [
            112.7217337,
            -7.2241647
          ],
          [
            112.7217087,
            -7.224026
          ],
          [
            112.7216993,
            -7.2239089
          ],
          [
            112.7216875,
            -7.223668
          ],
          [
            112.7216985,
            -7.2235218
          ],
          [
            112.7217881,
            -7.2233305
          ],
          [
            112.7219015,
            -7.2232274
          ],
          [
            112.7219774,
            -7.2231954
          ],
          [
            112.7220632,
            -7.2231635
          ]
        ]
      },
      "properties": {
        "id": "osm:way:36001134",
        "name": "Way #36001134",
        "highway": "motorway_link",
        "restriction_type": "PROHIBITED_TOLL_ROAD",
        "metadata": {
          "highway": "motorway_link",
          "junction": "roundabout",
          "oneway": "yes",
          "source": "Bing"
        }
      }
    },
    {
      "type": "Feature",
      "geometry": {
        "type": "LineString",
        "coordinates": [
          [
            112.7223428,
            -7.2244138
          ],
          [
            112.7221256,
            -7.2247053
          ],
          [
            112.7220738,
            -7.2248181
          ],
          [
            112.7220346,
            -7.2249321
          ],
          [
            112.7220011,
            -7.2250292
          ],
          [
            112.721987,
            -7.2250837
          ],
          [
            112.7219753,
            -7.2251544
          ],
          [
            112.7216822,
            -7.2266887
          ],
          [
            112.7214161,
            -7.2279404
          ],
          [
            112.7212032,
            -7.2287577
          ]
        ]
      },
      "properties": {
        "id": "osm:way:36001135",
        "name": "Jalan Tol Surabaya–Gempol",
        "highway": "motorway",
        "restriction_type": "PROHIBITED_TOLL_ROAD",
        "metadata": {
          "highway": "motorway",
          "int_ref": "AH2",
          "motorcycle": "no",
          "name": "Jalan Tol Surabaya–Gempol",
          "oneway": "yes",
          "operator": "PT Jasamarga Surabaya-Gempol",
          "ref": "8",
          "short_name": "Jalan Tol Surgem",
          "toll": "yes"
        }
      }
    },
    {
      "type": "Feature",
      "geometry": {
        "type": "LineString",
        "coordinates": [
          [
            112.7193564,
            -7.2323107
          ],
          [
            112.7176586,
            -7.2345884
          ],
          [
            112.7172536,
            -7.2351685
          ],
          [
            112.7163574,
            -7.2363657
          ]
        ]
      },
      "properties": {
        "id": "osm:way:36001137",
        "name": "Jalan Tol Surabaya–Gempol",
        "highway": "motorway",
        "restriction_type": "PROHIBITED_TOLL_ROAD",
        "metadata": {
          "bridge": "yes",
          "highway": "motorway",
          "int_ref": "AH2",
          "lanes": "3",
          "layer": "1",
          "motorcycle": "no",
          "name": "Jalan Tol Surabaya–Gempol",
          "oneway": "yes",
          "operator": "PT Jasamarga Surabaya-Gempol",
          "ref": "8",
          "short_name": "Jalan Tol Surgem",
          "smoothness": "good",
          "surface": "asphalt",
          "toll": "yes",
          "width": "10"
        }
      }
    },
    {
      "type": "Feature",
      "geometry": {
        "type": "LineString",
        "coordinates": [
          [
            112.7081502,
            -7.3085713
          ],
          [
            112.7090562,
            -7.3088182
          ]
        ]
      },
      "properties": {
        "id": "osm:way:36001500",
        "name": "Jalan Tol Surabaya–Gempol",
        "highway": "motorway",
        "restriction_type": "PROHIBITED_TOLL_ROAD",
        "metadata": {
          "bridge": "yes",
          "highway": "motorway",
          "int_ref": "AH2",
          "layer": "1",
          "motorcycle": "no",
          "name": "Jalan Tol Surabaya–Gempol",
          "oneway": "yes",
          "operator": "PT Jasamarga Surabaya-Gempol",
          "ref": "8",
          "short_name": "Jalan Tol Surgem",
          "toll": "yes"
        }
      }
    },
    {
      "type": "Feature",
      "geometry": {
        "type": "LineString",
        "coordinates": [
          [
            112.7090562,
            -7.3088182
          ],
          [
            112.7097702,
            -7.3090596
          ],
          [
            112.7103396,
            -7.309282
          ],
          [
            112.7108289,
            -7.3094778
          ]
        ]
      },
      "properties": {
        "id": "osm:way:36001501",
        "name": "Jalan Tol Surabaya–Gempol",
        "highway": "motorway",
        "restriction_type": "PROHIBITED_TOLL_ROAD",
        "metadata": {
          "highway": "motorway",
          "int_ref": "AH2",
          "lanes": "3",
          "motorcycle": "no",
          "name": "Jalan Tol Surabaya–Gempol",
          "oneway": "yes",
          "operator": "PT Jasamarga Surabaya-Gempol",
          "ref": "8",
          "short_name": "Jalan Tol Surgem",
          "surface": "asphalt",
          "toll": "yes"
        }
      }
    },
    {
      "type": "Feature",
      "geometry": {
        "type": "LineString",
        "coordinates": [
          [
            112.7108289,
            -7.3094778
          ],
          [
            112.7113095,
            -7.3096991
          ],
          [
            112.7118331,
            -7.3100056
          ],
          [
            112.7124253,
            -7.3103972
          ],
          [
            112.712956,
            -7.3108175
          ]
        ]
      },
      "properties": {
        "id": "osm:way:36001502",
        "name": "Jalan Tol Surabaya–Gempol",
        "highway": "motorway",
        "restriction_type": "PROHIBITED_TOLL_ROAD",
        "metadata": {
          "bridge": "yes",
          "highway": "motorway",
          "int_ref": "AH2",
          "layer": "1",
          "maxspeed": "100",
          "motorcycle": "no",
          "name": "Jalan Tol Surabaya–Gempol",
          "oneway": "yes",
          "operator": "PT Jasamarga Surabaya-Gempol",
          "ref": "8",
          "short_name": "Jalan Tol Surgem",
          "toll": "yes"
        }
      }
    },
    {
      "type": "Feature",
      "geometry": {
        "type": "LineString",
        "coordinates": [
          [
            112.7055723,
            -7.3078992
          ],
          [
            112.7061883,
            -7.3080359
          ],
          [
            112.7065001,
            -7.3080502
          ],
          [
            112.7066915,
            -7.3080311
          ],
          [
            112.7069107,
            -7.3079183
          ],
          [
            112.7072917,
            -7.3076526
          ]
        ]
      },
      "properties": {
        "id": "osm:way:36001503",
        "name": "Way #36001503",
        "highway": "motorway_link",
        "restriction_type": "PROHIBITED_TOLL_ROAD",
        "metadata": {
          "destination": "Gunung Sari;Wonokromo;Karang Pilang",
          "destination:ref": "1",
          "highway": "motorway_link",
          "motorcycle": "no",
          "oneway": "yes",
          "toll": "yes"
        }
      }
    },
    {
      "type": "Feature",
      "geometry": {
        "type": "LineString",
        "coordinates": [
          [
            112.7093011,
            -7.3077921
          ],
          [
            112.7095757,
            -7.3079028
          ],
          [
            112.7098332,
            -7.3080135
          ]
        ]
      },
      "properties": {
        "id": "osm:way:36001504",
        "name": "Way #36001504",
        "highway": "motorway_link",
        "restriction_type": "PROHIBITED_TOLL_ROAD",
        "metadata": {
          "bridge": "yes",
          "destination": "Gunung Sari;Wonokromo;Karang Pilang",
          "destination:ref": "1",
          "highway": "motorway_link",
          "layer": "1",
          "motorcycle": "no",
          "oneway": "yes",
          "toll": "yes"
        }
      }
    },
    {
      "type": "Feature",
      "geometry": {
        "type": "LineString",
        "coordinates": [
          [
            112.7113992,
            -7.3089803
          ],
          [
            112.7114766,
            -7.309045
          ],
          [
            112.7115304,
            -7.309096
          ]
        ]
      },
      "properties": {
        "id": "osm:way:36001505",
        "name": "Way #36001505",
        "highway": "motorway_link",
        "restriction_type": "PROHIBITED_TOLL_ROAD",
        "metadata": {
          "destination": "Karang Pilang",
          "highway": "motorway_link",
          "motorcycle": "no",
          "oneway": "yes",
          "toll": "yes"
        }
      }
    },
    {
      "type": "Feature",
      "geometry": {
        "type": "LineString",
        "coordinates": [
          [
            112.7097302,
            -7.3080731
          ],
          [
            112.7094899,
            -7.3079624
          ],
          [
            112.7092238,
            -7.3078687
          ]
        ]
      },
      "properties": {
        "id": "osm:way:36001509",
        "name": "Way #36001509",
        "highway": "motorway_link",
        "restriction_type": "PROHIBITED_TOLL_ROAD",
        "metadata": {
          "bridge": "yes",
          "destination": "Jambangan;Waru;Malang",
          "destination:ref": "8",
          "highway": "motorway_link",
          "layer": "1",
          "motorcycle": "no",
          "oneway": "yes",
          "toll": "yes"
        }
      }
    },
    {
      "type": "Feature",
      "geometry": {
        "type": "LineString",
        "coordinates": [
          [
            112.7073798,
            -7.3077304
          ],
          [
            112.707338,
            -7.3077852
          ],
          [
            112.7073158,
            -7.3078798
          ],
          [
            112.7073133,
            -7.3079848
          ],
          [
            112.7073356,
            -7.308039
          ],
          [
            112.7074128,
            -7.3081752
          ],
          [
            112.7075416,
            -7.3083029
          ],
          [
            112.7078133,
            -7.3084541
          ],
          [
            112.7079387,
            -7.3085096
          ]
        ]
      },
      "properties": {
        "id": "osm:way:36001510",
        "name": "Way #36001510",
        "highway": "motorway_link",
        "restriction_type": "PROHIBITED_TOLL_ROAD",
        "metadata": {
          "destination": "Jambangan;Waru;Malang",
          "destination:ref": "8",
          "highway": "motorway_link",
          "motorcycle": "no",
          "oneway": "yes",
          "toll": "yes"
        }
      }
    },
    {
      "type": "Feature",
      "geometry": {
        "type": "LineString",
        "coordinates": [
          [
            112.712956,
            -7.3108175
          ],
          [
            112.7132772,
            -7.3111068
          ],
          [
            112.7137727,
            -7.311573
          ],
          [
            112.7144493,
            -7.3123079
          ],
          [
            112.7152513,
            -7.313261
          ],
          [
            112.716003,
            -7.314266
          ],
          [
            112.7161726,
            -7.3144991
          ],
          [
            112.716286,
            -7.3146724
          ],
          [
            112.7164697,
            -7.314971
          ],
          [
            112.7165998,
            -7.3152031
          ],
          [
            112.7167466,
            -7.3154991
          ],
          [
            112.7169485,
            -7.3160019
          ],
          [
            112.7170712,
            -7.3163883
          ],
          [
            112.7171181,
            -7.3165865
          ],
          [
            112.7171429,
            -7.3167308
          ],
          [
            112.7171892,
            -7.31706
          ],
          [
            112.717222,
            -7.3176354
          ],
          [
            112.717216,
            -7.3182146
          ],
          [
            112.7171899,
            -7.3185339
          ],
          [
            112.7171376,
            -7.3189057
          ],
          [
            112.7170792,
            -7.3192701
          ],
          [
            112.7169727,
            -7.319782
          ],
          [
            112.7160093,
            -7.3238332
          ]
        ]
      },
      "properties": {
        "id": "osm:way:36001528",
        "name": "Jalan Tol Surabaya–Gempol",
        "highway": "motorway",
        "restriction_type": "PROHIBITED_TOLL_ROAD",
        "metadata": {
          "highway": "motorway",
          "int_ref": "AH2",
          "lanes": "3",
          "motorcycle": "no",
          "name": "Jalan Tol Surabaya–Gempol",
          "oneway": "yes",
          "operator": "PT Jasamarga Surabaya-Gempol",
          "ref": "8",
          "short_name": "Jalan Tol Surgem",
          "surface": "asphalt",
          "toll": "yes"
        }
      }
    },
    {
      "type": "Feature",
      "geometry": {
        "type": "LineString",
        "coordinates": [
          [
            112.7160093,
            -7.3238332
          ],
          [
            112.7159411,
            -7.3241497
          ]
        ]
      },
      "properties": {
        "id": "osm:way:36001883",
        "name": "Jalan Tol Surabaya–Gempol",
        "highway": "motorway",
        "restriction_type": "PROHIBITED_TOLL_ROAD",
        "metadata": {
          "bridge": "yes",
          "highway": "motorway",
          "int_ref": "AH2",
          "layer": "1",
          "motorcycle": "no",
          "name": "Jalan Tol Surabaya–Gempol",
          "oneway": "yes",
          "operator": "PT Jasamarga Surabaya-Gempol",
          "ref": "8",
          "short_name": "Jalan Tol Surgem",
          "toll": "yes"
        }
      }
    },
    {
      "type": "Feature",
      "geometry": {
        "type": "LineString",
        "coordinates": [
          [
            112.7159411,
            -7.3241497
          ],
          [
            112.7151633,
            -7.3281045
          ],
          [
            112.7149831,
            -7.3291101
          ],
          [
            112.7144088,
            -7.3327104
          ]
        ]
      },
      "properties": {
        "id": "osm:way:36001884",
        "name": "Jalan Tol Surabaya–Gempol",
        "highway": "motorway",
        "restriction_type": "PROHIBITED_TOLL_ROAD",
        "metadata": {
          "highway": "motorway",
          "int_ref": "AH2",
          "lanes": "3",
          "maxspeed": "80",
          "motorcycle": "no",
          "name": "Jalan Tol Surabaya–Gempol",
          "oneway": "yes",
          "operator": "PT Jasamarga Surabaya-Gempol",
          "ref": "8",
          "short_name": "Jalan Tol Surgem",
          "surface": "asphalt",
          "toll": "yes"
        }
      }
    },
    {
      "type": "Feature",
      "geometry": {
        "type": "LineString",
        "coordinates": [
          [
            112.7144088,
            -7.3327104
          ],
          [
            112.714228,
            -7.3339472
          ]
        ]
      },
      "properties": {
        "id": "osm:way:36001886",
        "name": "Jalan Tol Surabaya–Gempol",
        "highway": "motorway",
        "restriction_type": "PROHIBITED_TOLL_ROAD",
        "metadata": {
          "bridge": "yes",
          "highway": "motorway",
          "int_ref": "AH2",
          "layer": "1",
          "motorcycle": "no",
          "name": "Jalan Tol Surabaya–Gempol",
          "oneway": "yes",
          "operator": "PT Jasamarga Surabaya-Gempol",
          "ref": "8",
          "short_name": "Jalan Tol Surgem",
          "toll": "yes"
        }
      }
    },
    {
      "type": "Feature",
      "geometry": {
        "type": "LineString",
        "coordinates": [
          [
            112.7141072,
            -7.3339413
          ],
          [
            112.714282,
            -7.3327113
          ]
        ]
      },
      "properties": {
        "id": "osm:way:36015844",
        "name": "Jalan Tol Surabaya–Gempol",
        "highway": "motorway",
        "restriction_type": "PROHIBITED_TOLL_ROAD",
        "metadata": {
          "bridge": "yes",
          "highway": "motorway",
          "int_ref": "AH2",
          "layer": "1",
          "motorcycle": "no",
          "name": "Jalan Tol Surabaya–Gempol",
          "oneway": "yes",
          "operator": "PT Jasamarga Surabaya-Gempol",
          "ref": "8",
          "short_name": "Jalan Tol Surgem",
          "toll": "yes"
        }
      }
    },
    {
      "type": "Feature",
      "geometry": {
        "type": "LineString",
        "coordinates": [
          [
            112.714282,
            -7.3327113
          ],
          [
            112.7148558,
            -7.328927
          ],
          [
            112.7149777,
            -7.328278
          ],
          [
            112.7158243,
            -7.3241329
          ]
        ]
      },
      "properties": {
        "id": "osm:way:36015848",
        "name": "Jalan Tol Surabaya–Gempol",
        "highway": "motorway",
        "restriction_type": "PROHIBITED_TOLL_ROAD",
        "metadata": {
          "highway": "motorway",
          "int_ref": "AH2",
          "lanes": "3",
          "maxspeed": "80",
          "motorcycle": "no",
          "name": "Jalan Tol Surabaya–Gempol",
          "oneway": "yes",
          "operator": "PT Jasamarga Surabaya-Gempol",
          "ref": "8",
          "short_name": "Jalan Tol Surgem",
          "surface": "asphalt",
          "toll": "yes"
        }
      }
    },
    {
      "type": "Feature",
      "geometry": {
        "type": "LineString",
        "coordinates": [
          [
            112.7158243,
            -7.3241329
          ],
          [
            112.7159004,
            -7.3238147
          ]
        ]
      },
      "properties": {
        "id": "osm:way:36015850",
        "name": "Jalan Tol Surabaya–Gempol",
        "highway": "motorway",
        "restriction_type": "PROHIBITED_TOLL_ROAD",
        "metadata": {
          "bridge": "yes",
          "highway": "motorway",
          "int_ref": "AH2",
          "layer": "1",
          "motorcycle": "no",
          "name": "Jalan Tol Surabaya–Gempol",
          "oneway": "yes",
          "operator": "PT Jasamarga Surabaya-Gempol",
          "ref": "8",
          "short_name": "Jalan Tol Surgem",
          "toll": "yes"
        }
      }
    },
    {
      "type": "Feature",
      "geometry": {
        "type": "LineString",
        "coordinates": [
          [
            112.7159004,
            -7.3238147
          ],
          [
            112.716803,
            -7.320039
          ],
          [
            112.7168998,
            -7.319615
          ],
          [
            112.7170383,
            -7.3188984
          ],
          [
            112.7171114,
            -7.3182492
          ],
          [
            112.7171221,
            -7.3177737
          ],
          [
            112.7171154,
            -7.3175589
          ],
          [
            112.717094,
            -7.3171146
          ],
          [
            112.7170474,
            -7.3167631
          ],
          [
            112.7170007,
            -7.3165307
          ],
          [
            112.7168472,
            -7.3160178
          ],
          [
            112.7167097,
            -7.315664
          ],
          [
            112.716623,
            -7.315458
          ],
          [
            112.7162625,
            -7.3148195
          ],
          [
            112.7158669,
            -7.3142341
          ],
          [
            112.7145378,
            -7.3125873
          ],
          [
            112.7135588,
            -7.3115131
          ],
          [
            112.7129511,
            -7.3109424
          ]
        ]
      },
      "properties": {
        "id": "osm:way:36015857",
        "name": "Jalan Tol Surabaya–Gempol",
        "highway": "motorway",
        "restriction_type": "PROHIBITED_TOLL_ROAD",
        "metadata": {
          "highway": "motorway",
          "int_ref": "AH2",
          "lanes": "3",
          "motorcycle": "no",
          "name": "Jalan Tol Surabaya–Gempol",
          "oneway": "yes",
          "operator": "PT Jasamarga Surabaya-Gempol",
          "ref": "8",
          "short_name": "Jalan Tol Surgem",
          "surface": "asphalt",
          "toll": "yes"
        }
      }
    },
    {
      "type": "Feature",
      "geometry": {
        "type": "LineString",
        "coordinates": [
          [
            112.7129511,
            -7.3109424
          ],
          [
            112.7123787,
            -7.31049
          ],
          [
            112.7117865,
            -7.3100729
          ],
          [
            112.7112629,
            -7.3097749
          ],
          [
            112.7107908,
            -7.3095621
          ]
        ]
      },
      "properties": {
        "id": "osm:way:36015862",
        "name": "Jalan Tol Surabaya–Gempol",
        "highway": "motorway",
        "restriction_type": "PROHIBITED_TOLL_ROAD",
        "metadata": {
          "bridge": "yes",
          "highway": "motorway",
          "int_ref": "AH2",
          "layer": "1",
          "motorcycle": "no",
          "name": "Jalan Tol Surabaya–Gempol",
          "oneway": "yes",
          "operator": "PT Jasamarga Surabaya-Gempol",
          "ref": "8",
          "short_name": "Jalan Tol Surgem",
          "toll": "yes"
        }
      }
    },
    {
      "type": "Feature",
      "geometry": {
        "type": "LineString",
        "coordinates": [
          [
            112.7107908,
            -7.3095621
          ],
          [
            112.7103102,
            -7.3093577
          ],
          [
            112.7097008,
            -7.3091449
          ],
          [
            112.7090034,
            -7.3089401
          ]
        ]
      },
      "properties": {
        "id": "osm:way:36015867",
        "name": "Jalan Tol Surabaya–Gempol",
        "highway": "motorway",
        "restriction_type": "PROHIBITED_TOLL_ROAD",
        "metadata": {
          "highway": "motorway",
          "int_ref": "AH2",
          "lanes": "3",
          "motorcycle": "no",
          "name": "Jalan Tol Surabaya–Gempol",
          "oneway": "yes",
          "operator": "PT Jasamarga Surabaya-Gempol",
          "ref": "8",
          "short_name": "Jalan Tol Surgem",
          "surface": "asphalt",
          "toll": "yes"
        }
      }
    },
    {
      "type": "Feature",
      "geometry": {
        "type": "LineString",
        "coordinates": [
          [
            112.7090034,
            -7.3089401
          ],
          [
            112.708113,
            -7.3086921
          ]
        ]
      },
      "properties": {
        "id": "osm:way:36015869",
        "name": "Jalan Tol Surabaya–Gempol",
        "highway": "motorway",
        "restriction_type": "PROHIBITED_TOLL_ROAD",
        "metadata": {
          "bridge": "yes",
          "highway": "motorway",
          "int_ref": "AH2",
          "layer": "1",
          "motorcycle": "no",
          "name": "Jalan Tol Surabaya–Gempol",
          "oneway": "yes",
          "operator": "PT Jasamarga Surabaya-Gempol",
          "ref": "8",
          "short_name": "Jalan Tol Surgem",
          "toll": "yes"
        }
      }
    },
    {
      "type": "Feature",
      "geometry": {
        "type": "LineString",
        "coordinates": [
          [
            112.707985,
            -7.3086564
          ],
          [
            112.7053191,
            -7.3079845
          ],
          [
            112.7040598,
            -7.3076416
          ],
          [
            112.7034871,
            -7.3074806
          ],
          [
            112.7029053,
            -7.3073157
          ],
          [
            112.7024773,
            -7.3071847
          ],
          [
            112.7021463,
            -7.3070687
          ],
          [
            112.7019737,
            -7.3069998
          ],
          [
            112.7017967,
            -7.3069206
          ],
          [
            112.7014553,
            -7.3067698
          ],
          [
            112.7012944,
            -7.3066898
          ],
          [
            112.7011429,
            -7.306604
          ],
          [
            112.7008408,
            -7.3064215
          ],
          [
            112.7005394,
            -7.3062076
          ],
          [
            112.7002587,
            -7.3059688
          ],
          [
            112.7000462,
            -7.3057773
          ],
          [
            112.6998688,
            -7.3055837
          ],
          [
            112.6996992,
            -7.3053942
          ],
          [
            112.6995561,
            -7.3051979
          ],
          [
            112.6993158,
            -7.3048305
          ],
          [
            112.6990141,
            -7.3042519
          ],
          [
            112.6988091,
            -7.3036669
          ],
          [
            112.6986439,
            -7.3030508
          ],
          [
            112.6985173,
            -7.3023888
          ],
          [
            112.698462,
            -7.3018804
          ],
          [
            112.6983749,
            -7.3008686
          ],
          [
            112.6981499,
            -7.2982411
          ],
          [
            112.6980147,
            -7.2965549
          ],
          [
            112.6979071,
            -7.2953627
          ],
          [
            112.6978727,
            -7.2942619
          ],
          [
            112.6978999,
            -7.2934802
          ],
          [
            112.697939,
            -7.2931154
          ],
          [
            112.6980603,
            -7.2924808
          ],
          [
            112.6982436,
            -7.2918863
          ],
          [
            112.6984061,
            -7.2915052
          ],
          [
            112.6986404,
            -7.2910381
          ],
          [
            112.6988708,
            -7.2906762
          ],
          [
            112.6990236,
            -7.290471
          ],
          [
            112.6990638,
            -7.2904075
          ],
          [
            112.6993531,
            -7.2900288
          ],
          [
            112.6998136,
            -7.2895809
          ],
          [
            112.700257,
            -7.2891794
          ],
          [
            112.7010888,
            -7.2885458
          ],
          [
            112.7031009,
            -7.2872157
          ]
        ]
      },
      "properties": {
        "id": "osm:way:36015885",
        "name": "Jalan Tol Surabaya–Gempol",
        "highway": "motorway",
        "restriction_type": "PROHIBITED_TOLL_ROAD",
        "metadata": {
          "highway": "motorway",
          "int_ref": "AH2",
          "lanes": "3",
          "maxspeed": "80",
          "motorcycle": "no",
          "name": "Jalan Tol Surabaya–Gempol",
          "oneway": "yes",
          "operator": "PT Jasamarga Surabaya-Gempol",
          "ref": "8",
          "short_name": "Jalan Tol Surgem",
          "surface": "asphalt",
          "toll": "yes"
        }
      }
    },
    {
      "type": "Feature",
      "geometry": {
        "type": "LineString",
        "coordinates": [
          [
            112.707985,
            -7.3086564
          ],
          [
            112.707436,
            -7.3085885
          ],
          [
            112.7071482,
            -7.3085824
          ],
          [
            112.7069728,
            -7.3086231
          ],
          [
            112.7068116,
            -7.3086997
          ],
          [
            112.7067019,
            -7.3088037
          ],
          [
            112.7066453,
            -7.3089149
          ],
          [
            112.7066295,
            -7.3090368
          ],
          [
            112.7066381,
            -7.3091336
          ],
          [
            112.706673,
            -7.3092509
          ]
        ]
      },
      "properties": {
        "id": "osm:way:36015896",
        "name": "Way #36015896",
        "highway": "motorway_link",
        "restriction_type": "PROHIBITED_TOLL_ROAD",
        "metadata": {
          "destination": "Gunung Sari;Wonokromo;Karang Pilang",
          "destination:ref": "JI-150-12K",
          "highway": "motorway_link",
          "lanes": "1",
          "maxspeed": "40",
          "motorcycle": "no",
          "oneway": "yes",
          "surface": "asphalt",
          "toll": "yes"
        }
      }
    },
    {
      "type": "Feature",
      "geometry": {
        "type": "LineString",
        "coordinates": [
          [
            112.7105938,
            -7.3102858
          ],
          [
            112.7106829,
            -7.3102381
          ],
          [
            112.7107639,
            -7.3101778
          ],
          [
            112.710835,
            -7.3101063
          ],
          [
            112.7109041,
            -7.3100279
          ]
        ]
      },
      "properties": {
        "id": "osm:way:36015901",
        "name": "Way #36015901",
        "highway": "motorway_link",
        "restriction_type": "PROHIBITED_TOLL_ROAD",
        "metadata": {
          "destination": "Wonokromo",
          "destination:ref": "JI-150-12K",
          "highway": "motorway_link",
          "motorcycle": "no",
          "oneway": "yes",
          "toll": "yes"
        }
      }
    },
    {
      "type": "Feature",
      "geometry": {
        "type": "LineString",
        "coordinates": [
          [
            112.7106233,
            -7.3106453
          ],
          [
            112.7106112,
            -7.3105389
          ],
          [
            112.7106043,
            -7.3104795
          ],
          [
            112.7105879,
            -7.3104247
          ],
          [
            112.7105667,
            -7.3103852
          ]
        ]
      },
      "properties": {
        "id": "osm:way:36015904",
        "name": "Way #36015904",
        "highway": "motorway_link",
        "restriction_type": "PROHIBITED_TOLL_ROAD",
        "metadata": {
          "destination": "Kota Satelit;Tj. Perak;Gresik",
          "destination:ref": "8",
          "highway": "motorway_link",
          "motorcycle": "no",
          "oneway": "yes",
          "toll": "yes"
        }
      }
    },
    {
      "type": "Feature",
      "geometry": {
        "type": "LineString",
        "coordinates": [
          [
            112.706673,
            -7.3092509
          ],
          [
            112.7068169,
            -7.3094003
          ],
          [
            112.7069542,
            -7.3095025
          ],
          [
            112.7071173,
            -7.3095791
          ]
        ]
      },
      "properties": {
        "id": "osm:way:36015905",
        "name": "Way #36015905",
        "highway": "motorway_link",
        "restriction_type": "PROHIBITED_TOLL_ROAD",
        "metadata": {
          "bridge": "yes",
          "destination": "Gunung Sari;Wonokromo;Karang Pilang",
          "destination:ref": "JI-150-12K",
          "highway": "motorway_link",
          "layer": "1",
          "motorcycle": "no",
          "oneway": "yes",
          "toll": "yes"
        }
      }
    },
    {
      "type": "Feature",
      "geometry": {
        "type": "LineString",
        "coordinates": [
          [
            112.7071173,
            -7.3095791
          ],
          [
            112.7073662,
            -7.3096557
          ],
          [
            112.7077868,
            -7.3097153
          ],
          [
            112.7087309,
            -7.3097749
          ],
          [
            112.7091257,
            -7.3098089
          ],
          [
            112.7094776,
            -7.3098856
          ],
          [
            112.7099228,
            -7.3100315
          ],
          [
            112.7100259,
            -7.3100677
          ],
          [
            112.7104872,
            -7.3102436
          ]
        ]
      },
      "properties": {
        "id": "osm:way:36015906",
        "name": "Way #36015906",
        "highway": "motorway_link",
        "restriction_type": "PROHIBITED_TOLL_ROAD",
        "metadata": {
          "destination": "Gunung Sari;Wonokromo;Karang Pilang",
          "destination:ref": "JI-150-12K",
          "highway": "motorway_link",
          "motorcycle": "no",
          "oneway": "yes",
          "toll": "yes"
        }
      }
    },
    {
      "type": "Feature",
      "geometry": {
        "type": "LineString",
        "coordinates": [
          [
            112.7070057,
            -7.3096387
          ],
          [
            112.7068338,
            -7.3095503
          ],
          [
            112.706738,
            -7.3094732
          ],
          [
            112.7066138,
            -7.3093219
          ]
        ]
      },
      "properties": {
        "id": "osm:way:36015907",
        "name": "Way #36015907",
        "highway": "motorway_link",
        "restriction_type": "PROHIBITED_TOLL_ROAD",
        "metadata": {
          "bridge": "yes",
          "destination": "Kota Satelit;Tj. Perak;Gresik",
          "destination:ref": "8",
          "highway": "motorway_link",
          "layer": "1",
          "motorcycle": "no",
          "oneway": "yes",
          "toll": "yes"
        }
      }
    },
    {
      "type": "Feature",
      "geometry": {
        "type": "LineString",
        "coordinates": [
          [
            112.7066138,
            -7.3093219
          ],
          [
            112.7065757,
            -7.3092378
          ],
          [
            112.7065623,
            -7.3091654
          ],
          [
            112.7065422,
            -7.3090257
          ],
          [
            112.7065079,
            -7.3088129
          ],
          [
            112.7064416,
            -7.3086439
          ],
          [
            112.7063469,
            -7.3084894
          ],
          [
            112.706223,
            -7.3083487
          ],
          [
            112.706021,
            -7.3082268
          ],
          [
            112.7053191,
            -7.3079845
          ]
        ]
      },
      "properties": {
        "id": "osm:way:36015908",
        "name": "Way #36015908",
        "highway": "motorway_link",
        "restriction_type": "PROHIBITED_TOLL_ROAD",
        "metadata": {
          "destination": "Kota Satelit;Tj. Perak;Gresik",
          "destination:ref": "8",
          "highway": "motorway_link",
          "motorcycle": "no",
          "oneway": "yes",
          "toll": "yes"
        }
      }
    },
    {
      "type": "Feature",
      "geometry": {
        "type": "LineString",
        "coordinates": [
          [
            112.7137295,
            -7.2450771
          ],
          [
            112.7137922,
            -7.2450348
          ],
          [
            112.7138143,
            -7.2449942
          ],
          [
            112.7138203,
            -7.2449477
          ],
          [
            112.7138123,
            -7.2449011
          ],
          [
            112.7137835,
            -7.2448612
          ],
          [
            112.7135655,
            -7.2446909
          ]
        ]
      },
      "properties": {
        "id": "osm:way:36978149",
        "name": "Way #36978149",
        "highway": "secondary_link",
        "restriction_type": "PROHIBITED_TOLL_ROAD",
        "metadata": {
          "destination:ref": "AH2",
          "highway": "secondary_link",
          "motorcycle": "no",
          "oneway": "yes",
          "toll": "yes"
        }
      }
    },
    {
      "type": "Feature",
      "geometry": {
        "type": "LineString",
        "coordinates": [
          [
            112.7094521,
            -7.2574578
          ],
          [
            112.7094882,
            -7.2575711
          ],
          [
            112.7095186,
            -7.2576817
          ],
          [
            112.7095671,
            -7.2579203
          ],
          [
            112.7096066,
            -7.2580166
          ],
          [
            112.7096451,
            -7.2580906
          ],
          [
            112.7096924,
            -7.2581576
          ],
          [
            112.7097534,
            -7.2582237
          ],
          [
            112.7099003,
            -7.2583639
          ],
          [
            112.7100742,
            -7.2584959
          ],
          [
            112.7103907,
            -7.2587404
          ],
          [
            112.7104743,
            -7.2588295
          ],
          [
            112.7105495,
            -7.258941
          ],
          [
            112.7106103,
            -7.2590701
          ],
          [
            112.7106313,
            -7.2592181
          ],
          [
            112.7106153,
            -7.2593604
          ],
          [
            112.7105791,
            -7.2594581
          ],
          [
            112.7104958,
            -7.2595774
          ],
          [
            112.7103813,
            -7.2596838
          ],
          [
            112.710235,
            -7.259775
          ],
          [
            112.7100825,
            -7.2598408
          ],
          [
            112.7098446,
            -7.2599072
          ]
        ]
      },
      "properties": {
        "id": "osm:way:36978150",
        "name": "Banyu Urip",
        "highway": "motorway_link",
        "restriction_type": "PROHIBITED_TOLL_ROAD",
        "metadata": {
          "destination": "Banyu Urip;Pasar Kembang;Tandes",
          "destination:ref": "1",
          "highway": "motorway_link",
          "motorcycle": "no",
          "name": "Banyu Urip",
          "oneway": "yes",
          "toll": "yes"
        }
      }
    },
    {
      "type": "Feature",
      "geometry": {
        "type": "LineString",
        "coordinates": [
          [
            112.7098446,
            -7.2599072
          ],
          [
            112.7091484,
            -7.2600657
          ]
        ]
      },
      "properties": {
        "id": "osm:way:36978151",
        "name": "Banyu Urip",
        "highway": "motorway_link",
        "restriction_type": "PROHIBITED_TOLL_ROAD",
        "metadata": {
          "bridge": "yes",
          "destination": "Banyu Urip;Pasar Kembang;Tandes",
          "destination:ref": "1",
          "highway": "motorway_link",
          "layer": "1",
          "motorcycle": "no",
          "name": "Banyu Urip",
          "oneway": "yes",
          "toll": "yes"
        }
      }
    },
    {
      "type": "Feature",
      "geometry": {
        "type": "LineString",
        "coordinates": [
          [
            112.7085344,
            -7.26025
          ],
          [
            112.7084195,
            -7.2603043
          ],
          [
            112.7083151,
            -7.2603626
          ],
          [
            112.7082393,
            -7.2604226
          ],
          [
            112.708179,
            -7.2604899
          ],
          [
            112.7081253,
            -7.2605832
          ],
          [
            112.708091,
            -7.2606788
          ],
          [
            112.7080666,
            -7.2607736
          ],
          [
            112.7079711,
            -7.261191
          ],
          [
            112.7073951,
            -7.2642324
          ],
          [
            112.7072205,
            -7.2653924
          ],
          [
            112.707195,
            -7.2655864
          ]
        ]
      },
      "properties": {
        "id": "osm:way:36978152",
        "name": "Banyu Urip",
        "highway": "motorway_link",
        "restriction_type": "PROHIBITED_TOLL_ROAD",
        "metadata": {
          "highway": "motorway_link",
          "motorcycle": "no",
          "name": "Banyu Urip",
          "oneway": "yes",
          "toll": "yes"
        }
      }
    },
    {
      "type": "Feature",
      "geometry": {
        "type": "LineString",
        "coordinates": [
          [
            112.7091274,
            -7.2600021
          ],
          [
            112.7098127,
            -7.2598404
          ]
        ]
      },
      "properties": {
        "id": "osm:way:36978154",
        "name": "Banyu Urip",
        "highway": "motorway_link",
        "restriction_type": "PROHIBITED_TOLL_ROAD",
        "metadata": {
          "bridge": "yes",
          "destination": "Kota Satelit;Gunung Sari;Malang",
          "destination:ref": "8",
          "highway": "motorway_link",
          "layer": "1",
          "motorcycle": "no",
          "name": "Banyu Urip",
          "oneway": "yes",
          "toll": "yes"
        }
      }
    },
    {
      "type": "Feature",
      "geometry": {
        "type": "LineString",
        "coordinates": [
          [
            112.7098127,
            -7.2598404
          ],
          [
            112.7100365,
            -7.2597829
          ],
          [
            112.7101756,
            -7.259729
          ],
          [
            112.7103459,
            -7.2596342
          ],
          [
            112.710461,
            -7.2595077
          ],
          [
            112.7105197,
            -7.2594013
          ],
          [
            112.7105458,
            -7.2593201
          ],
          [
            112.7105509,
            -7.2592454
          ],
          [
            112.7105462,
            -7.2591642
          ],
          [
            112.7105299,
            -7.2590837
          ],
          [
            112.7104944,
            -7.2590054
          ],
          [
            112.710448,
            -7.2589364
          ],
          [
            112.7103737,
            -7.2588694
          ],
          [
            112.7103167,
            -7.2588235
          ],
          [
            112.7102376,
            -7.2587927
          ],
          [
            112.7101379,
            -7.2587693
          ],
          [
            112.7100666,
            -7.2587715
          ],
          [
            112.7099811,
            -7.2587762
          ],
          [
            112.7099203,
            -7.258797
          ],
          [
            112.7098467,
            -7.2588283
          ],
          [
            112.7097891,
            -7.2588692
          ],
          [
            112.7097457,
            -7.2589091
          ],
          [
            112.7096975,
            -7.2589669
          ],
          [
            112.7096595,
            -7.2590219
          ],
          [
            112.7096229,
            -7.2590916
          ],
          [
            112.7095863,
            -7.2592296
          ],
          [
            112.7095646,
            -7.2593108
          ],
          [
            112.7095497,
            -7.2594154
          ],
          [
            112.709545,
            -7.2594523
          ],
          [
            112.7095356,
            -7.2595146
          ],
          [
            112.70952,
            -7.259598
          ],
          [
            112.7094737,
            -7.2597617
          ]
        ]
      },
      "properties": {
        "id": "osm:way:36978155",
        "name": "Banyu Urip",
        "highway": "motorway_link",
        "restriction_type": "PROHIBITED_TOLL_ROAD",
        "metadata": {
          "destination": "Kota Satelit;Gunung Sari;Malang",
          "destination:ref": "8",
          "highway": "motorway_link",
          "motorcycle": "no",
          "name": "Banyu Urip",
          "oneway": "yes",
          "toll": "yes"
        }
      }
    },
    {
      "type": "Feature",
      "geometry": {
        "type": "LineString",
        "coordinates": [
          [
            112.7092842,
            -7.2566906
          ],
          [
            112.7092659,
            -7.2550473
          ],
          [
            112.709237,
            -7.2536357
          ],
          [
            112.7092286,
            -7.2526791
          ]
        ]
      },
      "properties": {
        "id": "osm:way:36978200",
        "name": "Jalan Tol Surabaya–Gempol",
        "highway": "motorway",
        "restriction_type": "PROHIBITED_TOLL_ROAD",
        "metadata": {
          "highway": "motorway",
          "int_ref": "AH2",
          "lanes": "3",
          "motorcycle": "no",
          "name": "Jalan Tol Surabaya–Gempol",
          "oneway": "yes",
          "operator": "PT Jasamarga Surabaya-Gempol",
          "ref": "8",
          "short_name": "Jalan Tol Surgem",
          "toll": "yes"
        }
      }
    },
    {
      "type": "Feature",
      "geometry": {
        "type": "LineString",
        "coordinates": [
          [
            112.7090206,
            -7.2695288
          ],
          [
            112.7085699,
            -7.2768665
          ],
          [
            112.7083508,
            -7.27973
          ],
          [
            112.708291,
            -7.2801958
          ],
          [
            112.7081971,
            -7.2807106
          ],
          [
            112.7080315,
            -7.2815008
          ],
          [
            112.708006,
            -7.281592
          ],
          [
            112.7078484,
            -7.2821301
          ],
          [
            112.7077545,
            -7.2824307
          ],
          [
            112.7076526,
            -7.2827014
          ],
          [
            112.7075654,
            -7.2829163
          ],
          [
            112.7074434,
            -7.2831863
          ],
          [
            112.7072449,
            -7.2835774
          ],
          [
            112.7070142,
            -7.2839951
          ],
          [
            112.7068332,
            -7.2842745
          ],
          [
            112.7066334,
            -7.2845339
          ],
          [
            112.7063759,
            -7.2848611
          ],
          [
            112.7060815,
            -7.2851824
          ],
          [
            112.7057871,
            -7.2854651
          ],
          [
            112.7055256,
            -7.2856899
          ],
          [
            112.7052802,
            -7.2858894
          ],
          [
            112.7051461,
            -7.2859985
          ],
          [
            112.7048886,
            -7.2861888
          ],
          [
            112.7036792,
            -7.2869685
          ]
        ]
      },
      "properties": {
        "id": "osm:way:36978201",
        "name": "Jalan Tol Surabaya–Gempol",
        "highway": "motorway",
        "restriction_type": "PROHIBITED_TOLL_ROAD",
        "metadata": {
          "highway": "motorway",
          "int_ref": "AH2",
          "lanes": "3",
          "motorcycle": "no",
          "name": "Jalan Tol Surabaya–Gempol",
          "oneway": "yes",
          "operator": "PT Jasamarga Surabaya-Gempol",
          "ref": "8",
          "short_name": "Jalan Tol Surgem",
          "toll": "yes"
        }
      }
    },
    {
      "type": "Feature",
      "geometry": {
        "type": "LineString",
        "coordinates": [
          [
            112.7269645,
            -7.3467634
          ],
          [
            112.7298365,
            -7.346776
          ],
          [
            112.7306572,
            -7.3467655
          ],
          [
            112.7309449,
            -7.3467561
          ],
          [
            112.7311434,
            -7.3467388
          ],
          [
            112.7313177,
            -7.3467042
          ],
          [
            112.7315202,
            -7.3466497
          ],
          [
            112.7317925,
            -7.3465539
          ],
          [
            112.732003,
            -7.3464661
          ],
          [
            112.7321683,
            -7.3463852
          ]
        ]
      },
      "properties": {
        "id": "osm:way:51758823",
        "name": "Jalan Tol Waru–Juanda",
        "highway": "motorway",
        "restriction_type": "PROHIBITED_TOLL_ROAD",
        "metadata": {
          "bridge": "yes",
          "highway": "motorway",
          "int_ref": "AH2",
          "lanes": "2",
          "layer": "1",
          "maxspeed": "80",
          "motorcar": "yes",
          "motorcycle": "no",
          "name": "Jalan Tol Waru–Juanda",
          "oneway": "yes",
          "operator": "PT Citra Marga Surabaya",
          "ref": "11",
          "source": "local_knowledge",
          "surface": "asphalt",
          "toll": "yes"
        }
      }
    },
    {
      "type": "Feature",
      "geometry": {
        "type": "LineString",
        "coordinates": [
          [
            112.7164334,
            -7.3479438
          ],
          [
            112.716121,
            -7.3475116
          ]
        ]
      },
      "properties": {
        "id": "osm:way:67814457",
        "name": "Way #67814457",
        "highway": "motorway_link",
        "restriction_type": "PROHIBITED_TOLL_ROAD",
        "metadata": {
          "bridge": "yes",
          "destination": "Surabaya;Gresik;Pasuruan;Malang;Tj. Perak",
          "destination:ref": "8",
          "highway": "motorway_link",
          "layer": "1",
          "motorcycle": "no",
          "oneway": "yes",
          "toll": "yes"
        }
      }
    },
    {
      "type": "Feature",
      "geometry": {
        "type": "LineString",
        "coordinates": [
          [
            112.7093296,
            -7.2526768
          ],
          [
            112.709333,
            -7.2528881
          ],
          [
            112.7094261,
            -7.2562408
          ],
          [
            112.7094521,
            -7.2574578
          ],
          [
            112.7094358,
            -7.2578085
          ],
          [
            112.7094363,
            -7.2581753
          ],
          [
            112.7094564,
            -7.259049
          ],
          [
            112.7094737,
            -7.2597617
          ]
        ]
      },
      "properties": {
        "id": "osm:way:68187614",
        "name": "Jalan Tol Surabaya–Gempol",
        "highway": "motorway",
        "restriction_type": "PROHIBITED_TOLL_ROAD",
        "metadata": {
          "highway": "motorway",
          "int_ref": "AH2",
          "lanes": "3",
          "motorcycle": "no",
          "name": "Jalan Tol Surabaya–Gempol",
          "oneway": "yes",
          "operator": "PT Jasamarga Surabaya-Gempol",
          "ref": "8",
          "short_name": "Jalan Tol Surgem",
          "toll": "yes"
        }
      }
    },
    {
      "type": "Feature",
      "geometry": {
        "type": "LineString",
        "coordinates": [
          [
            112.6803023,
            -7.2393296
          ],
          [
            112.6841843,
            -7.2406117
          ]
        ]
      },
      "properties": {
        "id": "osm:way:70357646",
        "name": "Jalan Tol Surabaya - Gresik",
        "highway": "motorway",
        "restriction_type": "PROHIBITED_TOLL_ROAD",
        "metadata": {
          "bridge": "yes",
          "highway": "motorway",
          "layer": "1",
          "motorcycle": "no",
          "name": "Jalan Tol Surabaya - Gresik",
          "oneway": "yes",
          "operator": "PT. Margabumi Matra Jaya",
          "ref": "8",
          "toll": "yes"
        }
      }
    },
    {
      "type": "Feature",
      "geometry": {
        "type": "LineString",
        "coordinates": [
          [
            112.6036321,
            -7.1674014
          ],
          [
            112.6044184,
            -7.1690441
          ],
          [
            112.6048931,
            -7.1699293
          ],
          [
            112.6057939,
            -7.171557
          ],
          [
            112.6071536,
            -7.1737027
          ],
          [
            112.6080213,
            -7.1749514
          ],
          [
            112.6088897,
            -7.1761365
          ],
          [
            112.6093946,
            -7.176775
          ],
          [
            112.6098988,
            -7.1774144
          ],
          [
            112.6101791,
            -7.177745
          ],
          [
            112.6104601,
            -7.1780756
          ],
          [
            112.6106921,
            -7.1783397
          ],
          [
            112.6109248,
            -7.1786045
          ],
          [
            112.6115303,
            -7.1792605
          ],
          [
            112.6124811,
            -7.1802372
          ],
          [
            112.612905,
            -7.180647
          ],
          [
            112.6133218,
            -7.1810646
          ],
          [
            112.6136155,
            -7.1813493
          ],
          [
            112.6139429,
            -7.1816569
          ],
          [
            112.6145719,
            -7.1822437
          ],
          [
            112.6158486,
            -7.1834146
          ],
          [
            112.6183545,
            -7.1857517
          ],
          [
            112.621429,
            -7.1885805
          ],
          [
            112.6219359,
            -7.1890496
          ],
          [
            112.6224504,
            -7.1895463
          ],
          [
            112.6266391,
            -7.1936939
          ],
          [
            112.6281862,
            -7.1952737
          ]
        ]
      },
      "properties": {
        "id": "osm:way:70357648",
        "name": "Jalan Tol Surabaya - Gresik",
        "highway": "motorway",
        "restriction_type": "PROHIBITED_TOLL_ROAD",
        "metadata": {
          "highway": "motorway",
          "motorcycle": "no",
          "name": "Jalan Tol Surabaya - Gresik",
          "oneway": "yes",
          "operator": "PT. Margabumi Matra Jaya",
          "ref": "8",
          "toll": "yes"
        }
      }
    },
    {
      "type": "Feature",
      "geometry": {
        "type": "LineString",
        "coordinates": [
          [
            112.6952753,
            -7.2433254
          ],
          [
            112.6959569,
            -7.2434709
          ],
          [
            112.6966985,
            -7.2435993
          ],
          [
            112.6981375,
            -7.2438255
          ],
          [
            112.7009547,
            -7.2442699
          ],
          [
            112.7012267,
            -7.2443077
          ],
          [
            112.7015056,
            -7.2443196
          ],
          [
            112.7018154,
            -7.2443204
          ],
          [
            112.7021052,
            -7.2443165
          ],
          [
            112.7024712,
            -7.2442725
          ],
          [
            112.70279,
            -7.2442178
          ],
          [
            112.7030841,
            -7.2441514
          ],
          [
            112.7033383,
            -7.2440762
          ],
          [
            112.70363,
            -7.2439818
          ],
          [
            112.7038848,
            -7.243888
          ],
          [
            112.7044165,
            -7.2436858
          ],
          [
            112.7054894,
            -7.2432734
          ],
          [
            112.7060768,
            -7.2430499
          ],
          [
            112.7063441,
            -7.2429472
          ],
          [
            112.7065743,
            -7.2428942
          ],
          [
            112.7068213,
            -7.2428339
          ],
          [
            112.707283,
            -7.2427478
          ],
          [
            112.7079691,
            -7.2427731
          ],
          [
            112.7082647,
            -7.2428168
          ],
          [
            112.7085989,
            -7.2428867
          ],
          [
            112.7090452,
            -7.2430229
          ],
          [
            112.7103828,
            -7.2434811
          ],
          [
            112.7104477,
            -7.2435029
          ]
        ]
      },
      "properties": {
        "id": "osm:way:70357658",
        "name": "Jalan Tol Surabaya - Gresik",
        "highway": "motorway",
        "restriction_type": "PROHIBITED_TOLL_ROAD",
        "metadata": {
          "highway": "motorway",
          "motorcycle": "no",
          "name": "Jalan Tol Surabaya - Gresik",
          "oneway": "yes",
          "operator": "PT. Margabumi Matra Jaya",
          "ref": "8",
          "toll": "yes"
        }
      }
    },
    {
      "type": "Feature",
      "geometry": {
        "type": "LineString",
        "coordinates": [
          [
            112.7113209,
            -7.3093898
          ],
          [
            112.7113222,
            -7.3093107
          ],
          [
            112.7113212,
            -7.3092269
          ],
          [
            112.7113138,
            -7.3091667
          ],
          [
            112.7112974,
            -7.3090546
          ],
          [
            112.7112937,
            -7.3090287
          ]
        ]
      },
      "properties": {
        "id": "osm:way:75098653",
        "name": "Way #75098653",
        "highway": "motorway_link",
        "restriction_type": "PROHIBITED_TOLL_ROAD",
        "metadata": {
          "destination": "Waru;Juanda;Malang;Pasuran",
          "destination:ref": "8",
          "highway": "motorway_link",
          "motorcycle": "no",
          "oneway": "yes",
          "toll": "yes"
        }
      }
    },
    {
      "type": "Feature",
      "geometry": {
        "type": "LineString",
        "coordinates": [
          [
            112.6431751,
            -7.2137377
          ],
          [
            112.6436591,
            -7.2132739
          ]
        ]
      },
      "properties": {
        "id": "osm:way:93865163",
        "name": "Simpang Susun Romokalisari",
        "highway": "motorway_link",
        "restriction_type": "PROHIBITED_TOLL_ROAD",
        "metadata": {
          "bridge": "yes",
          "destination:ref": "AH2",
          "highway": "motorway_link",
          "lanes": "1",
          "layer": "1",
          "motorcycle": "no",
          "name": "Simpang Susun Romokalisari",
          "oneway": "yes",
          "source": "Bing",
          "toll": "yes"
        }
      }
    },
    {
      "type": "Feature",
      "geometry": {
        "type": "LineString",
        "coordinates": [
          [
            112.6802527,
            -7.2394414
          ],
          [
            112.6796034,
            -7.239205
          ],
          [
            112.6781256,
            -7.238719
          ],
          [
            112.6771773,
            -7.2382937
          ],
          [
            112.6755808,
            -7.2375719
          ]
        ]
      },
      "properties": {
        "id": "osm:way:93865166",
        "name": "Jalan Tol Surabaya - Gresik",
        "highway": "motorway",
        "restriction_type": "PROHIBITED_TOLL_ROAD",
        "metadata": {
          "highway": "motorway",
          "motorcycle": "no",
          "name": "Jalan Tol Surabaya - Gresik",
          "oneway": "yes",
          "operator": "PT. Margabumi Matra Jaya",
          "ref": "8",
          "toll": "yes"
        }
      }
    },
    {
      "type": "Feature",
      "geometry": {
        "type": "LineString",
        "coordinates": [
          [
            112.7142096,
            -7.2449593
          ],
          [
            112.7135655,
            -7.2446909
          ],
          [
            112.7131905,
            -7.2445462
          ]
        ]
      },
      "properties": {
        "id": "osm:way:93865174",
        "name": "Way #93865174",
        "highway": "primary",
        "restriction_type": "PROHIBITED_TOLL_ROAD",
        "metadata": {
          "highway": "primary",
          "motorcycle": "no",
          "oneway": "yes",
          "toll": "yes"
        }
      }
    },
    {
      "type": "Feature",
      "geometry": {
        "type": "LineString",
        "coordinates": [
          [
            112.6455696,
            -7.2102904
          ],
          [
            112.6454062,
            -7.2108543
          ],
          [
            112.6453756,
            -7.2109867
          ],
          [
            112.6453528,
            -7.2111954
          ],
          [
            112.645354,
            -7.2114702
          ],
          [
            112.6453799,
            -7.2117639
          ],
          [
            112.6456071,
            -7.2133067
          ],
          [
            112.645621,
            -7.2135383
          ],
          [
            112.6456037,
            -7.2137773
          ],
          [
            112.6455558,
            -7.2139737
          ],
          [
            112.645499,
            -7.2141301
          ],
          [
            112.6451874,
            -7.2146879
          ],
          [
            112.6451167,
            -7.2148842
          ],
          [
            112.6450933,
            -7.2150108
          ],
          [
            112.645125,
            -7.2152415
          ],
          [
            112.6452193,
            -7.2155762
          ]
        ]
      },
      "properties": {
        "id": "osm:way:93865176",
        "name": "Simpang Susun Romokalisari",
        "highway": "motorway_link",
        "restriction_type": "PROHIBITED_TOLL_ROAD",
        "metadata": {
          "highway": "motorway_link",
          "lanes": "1",
          "motorcycle": "no",
          "name": "Simpang Susun Romokalisari",
          "oneway": "yes",
          "source": "Bing",
          "toll": "yes"
        }
      }
    },
    {
      "type": "Feature",
      "geometry": {
        "type": "LineString",
        "coordinates": [
          [
            112.6458203,
            -7.2169278
          ],
          [
            112.6449302,
            -7.2158325
          ],
          [
            112.6447848,
            -7.2156805
          ],
          [
            112.6445967,
            -7.2155392
          ],
          [
            112.6443414,
            -7.2154373
          ],
          [
            112.6440884,
            -7.2153912
          ],
          [
            112.6437902,
            -7.2153945
          ],
          [
            112.643349,
            -7.215433
          ],
          [
            112.6431944,
            -7.2154298
          ],
          [
            112.6430854,
            -7.2154068
          ],
          [
            112.6429573,
            -7.2153536
          ],
          [
            112.6428245,
            -7.2152625
          ],
          [
            112.6426855,
            -7.2151357
          ],
          [
            112.6426112,
            -7.215012
          ],
          [
            112.6425603,
            -7.2148852
          ],
          [
            112.6425353,
            -7.2147706
          ],
          [
            112.6425375,
            -7.2146089
          ],
          [
            112.6425547,
            -7.2145218
          ],
          [
            112.6425894,
            -7.2144118
          ],
          [
            112.6426459,
            -7.2143069
          ],
          [
            112.6427491,
            -7.2141662
          ],
          [
            112.6431751,
            -7.2137377
          ]
        ]
      },
      "properties": {
        "id": "osm:way:93865178",
        "name": "Simpang Susun Romokalisari",
        "highway": "motorway_link",
        "restriction_type": "PROHIBITED_TOLL_ROAD",
        "metadata": {
          "destination": "Romokalisari, Kota Surabaya",
          "destination:ref": "8",
          "highway": "motorway_link",
          "lanes": "1",
          "motorcycle": "no",
          "name": "Simpang Susun Romokalisari",
          "oneway": "yes",
          "source": "Bing",
          "toll": "yes"
        }
      }
    },
    {
      "type": "Feature",
      "geometry": {
        "type": "LineString",
        "coordinates": [
          [
            112.6881416,
            -7.2419139
          ],
          [
            112.6879303,
            -7.2419204
          ],
          [
            112.6857551,
            -7.2413628
          ],
          [
            112.6853152,
            -7.2412245
          ],
          [
            112.6844673,
            -7.2410313
          ],
          [
            112.6837182,
            -7.2408988
          ],
          [
            112.6834113,
            -7.2408609
          ],
          [
            112.6831926,
            -7.2408517
          ],
          [
            112.6830092,
            -7.2408737
          ],
          [
            112.6828974,
            -7.2409171
          ],
          [
            112.6827859,
            -7.2410034
          ],
          [
            112.6825733,
            -7.241333
          ]
        ]
      },
      "properties": {
        "id": "osm:way:93865185",
        "name": "Ramp Tandes",
        "highway": "motorway_link",
        "restriction_type": "PROHIBITED_TOLL_ROAD",
        "metadata": {
          "destination": "Tandes, Kota Surabaya",
          "highway": "motorway_link",
          "motorcycle": "no",
          "name": "Ramp Tandes",
          "oneway": "yes",
          "toll": "yes"
        }
      }
    },
    {
      "type": "Feature",
      "geometry": {
        "type": "LineString",
        "coordinates": [
          [
            112.6437035,
            -7.2133196
          ],
          [
            112.6432107,
            -7.213795
          ]
        ]
      },
      "properties": {
        "id": "osm:way:93865193",
        "name": "Simpang Susun Romokalisari",
        "highway": "motorway_link",
        "restriction_type": "PROHIBITED_TOLL_ROAD",
        "metadata": {
          "bridge": "yes",
          "highway": "motorway_link",
          "lanes": "1",
          "layer": "1",
          "motorcycle": "no",
          "name": "Simpang Susun Romokalisari",
          "oneway": "yes",
          "source": "Bing",
          "toll": "yes"
        }
      }
    },
    {
      "type": "Feature",
      "geometry": {
        "type": "LineString",
        "coordinates": [
          [
            112.6436591,
            -7.2132739
          ],
          [
            112.6444153,
            -7.2125234
          ],
          [
            112.6445047,
            -7.2124203
          ],
          [
            112.6445771,
            -7.2123166
          ],
          [
            112.6446487,
            -7.212199
          ],
          [
            112.644742,
            -7.212022
          ],
          [
            112.6456006,
            -7.2099974
          ]
        ]
      },
      "properties": {
        "id": "osm:way:93865195",
        "name": "Simpang Susun Romokalisari",
        "highway": "motorway_link",
        "restriction_type": "PROHIBITED_TOLL_ROAD",
        "metadata": {
          "highway": "motorway_link",
          "lanes": "1",
          "motorcycle": "no",
          "name": "Simpang Susun Romokalisari",
          "oneway": "yes",
          "source": "Bing",
          "toll": "yes"
        }
      }
    },
    {
      "type": "Feature",
      "geometry": {
        "type": "LineString",
        "coordinates": [
          [
            112.6432107,
            -7.213795
          ],
          [
            112.6428051,
            -7.2141937
          ],
          [
            112.6426935,
            -7.2143421
          ],
          [
            112.6426297,
            -7.2144731
          ],
          [
            112.6425957,
            -7.2146038
          ],
          [
            112.6425916,
            -7.214748
          ],
          [
            112.6426128,
            -7.2148618
          ],
          [
            112.6426859,
            -7.2150355
          ],
          [
            112.6427681,
            -7.2151433
          ],
          [
            112.6428831,
            -7.2152349
          ],
          [
            112.6430765,
            -7.215318
          ],
          [
            112.6431797,
            -7.2153334
          ],
          [
            112.6433144,
            -7.2153281
          ],
          [
            112.6434284,
            -7.2153021
          ],
          [
            112.6435597,
            -7.2152439
          ],
          [
            112.6436692,
            -7.2151597
          ],
          [
            112.6437368,
            -7.2150804
          ],
          [
            112.6437945,
            -7.2149947
          ],
          [
            112.643843,
            -7.2148675
          ],
          [
            112.6438636,
            -7.2147158
          ]
        ]
      },
      "properties": {
        "id": "osm:way:93865201",
        "name": "Simpang Susun Romokalisari",
        "highway": "motorway_link",
        "restriction_type": "PROHIBITED_TOLL_ROAD",
        "metadata": {
          "highway": "motorway_link",
          "lanes": "1",
          "motorcycle": "no",
          "name": "Simpang Susun Romokalisari",
          "oneway": "yes",
          "source": "Bing",
          "toll": "yes"
        }
      }
    },
    {
      "type": "Feature",
      "geometry": {
        "type": "LineString",
        "coordinates": [
          [
            112.6826448,
            -7.2392915
          ],
          [
            112.6827442,
            -7.2395682
          ],
          [
            112.6828809,
            -7.2397853
          ],
          [
            112.6829843,
            -7.2398835
          ],
          [
            112.6830857,
            -7.2399572
          ],
          [
            112.6833335,
            -7.240084
          ],
          [
            112.6834208,
            -7.240119
          ],
          [
            112.68443,
            -7.2404456
          ],
          [
            112.6854848,
            -7.2408256
          ],
          [
            112.6873978,
            -7.2414746
          ],
          [
            112.6879153,
            -7.2416903
          ]
        ]
      },
      "properties": {
        "id": "osm:way:93865202",
        "name": "Ramp Tandes",
        "highway": "motorway_link",
        "restriction_type": "PROHIBITED_TOLL_ROAD",
        "metadata": {
          "destination": "Kota Surabaya;Kota Malang",
          "destination:ref": "8",
          "highway": "motorway_link",
          "motorcycle": "no",
          "name": "Ramp Tandes",
          "oneway": "yes",
          "toll": "yes"
        }
      }
    },
    {
      "type": "Feature",
      "geometry": {
        "type": "LineString",
        "coordinates": [
          [
            112.6405019,
            -7.2094811
          ],
          [
            112.6415509,
            -7.210649
          ],
          [
            112.6416873,
            -7.2107598
          ],
          [
            112.6420234,
            -7.2109706
          ],
          [
            112.6421464,
            -7.2110249
          ],
          [
            112.6422968,
            -7.2110594
          ],
          [
            112.6424899,
            -7.2110792
          ],
          [
            112.6443689,
            -7.211096
          ],
          [
            112.6445163,
            -7.2110804
          ],
          [
            112.6446769,
            -7.2110422
          ],
          [
            112.6448816,
            -7.210956
          ],
          [
            112.6450898,
            -7.2108227
          ],
          [
            112.6452002,
            -7.2107118
          ],
          [
            112.6456006,
            -7.2099974
          ]
        ]
      },
      "properties": {
        "id": "osm:way:93865204",
        "name": "Simpang Susun Romokalisari",
        "highway": "motorway_link",
        "restriction_type": "PROHIBITED_TOLL_ROAD",
        "metadata": {
          "highway": "motorway_link",
          "lanes": "1",
          "motorcycle": "no",
          "name": "Simpang Susun Romokalisari",
          "oneway": "yes",
          "source": "Bing",
          "toll": "yes"
        }
      }
    },
    {
      "type": "Feature",
      "geometry": {
        "type": "LineString",
        "coordinates": [
          [
            112.7078613,
            -7.2429165
          ],
          [
            112.7073267,
            -7.2428982
          ],
          [
            112.7067724,
            -7.242971
          ],
          [
            112.7065489,
            -7.2430206
          ],
          [
            112.7063686,
            -7.2430683
          ],
          [
            112.7057549,
            -7.243268
          ],
          [
            112.7050897,
            -7.2435368
          ],
          [
            112.7040598,
            -7.2439339
          ],
          [
            112.703697,
            -7.2440636
          ],
          [
            112.7033677,
            -7.2441873
          ],
          [
            112.7030868,
            -7.2442665
          ],
          [
            112.7028059,
            -7.2443273
          ],
          [
            112.7024705,
            -7.2443895
          ],
          [
            112.7021144,
            -7.2444411
          ],
          [
            112.7018088,
            -7.2444547
          ],
          [
            112.7015298,
            -7.2444507
          ],
          [
            112.7012052,
            -7.2444342
          ],
          [
            112.7008154,
            -7.2443868
          ],
          [
            112.6994417,
            -7.244178
          ],
          [
            112.6980543,
            -7.2439332
          ],
          [
            112.6952464,
            -7.2434732
          ]
        ]
      },
      "properties": {
        "id": "osm:way:93865205",
        "name": "Jalan Tol Surabaya - Gresik",
        "highway": "motorway",
        "restriction_type": "PROHIBITED_TOLL_ROAD",
        "metadata": {
          "highway": "motorway",
          "motorcycle": "no",
          "name": "Jalan Tol Surabaya - Gresik",
          "oneway": "yes",
          "operator": "PT. Margabumi Matra Jaya",
          "ref": "8",
          "toll": "yes"
        }
      }
    },
    {
      "type": "Feature",
      "geometry": {
        "type": "LineString",
        "coordinates": [
          [
            112.6842034,
            -7.2407655
          ],
          [
            112.6802527,
            -7.2394414
          ]
        ]
      },
      "properties": {
        "id": "osm:way:93865218",
        "name": "Jalan Tol Surabaya - Gresik",
        "highway": "motorway",
        "restriction_type": "PROHIBITED_TOLL_ROAD",
        "metadata": {
          "bridge": "yes",
          "highway": "motorway",
          "layer": "1",
          "motorcycle": "no",
          "name": "Jalan Tol Surabaya - Gresik",
          "oneway": "yes",
          "operator": "PT. Margabumi Matra Jaya",
          "ref": "8",
          "source": "Bing",
          "toll": "yes"
        }
      }
    },
    {
      "type": "Feature",
      "geometry": {
        "type": "LineString",
        "coordinates": [
          [
            112.7220632,
            -7.2231635
          ],
          [
            112.7222532,
            -7.2229774
          ],
          [
            112.7222908,
            -7.2229257
          ],
          [
            112.7223197,
            -7.2228621
          ],
          [
            112.7224113,
            -7.2225769
          ],
          [
            112.7225183,
            -7.2223032
          ],
          [
            112.7226701,
            -7.2219867
          ],
          [
            112.7228708,
            -7.2216591
          ],
          [
            112.723019,
            -7.2214635
          ],
          [
            112.7230901,
            -7.2213837
          ],
          [
            112.7231738,
            -7.221306
          ],
          [
            112.723369,
            -7.2211269
          ],
          [
            112.7236015,
            -7.220955
          ],
          [
            112.7239336,
            -7.2207693
          ],
          [
            112.7242713,
            -7.2206531
          ],
          [
            112.7246029,
            -7.220554
          ],
          [
            112.7250132,
            -7.220483
          ],
          [
            112.7257077,
            -7.220443
          ],
          [
            112.7267062,
            -7.220395
          ],
          [
            112.7271906,
            -7.2203556
          ],
          [
            112.7275237,
            -7.2202887
          ],
          [
            112.7278523,
            -7.2202006
          ],
          [
            112.7282039,
            -7.2200701
          ],
          [
            112.7287085,
            -7.2198791
          ],
          [
            112.7288507,
            -7.2197994
          ],
          [
            112.7289359,
            -7.2197313
          ],
          [
            112.7290016,
            -7.2196448
          ],
          [
            112.7291475,
            -7.2193806
          ]
        ]
      },
      "properties": {
        "id": "osm:way:93884521",
        "name": "Jalan Laksda. Mohammad Nazir",
        "highway": "motorway_link",
        "restriction_type": "PROHIBITED_TOLL_ROAD",
        "metadata": {
          "highway": "motorway_link",
          "name": "Jalan Laksda. Mohammad Nazir",
          "oneway": "yes",
          "source": "Bing"
        }
      }
    },
    {
      "type": "Feature",
      "geometry": {
        "type": "LineString",
        "coordinates": [
          [
            112.7211139,
            -7.2287374
          ],
          [
            112.7213366,
            -7.2279004
          ],
          [
            112.7216091,
            -7.2266534
          ],
          [
            112.7218867,
            -7.225104
          ],
          [
            112.7219335,
            -7.2248329
          ],
          [
            112.7219307,
            -7.2247558
          ],
          [
            112.7219219,
            -7.2246899
          ],
          [
            112.7219047,
            -7.2245831
          ],
          [
            112.7218082,
            -7.2243021
          ]
        ]
      },
      "properties": {
        "id": "osm:way:94251113",
        "name": "Jalan Tol Surabaya–Gempol",
        "highway": "motorway",
        "restriction_type": "PROHIBITED_TOLL_ROAD",
        "metadata": {
          "highway": "motorway",
          "int_ref": "AH2",
          "motorcycle": "no",
          "name": "Jalan Tol Surabaya–Gempol",
          "oneway": "yes",
          "operator": "PT Jasamarga Surabaya-Gempol",
          "ref": "8",
          "short_name": "Jalan Tol Surgem",
          "source": "Bing",
          "toll": "yes"
        }
      }
    },
    {
      "type": "Feature",
      "geometry": {
        "type": "LineString",
        "coordinates": [
          [
            112.7162668,
            -7.2362843
          ],
          [
            112.7172428,
            -7.2350102
          ],
          [
            112.7175888,
            -7.2345232
          ],
          [
            112.7192652,
            -7.2322681
          ]
        ]
      },
      "properties": {
        "id": "osm:way:94251125",
        "name": "Jalan Tol Surabaya–Gempol",
        "highway": "motorway",
        "restriction_type": "PROHIBITED_TOLL_ROAD",
        "metadata": {
          "bridge": "yes",
          "highway": "motorway",
          "int_ref": "AH2",
          "lanes": "3",
          "layer": "1",
          "motorcycle": "no",
          "name": "Jalan Tol Surabaya–Gempol",
          "oneway": "yes",
          "operator": "PT Jasamarga Surabaya-Gempol",
          "ref": "8",
          "short_name": "Jalan Tol Surgem",
          "smoothness": "good",
          "source": "Bing",
          "surface": "asphalt",
          "toll": "yes",
          "width": "10"
        }
      }
    },
    {
      "type": "Feature",
      "geometry": {
        "type": "LineString",
        "coordinates": [
          [
            112.7143327,
            -7.3339606
          ],
          [
            112.7142602,
            -7.3344419
          ],
          [
            112.7141798,
            -7.3349127
          ],
          [
            112.7141006,
            -7.3353863
          ],
          [
            112.7139893,
            -7.3360194
          ],
          [
            112.7138915,
            -7.3365194
          ],
          [
            112.7138574,
            -7.336683
          ],
          [
            112.7137743,
            -7.3370405
          ],
          [
            112.7137243,
            -7.3372579
          ],
          [
            112.7137173,
            -7.3373244
          ],
          [
            112.7137195,
            -7.3373952
          ],
          [
            112.713736,
            -7.337449
          ],
          [
            112.7137618,
            -7.3375023
          ],
          [
            112.7138078,
            -7.3375688
          ],
          [
            112.7138759,
            -7.3376182
          ],
          [
            112.7140495,
            -7.3376827
          ],
          [
            112.7142482,
            -7.3377207
          ]
        ]
      },
      "properties": {
        "id": "osm:way:138428348",
        "name": "Way #138428348",
        "highway": "motorway_link",
        "restriction_type": "PROHIBITED_TOLL_ROAD",
        "metadata": {
          "destination": "Jambangan;Menanggal",
          "destination:ref": "1",
          "highway": "motorway_link",
          "motorcycle": "no",
          "oneway": "yes",
          "toll": "yes"
        }
      }
    },
    {
      "type": "Feature",
      "geometry": {
        "type": "LineString",
        "coordinates": [
          [
            112.7354102,
            -7.3447688
          ],
          [
            112.7348108,
            -7.3449968
          ],
          [
            112.734672,
            -7.3450677
          ],
          [
            112.734504,
            -7.3451768
          ],
          [
            112.7343433,
            -7.3453039
          ],
          [
            112.734203,
            -7.3454398
          ],
          [
            112.734075,
            -7.3455842
          ],
          [
            112.7339656,
            -7.3457069
          ],
          [
            112.7338846,
            -7.3457851
          ],
          [
            112.7337854,
            -7.3458702
          ],
          [
            112.7336593,
            -7.345962
          ],
          [
            112.7323055,
            -7.346935
          ],
          [
            112.7322109,
            -7.3469942
          ],
          [
            112.7321184,
            -7.3470394
          ],
          [
            112.7320342,
            -7.3470731
          ],
          [
            112.7319621,
            -7.3470891
          ],
          [
            112.7318729,
            -7.3471072
          ],
          [
            112.7317789,
            -7.3471122
          ],
          [
            112.7315971,
            -7.3471202
          ],
          [
            112.7309625,
            -7.3471112
          ],
          [
            112.7306364,
            -7.3470944
          ],
          [
            112.7298417,
            -7.3470868
          ],
          [
            112.7296279,
            -7.3470779
          ]
        ]
      },
      "properties": {
        "id": "osm:way:166644940",
        "name": "Way #166644940",
        "highway": "motorway_link",
        "restriction_type": "PROHIBITED_TOLL_ROAD",
        "metadata": {
          "destination": "Waru;Sidoarjo",
          "highway": "motorway_link",
          "lanes": "1",
          "maxspeed": "40",
          "motorcycle": "no",
          "oneway": "yes",
          "surface": "asphalt",
          "toll": "yes"
        }
      }
    },
    {
      "type": "Feature",
      "geometry": {
        "type": "LineString",
        "coordinates": [
          [
            112.7309625,
            -7.3471112
          ],
          [
            112.7308876,
            -7.3470884
          ],
          [
            112.7308038,
            -7.3470509
          ],
          [
            112.7307397,
            -7.3470102
          ],
          [
            112.7307044,
            -7.3469769
          ],
          [
            112.730668,
            -7.3469189
          ],
          [
            112.7306496,
            -7.3468468
          ],
          [
            112.7306639,
            -7.346745
          ],
          [
            112.7306873,
            -7.3466997
          ],
          [
            112.7307165,
            -7.3466642
          ],
          [
            112.7307746,
            -7.3466297
          ],
          [
            112.7308431,
            -7.3466042
          ],
          [
            112.7309315,
            -7.3465871
          ],
          [
            112.7311194,
            -7.3465689
          ]
        ]
      },
      "properties": {
        "id": "osm:way:166644944",
        "name": "Way #166644944",
        "highway": "motorway_link",
        "restriction_type": "PROHIBITED_TOLL_ROAD",
        "metadata": {
          "highway": "motorway_link",
          "motorcycle": "no",
          "oneway": "yes",
          "toll": "yes"
        }
      }
    },
    {
      "type": "Feature",
      "geometry": {
        "type": "LineString",
        "coordinates": [
          [
            112.682177,
            -7.2409452
          ],
          [
            112.6821087,
            -7.240753
          ],
          [
            112.6820024,
            -7.2405719
          ],
          [
            112.6818551,
            -7.2404329
          ],
          [
            112.6815024,
            -7.2402374
          ],
          [
            112.6798311,
            -7.239441
          ],
          [
            112.6795222,
            -7.2393081
          ],
          [
            112.6790723,
            -7.2391703
          ],
          [
            112.6789202,
            -7.2391388
          ],
          [
            112.6783843,
            -7.2390745
          ],
          [
            112.6780353,
            -7.2389492
          ],
          [
            112.6777151,
            -7.2387979
          ],
          [
            112.6771773,
            -7.2382937
          ]
        ]
      },
      "properties": {
        "id": "osm:way:166646185",
        "name": "Ramp Tandes",
        "highway": "motorway_link",
        "restriction_type": "PROHIBITED_TOLL_ROAD",
        "metadata": {
          "destination": "Gresik",
          "destination:ref": "8",
          "highway": "motorway_link",
          "motorcycle": "no",
          "name": "Ramp Tandes",
          "oneway": "yes",
          "toll": "yes"
        }
      }
    },
    {
      "type": "Feature",
      "geometry": {
        "type": "LineString",
        "coordinates": [
          [
            112.7120903,
            -7.2421984
          ],
          [
            112.7117446,
            -7.2426884
          ],
          [
            112.7113431,
            -7.2431837
          ]
        ]
      },
      "properties": {
        "id": "osm:way:166646194",
        "name": "Simpang Susun Dupak",
        "highway": "motorway_link",
        "restriction_type": "PROHIBITED_TOLL_ROAD",
        "metadata": {
          "destination": "Gresik;Banyu Urip;Malang",
          "destination:ref": "8",
          "highway": "motorway_link",
          "motorcycle": "no",
          "name": "Simpang Susun Dupak",
          "oneway": "yes",
          "toll": "yes"
        }
      }
    },
    {
      "type": "Feature",
      "geometry": {
        "type": "LineString",
        "coordinates": [
          [
            112.6763205,
            -7.2377384
          ],
          [
            112.6775354,
            -7.2381273
          ],
          [
            112.6789176,
            -7.2386238
          ],
          [
            112.6814242,
            -7.2393523
          ],
          [
            112.6815455,
            -7.2393747
          ],
          [
            112.6816871,
            -7.239383
          ],
          [
            112.681814,
            -7.2393792
          ],
          [
            112.6819121,
            -7.23935
          ],
          [
            112.6820254,
            -7.2392795
          ],
          [
            112.682123,
            -7.2391764
          ],
          [
            112.6822448,
            -7.2389988
          ]
        ]
      },
      "properties": {
        "id": "osm:way:166646196",
        "name": "Ramp Tandes",
        "highway": "motorway_link",
        "restriction_type": "PROHIBITED_TOLL_ROAD",
        "metadata": {
          "destination": "Tandes, Kota Surabaya",
          "highway": "motorway_link",
          "motorcycle": "no",
          "name": "Ramp Tandes",
          "oneway": "yes",
          "toll": "yes"
        }
      }
    },
    {
      "type": "Feature",
      "geometry": {
        "type": "LineString",
        "coordinates": [
          [
            112.7120903,
            -7.2421984
          ],
          [
            112.7121064,
            -7.2424019
          ],
          [
            112.7121494,
            -7.2425406
          ],
          [
            112.7122024,
            -7.2426297
          ],
          [
            112.7123931,
            -7.2429109
          ],
          [
            112.7125394,
            -7.243103
          ],
          [
            112.7126154,
            -7.2432136
          ],
          [
            112.7126442,
            -7.2433106
          ],
          [
            112.7126547,
            -7.2434961
          ],
          [
            112.7126186,
            -7.2437426
          ],
          [
            112.7126133,
            -7.2438853
          ],
          [
            112.712635,
            -7.2439988
          ],
          [
            112.7126734,
            -7.2440894
          ],
          [
            112.7127468,
            -7.244181
          ],
          [
            112.7130325,
            -7.2443757
          ]
        ]
      },
      "properties": {
        "id": "osm:way:166646198",
        "name": "Simpang Susun Dupak",
        "highway": "motorway_link",
        "restriction_type": "PROHIBITED_TOLL_ROAD",
        "metadata": {
          "destination": "Pasar Turi",
          "destination:ref": "AH2",
          "highway": "motorway_link",
          "motorcycle": "no",
          "name": "Simpang Susun Dupak",
          "oneway": "yes",
          "ref": "AH2",
          "toll": "yes"
        }
      }
    },
    {
      "type": "Feature",
      "geometry": {
        "type": "LineString",
        "coordinates": [
          [
            112.6281068,
            -7.1953412
          ],
          [
            112.6265466,
            -7.1937618
          ],
          [
            112.6240649,
            -7.1912757
          ],
          [
            112.6223417,
            -7.1896141
          ],
          [
            112.6213721,
            -7.1887055
          ],
          [
            112.6205154,
            -7.1878962
          ],
          [
            112.6194093,
            -7.1868701
          ],
          [
            112.6182703,
            -7.18582
          ],
          [
            112.6164284,
            -7.18416
          ],
          [
            112.6138521,
            -7.1817425
          ],
          [
            112.6132356,
            -7.1811479
          ],
          [
            112.612412,
            -7.180333
          ],
          [
            112.6119775,
            -7.1799019
          ],
          [
            112.6117683,
            -7.1796996
          ],
          [
            112.6115564,
            -7.1794654
          ],
          [
            112.6105198,
            -7.1783158
          ],
          [
            112.6100179,
            -7.177729
          ],
          [
            112.6088154,
            -7.1762241
          ],
          [
            112.6070541,
            -7.1737573
          ],
          [
            112.6056875,
            -7.1716041
          ],
          [
            112.6047805,
            -7.1700042
          ],
          [
            112.6045538,
            -7.1696003
          ],
          [
            112.6038672,
            -7.1682032
          ],
          [
            112.6035254,
            -7.1674432
          ]
        ]
      },
      "properties": {
        "id": "osm:way:166646199",
        "name": "Jalan Tol Surabaya - Gresik",
        "highway": "motorway",
        "restriction_type": "PROHIBITED_TOLL_ROAD",
        "metadata": {
          "highway": "motorway",
          "motorcycle": "no",
          "name": "Jalan Tol Surabaya - Gresik",
          "oneway": "yes",
          "operator": "PT. Margabumi Matra Jaya",
          "ref": "8",
          "toll": "yes"
        }
      }
    },
    {
      "type": "Feature",
      "geometry": {
        "type": "LineString",
        "coordinates": [
          [
            112.6628284,
            -7.2321373
          ],
          [
            112.6624387,
            -7.2319731
          ]
        ]
      },
      "properties": {
        "id": "osm:way:166646200",
        "name": "Jalan Tol Surabaya- Gresik",
        "highway": "motorway",
        "restriction_type": "PROHIBITED_TOLL_ROAD",
        "metadata": {
          "bridge": "yes",
          "highway": "motorway",
          "lanes": "3",
          "layer": "1",
          "motorcycle": "no",
          "name": "Jalan Tol Surabaya- Gresik",
          "oneway": "yes",
          "operator": "PT. Margabumi Matra Jaya",
          "ref": "8",
          "source": "Bing",
          "toll": "yes"
        }
      }
    },
    {
      "type": "Feature",
      "geometry": {
        "type": "LineString",
        "coordinates": [
          [
            112.6624794,
            -7.2318796
          ],
          [
            112.6628615,
            -7.2320413
          ]
        ]
      },
      "properties": {
        "id": "osm:way:166646201",
        "name": "Jalan Tol Surabaya- Gresik",
        "highway": "motorway",
        "restriction_type": "PROHIBITED_TOLL_ROAD",
        "metadata": {
          "bridge": "yes",
          "highway": "motorway",
          "lanes": "3",
          "layer": "1",
          "motorcycle": "no",
          "name": "Jalan Tol Surabaya- Gresik",
          "oneway": "yes",
          "operator": "PT. Margabumi Matra Jaya",
          "ref": "8",
          "toll": "yes"
        }
      }
    },
    {
      "type": "Feature",
      "geometry": {
        "type": "LineString",
        "coordinates": [
          [
            112.6518927,
            -7.2250161
          ],
          [
            112.6513718,
            -7.2244957
          ],
          [
            112.6511103,
            -7.2242136
          ],
          [
            112.6508139,
            -7.2238557
          ],
          [
            112.650649,
            -7.2236561
          ],
          [
            112.6505014,
            -7.2234725
          ],
          [
            112.6498574,
            -7.2226561
          ],
          [
            112.6482683,
            -7.2204312
          ]
        ]
      },
      "properties": {
        "id": "osm:way:166646202",
        "name": "Jalan Tol Surabaya - Gresik",
        "highway": "motorway",
        "restriction_type": "PROHIBITED_TOLL_ROAD",
        "metadata": {
          "bridge": "yes",
          "highway": "motorway",
          "lanes": "3",
          "layer": "1",
          "motorcycle": "no",
          "name": "Jalan Tol Surabaya - Gresik",
          "oneway": "yes",
          "operator": "PT. Margabumi Matra Jaya",
          "ref": "8",
          "source": "Bing",
          "toll": "yes"
        }
      }
    },
    {
      "type": "Feature",
      "geometry": {
        "type": "LineString",
        "coordinates": [
          [
            112.6483894,
            -7.22035
          ],
          [
            112.6497799,
            -7.2222884
          ],
          [
            112.6499824,
            -7.2225492
          ],
          [
            112.6501126,
            -7.2227183
          ],
          [
            112.6503338,
            -7.2230162
          ],
          [
            112.6506717,
            -7.2234619
          ],
          [
            112.6510338,
            -7.2239023
          ],
          [
            112.6511983,
            -7.2240897
          ],
          [
            112.6519395,
            -7.2248982
          ]
        ]
      },
      "properties": {
        "id": "osm:way:166646203",
        "name": "Jalan Tol Surabaya - Gresik",
        "highway": "motorway",
        "restriction_type": "PROHIBITED_TOLL_ROAD",
        "metadata": {
          "bridge": "yes",
          "highway": "motorway",
          "lanes": "3",
          "layer": "1",
          "motorcycle": "no",
          "name": "Jalan Tol Surabaya - Gresik",
          "oneway": "yes",
          "operator": "PT. Margabumi Matra Jaya",
          "ref": "8",
          "toll": "yes"
        }
      }
    },
    {
      "type": "Feature",
      "geometry": {
        "type": "LineString",
        "coordinates": [
          [
            112.6628615,
            -7.2320413
          ],
          [
            112.6637105,
            -7.2324476
          ],
          [
            112.6740414,
            -7.236801
          ],
          [
            112.6753003,
            -7.2373243
          ]
        ]
      },
      "properties": {
        "id": "osm:way:166646204",
        "name": "Jalan Tol Surabaya - Gresik",
        "highway": "motorway",
        "restriction_type": "PROHIBITED_TOLL_ROAD",
        "metadata": {
          "highway": "motorway",
          "motorcycle": "no",
          "name": "Jalan Tol Surabaya - Gresik",
          "oneway": "yes",
          "operator": "PT. Margabumi Matra Jaya",
          "ref": "8",
          "toll": "yes"
        }
      }
    },
    {
      "type": "Feature",
      "geometry": {
        "type": "LineString",
        "coordinates": [
          [
            112.6519395,
            -7.2248982
          ],
          [
            112.6524209,
            -7.2254207
          ],
          [
            112.6538996,
            -7.226847
          ],
          [
            112.6553132,
            -7.2279882
          ],
          [
            112.6566693,
            -7.2289211
          ],
          [
            112.6582793,
            -7.2299081
          ],
          [
            112.6596966,
            -7.2306406
          ],
          [
            112.6610705,
            -7.231265
          ],
          [
            112.6624794,
            -7.2318796
          ]
        ]
      },
      "properties": {
        "id": "osm:way:166646205",
        "name": "Jalan Tol Surabaya - Gresik",
        "highway": "motorway",
        "restriction_type": "PROHIBITED_TOLL_ROAD",
        "metadata": {
          "highway": "motorway",
          "motorcycle": "no",
          "name": "Jalan Tol Surabaya - Gresik",
          "oneway": "yes",
          "operator": "PT. Margabumi Matra Jaya",
          "ref": "8",
          "toll": "yes"
        }
      }
    },
    {
      "type": "Feature",
      "geometry": {
        "type": "LineString",
        "coordinates": [
          [
            112.6624387,
            -7.2319731
          ],
          [
            112.6610206,
            -7.2313642
          ],
          [
            112.6596551,
            -7.2307234
          ],
          [
            112.6582108,
            -7.2299992
          ],
          [
            112.6565932,
            -7.229004
          ],
          [
            112.6552382,
            -7.2280505
          ],
          [
            112.6538306,
            -7.2269199
          ],
          [
            112.6523286,
            -7.2254871
          ],
          [
            112.6518927,
            -7.2250161
          ]
        ]
      },
      "properties": {
        "id": "osm:way:166646206",
        "name": "Jalan Tol Surabaya - Gresik",
        "highway": "motorway",
        "restriction_type": "PROHIBITED_TOLL_ROAD",
        "metadata": {
          "highway": "motorway",
          "motorcycle": "no",
          "name": "Jalan Tol Surabaya - Gresik",
          "oneway": "yes",
          "operator": "PT. Margabumi Matra Jaya",
          "ref": "8",
          "toll": "yes"
        }
      }
    },
    {
      "type": "Feature",
      "geometry": {
        "type": "LineString",
        "coordinates": [
          [
            112.7093276,
            -7.2608135
          ],
          [
            112.709272,
            -7.2607336
          ],
          [
            112.7092355,
            -7.2606506
          ],
          [
            112.7091936,
            -7.2605533
          ],
          [
            112.7090826,
            -7.2604065
          ],
          [
            112.7089354,
            -7.2603093
          ],
          [
            112.7088275,
            -7.2602698
          ],
          [
            112.708704,
            -7.2602561
          ],
          [
            112.7085971,
            -7.2602594
          ],
          [
            112.7085344,
            -7.26025
          ]
        ]
      },
      "properties": {
        "id": "osm:way:166646207",
        "name": "Banyu Urip",
        "highway": "motorway_link",
        "restriction_type": "PROHIBITED_TOLL_ROAD",
        "metadata": {
          "destination": "Banyu Urip;Pasar Kembang;Tandes",
          "highway": "motorway_link",
          "motorcycle": "no",
          "name": "Banyu Urip",
          "oneway": "yes",
          "toll": "yes"
        }
      }
    },
    {
      "type": "Feature",
      "geometry": {
        "type": "LineString",
        "coordinates": [
          [
            112.7610903,
            -7.3433059
          ],
          [
            112.76068,
            -7.3432511
          ],
          [
            112.7603543,
            -7.3431704
          ],
          [
            112.7600645,
            -7.3431092
          ],
          [
            112.7598053,
            -7.3430585
          ],
          [
            112.7596256,
            -7.3430431
          ],
          [
            112.7594367,
            -7.343026
          ],
          [
            112.7592819,
            -7.3430115
          ],
          [
            112.7590861,
            -7.3430142
          ],
          [
            112.7587937,
            -7.3430169
          ],
          [
            112.7584531,
            -7.3430461
          ],
          [
            112.758217,
            -7.3430807
          ],
          [
            112.7579569,
            -7.3431286
          ],
          [
            112.7577423,
            -7.3431765
          ],
          [
            112.7569054,
            -7.3433654
          ],
          [
            112.7568484,
            -7.3433886
          ],
          [
            112.7567874,
            -7.3434239
          ],
          [
            112.7567255,
            -7.3434958
          ],
          [
            112.7566982,
            -7.3435436
          ],
          [
            112.7566479,
            -7.3436314
          ],
          [
            112.7565782,
            -7.3436926
          ],
          [
            112.7565246,
            -7.3437192
          ],
          [
            112.7563734,
            -7.3437928
          ]
        ]
      },
      "properties": {
        "id": "osm:way:223146085",
        "name": "Way #223146085",
        "highway": "motorway_link",
        "restriction_type": "PROHIBITED_TOLL_ROAD",
        "metadata": {
          "destination": "Rungkut",
          "highway": "motorway_link",
          "lanes": "1",
          "maxspeed": "40",
          "motorcycle": "no",
          "oneway": "yes",
          "surface": "asphalt",
          "toll": "yes"
        }
      }
    },
    {
      "type": "Feature",
      "geometry": {
        "type": "LineString",
        "coordinates": [
          [
            112.7577423,
            -7.3431765
          ],
          [
            112.7575051,
            -7.3432748
          ],
          [
            112.7569752,
            -7.3433973
          ],
          [
            112.7568899,
            -7.3434225
          ],
          [
            112.7568403,
            -7.3434604
          ],
          [
            112.7568087,
            -7.343501
          ],
          [
            112.7567899,
            -7.3435562
          ],
          [
            112.7567874,
            -7.3436247
          ],
          [
            112.7568169,
            -7.3437085
          ],
          [
            112.7568572,
            -7.3437617
          ],
          [
            112.7569001,
            -7.3438149
          ],
          [
            112.7569832,
            -7.3438894
          ],
          [
            112.7570437,
            -7.3439441
          ]
        ]
      },
      "properties": {
        "id": "osm:way:223146086",
        "name": "Way #223146086",
        "highway": "motorway_link",
        "restriction_type": "PROHIBITED_TOLL_ROAD",
        "metadata": {
          "destination": "Rungkut",
          "highway": "motorway_link",
          "lanes": "1",
          "maxspeed": "40",
          "motorcycle": "no",
          "oneway": "yes",
          "surface": "asphalt",
          "toll": "yes"
        }
      }
    },
    {
      "type": "Feature",
      "geometry": {
        "type": "LineString",
        "coordinates": [
          [
            112.7505043,
            -7.3425879
          ],
          [
            112.7510448,
            -7.3426151
          ],
          [
            112.75144,
            -7.3426404
          ],
          [
            112.7517463,
            -7.3426655
          ],
          [
            112.7520037,
            -7.3426991
          ],
          [
            112.7522819,
            -7.3427275
          ],
          [
            112.752739,
            -7.342795
          ],
          [
            112.7534508,
            -7.3429132
          ],
          [
            112.7542569,
            -7.343037
          ],
          [
            112.7545853,
            -7.3430727
          ]
        ]
      },
      "properties": {
        "id": "osm:way:223148975",
        "name": "Way #223148975",
        "highway": "motorway_link",
        "restriction_type": "PROHIBITED_TOLL_ROAD",
        "metadata": {
          "destination": "Rungkut",
          "highway": "motorway_link",
          "lanes": "1",
          "maxspeed": "40",
          "motorcycle": "no",
          "oneway": "yes",
          "surface": "asphalt",
          "toll": "yes"
        }
      }
    },
    {
      "type": "Feature",
      "geometry": {
        "type": "LineString",
        "coordinates": [
          [
            112.7581048,
            -7.3426805
          ],
          [
            112.7582838,
            -7.3426479
          ],
          [
            112.7588313,
            -7.3426152
          ],
          [
            112.7591901,
            -7.3426387
          ],
          [
            112.759621,
            -7.3427105
          ],
          [
            112.7600671,
            -7.342815
          ],
          [
            112.7604814,
            -7.3429289
          ],
          [
            112.7612452,
            -7.3431915
          ]
        ]
      },
      "properties": {
        "id": "osm:way:223148976",
        "name": "Way #223148976",
        "highway": "motorway_link",
        "restriction_type": "PROHIBITED_TOLL_ROAD",
        "metadata": {
          "destination": "Juanda",
          "destination:ref": "AH2",
          "highway": "motorway_link",
          "lanes": "1",
          "maxspeed": "40",
          "motorcycle": "no",
          "oneway": "yes",
          "surface": "asphalt",
          "toll": "yes"
        }
      }
    },
    {
      "type": "Feature",
      "geometry": {
        "type": "LineString",
        "coordinates": [
          [
            112.7545853,
            -7.3430727
          ],
          [
            112.7547623,
            -7.3430967
          ],
          [
            112.7549823,
            -7.3431286
          ],
          [
            112.7551835,
            -7.3431579
          ],
          [
            112.7555268,
            -7.3431765
          ],
          [
            112.7558513,
            -7.3431765
          ],
          [
            112.756082,
            -7.3431552
          ],
          [
            112.7564119,
            -7.343102
          ],
          [
            112.7566748,
            -7.3430461
          ],
          [
            112.7571602,
            -7.3429371
          ],
          [
            112.7578184,
            -7.3427444
          ],
          [
            112.7581048,
            -7.3426805
          ]
        ]
      },
      "properties": {
        "id": "osm:way:223148980",
        "name": "Way #223148980",
        "highway": "motorway_link",
        "restriction_type": "PROHIBITED_TOLL_ROAD",
        "metadata": {
          "destination": "Juanda",
          "highway": "motorway_link",
          "lanes": "1",
          "maxspeed": "40",
          "motorcycle": "no",
          "oneway": "yes",
          "surface": "asphalt",
          "toll": "yes"
        }
      }
    },
    {
      "type": "Feature",
      "geometry": {
        "type": "LineString",
        "coordinates": [
          [
            112.7546351,
            -7.3435561
          ],
          [
            112.7545721,
            -7.3435535
          ],
          [
            112.7544512,
            -7.3435271
          ],
          [
            112.7543218,
            -7.3434653
          ],
          [
            112.7542395,
            -7.3434064
          ],
          [
            112.75409,
            -7.3433766
          ],
          [
            112.7537425,
            -7.3433135
          ],
          [
            112.7534168,
            -7.3432792
          ],
          [
            112.7529584,
            -7.3432305
          ],
          [
            112.7523729,
            -7.3431529
          ]
        ]
      },
      "properties": {
        "id": "osm:way:223148982",
        "name": "Way #223148982",
        "highway": "motorway_link",
        "restriction_type": "PROHIBITED_TOLL_ROAD",
        "metadata": {
          "destination:ref": "AH2",
          "highway": "motorway_link",
          "lanes": "1",
          "maxspeed": "40",
          "motorcycle": "no",
          "oneway": "yes",
          "surface": "asphalt",
          "toll": "yes"
        }
      }
    },
    {
      "type": "Feature",
      "geometry": {
        "type": "LineString",
        "coordinates": [
          [
            112.7523729,
            -7.3431529
          ],
          [
            112.751569,
            -7.343005
          ],
          [
            112.7513621,
            -7.3429704
          ],
          [
            112.7510637,
            -7.3429252
          ],
          [
            112.7509119,
            -7.3429035
          ],
          [
            112.7507538,
            -7.3428778
          ],
          [
            112.7506037,
            -7.3428532
          ],
          [
            112.7504424,
            -7.3428342
          ],
          [
            112.7502937,
            -7.3428121
          ],
          [
            112.7501232,
            -7.3427882
          ],
          [
            112.7499966,
            -7.3427724
          ],
          [
            112.7499011,
            -7.3427558
          ],
          [
            112.7498639,
            -7.3427418
          ],
          [
            112.7498167,
            -7.3427086
          ]
        ]
      },
      "properties": {
        "id": "osm:way:223149621",
        "name": "Way #223149621",
        "highway": "motorway_link",
        "restriction_type": "PROHIBITED_TOLL_ROAD",
        "metadata": {
          "destination:ref": "AH2",
          "highway": "motorway_link",
          "lanes": "1",
          "maxspeed": "40",
          "motorcycle": "no",
          "oneway": "yes",
          "surface": "asphalt",
          "toll": "yes"
        }
      }
    },
    {
      "type": "Feature",
      "geometry": {
        "type": "LineString",
        "coordinates": [
          [
            112.6756384,
            -7.2374649
          ],
          [
            112.6763205,
            -7.2377384
          ],
          [
            112.6781915,
            -7.2385426
          ],
          [
            112.6803023,
            -7.2393296
          ]
        ]
      },
      "properties": {
        "id": "osm:way:229871697",
        "name": "Jalan Tol Surabaya - Gresik",
        "highway": "motorway",
        "restriction_type": "PROHIBITED_TOLL_ROAD",
        "metadata": {
          "highway": "motorway",
          "motorcycle": "no",
          "name": "Jalan Tol Surabaya - Gresik",
          "oneway": "yes",
          "operator": "PT. Margabumi Matra Jaya",
          "ref": "8",
          "toll": "yes"
        }
      }
    },
    {
      "type": "Feature",
      "geometry": {
        "type": "LineString",
        "coordinates": [
          [
            112.6752555,
            -7.2374335
          ],
          [
            112.6739816,
            -7.2368975
          ],
          [
            112.6636615,
            -7.2325418
          ],
          [
            112.6628284,
            -7.2321373
          ]
        ]
      },
      "properties": {
        "id": "osm:way:229871699",
        "name": "Jalan Tol Surabaya - Gresik",
        "highway": "motorway",
        "restriction_type": "PROHIBITED_TOLL_ROAD",
        "metadata": {
          "highway": "motorway",
          "motorcycle": "no",
          "name": "Jalan Tol Surabaya - Gresik",
          "oneway": "yes",
          "operator": "PT. Margabumi Matra Jaya",
          "ref": "8",
          "toll": "yes"
        }
      }
    },
    {
      "type": "Feature",
      "geometry": {
        "type": "LineString",
        "coordinates": [
          [
            112.6755808,
            -7.2375719
          ],
          [
            112.6752555,
            -7.2374335
          ]
        ]
      },
      "properties": {
        "id": "osm:way:229871703",
        "name": "Jalan Tol Surabaya - Gresik",
        "highway": "motorway",
        "restriction_type": "PROHIBITED_TOLL_ROAD",
        "metadata": {
          "bridge": "yes",
          "highway": "motorway",
          "layer": "1",
          "motorcycle": "no",
          "name": "Jalan Tol Surabaya - Gresik",
          "oneway": "yes",
          "operator": "PT. Margabumi Matra Jaya",
          "ref": "8",
          "toll": "yes"
        }
      }
    },
    {
      "type": "Feature",
      "geometry": {
        "type": "LineString",
        "coordinates": [
          [
            112.6753003,
            -7.2373243
          ],
          [
            112.6756384,
            -7.2374649
          ]
        ]
      },
      "properties": {
        "id": "osm:way:229871709",
        "name": "Jalan Tol Surabaya - Gresik",
        "highway": "motorway",
        "restriction_type": "PROHIBITED_TOLL_ROAD",
        "metadata": {
          "bridge": "yes",
          "highway": "motorway",
          "layer": "1",
          "motorcycle": "no",
          "name": "Jalan Tol Surabaya - Gresik",
          "oneway": "yes",
          "operator": "PT. Margabumi Matra Jaya",
          "ref": "8",
          "toll": "yes"
        }
      }
    },
    {
      "type": "Feature",
      "geometry": {
        "type": "LineString",
        "coordinates": [
          [
            112.8049809,
            -7.3577272
          ],
          [
            112.804851,
            -7.357549
          ],
          [
            112.8046671,
            -7.3571282
          ],
          [
            112.8046125,
            -7.356937
          ],
          [
            112.8044266,
            -7.3565568
          ],
          [
            112.8042904,
            -7.3562712
          ],
          [
            112.8041561,
            -7.3558855
          ],
          [
            112.8040211,
            -7.3553533
          ],
          [
            112.803834,
            -7.3543528
          ],
          [
            112.8035516,
            -7.3527945
          ],
          [
            112.8033649,
            -7.3518388
          ],
          [
            112.8033262,
            -7.3516406
          ],
          [
            112.80317,
            -7.3511808
          ],
          [
            112.8029567,
            -7.3507797
          ],
          [
            112.8026914,
            -7.3504857
          ],
          [
            112.8024584,
            -7.3502752
          ],
          [
            112.8020448,
            -7.3500036
          ],
          [
            112.8017274,
            -7.3498557
          ],
          [
            112.8012769,
            -7.349722
          ],
          [
            112.7996629,
            -7.3494046
          ],
          [
            112.7976361,
            -7.3489956
          ],
          [
            112.7955193,
            -7.348578
          ],
          [
            112.7927042,
            -7.3480315
          ],
          [
            112.7911109,
            -7.3477177
          ],
          [
            112.7902346,
            -7.3475464
          ],
          [
            112.7884277,
            -7.3471512
          ],
          [
            112.7819549,
            -7.3456288
          ],
          [
            112.781257,
            -7.3454542
          ],
          [
            112.7790807,
            -7.3448919
          ],
          [
            112.7788981,
            -7.3448474
          ],
          [
            112.7788136,
            -7.3448248
          ],
          [
            112.7787363,
            -7.3448095
          ],
          [
            112.7769443,
            -7.3444828
          ],
          [
            112.774456,
            -7.3440607
          ],
          [
            112.772032,
            -7.3436506
          ],
          [
            112.7719172,
            -7.3436329
          ],
          [
            112.769239,
            -7.3432103
          ],
          [
            112.7682477,
            -7.3430321
          ],
          [
            112.7677984,
            -7.3429542
          ],
          [
            112.7672405,
            -7.3428248
          ],
          [
            112.7659576,
            -7.3424769
          ],
          [
            112.7656595,
            -7.3424123
          ],
          [
            112.7653152,
            -7.3423679
          ],
          [
            112.7650867,
            -7.3423641
          ],
          [
            112.7648681,
            -7.3423858
          ],
          [
            112.764414,
            -7.3424916
          ],
          [
            112.7639896,
            -7.3426707
          ],
          [
            112.7637954,
            -7.3427765
          ],
          [
            112.7635625,
            -7.3428985
          ],
          [
            112.7632242,
            -7.343086
          ],
          [
            112.762917,
            -7.3432319
          ],
          [
            112.7627195,
            -7.3432946
          ],
          [
            112.762674,
            -7.3433091
          ],
          [
            112.7624515,
            -7.3433643
          ],
          [
            112.7622445,
            -7.3433972
          ]
        ]
      },
      "properties": {
        "id": "osm:way:256675393",
        "name": "Jalan Tol Waru–Juanda",
        "highway": "motorway",
        "restriction_type": "PROHIBITED_TOLL_ROAD",
        "metadata": {
          "bridge": "yes",
          "highway": "motorway",
          "int_ref": "AH2",
          "lanes": "2",
          "layer": "1",
          "maxspeed": "80",
          "motorcycle": "no",
          "name": "Jalan Tol Waru–Juanda",
          "oneway": "yes",
          "operator": "PT Citra Marga Surabaya",
          "ref": "11",
          "source": "local_knowledge",
          "surface": "asphalt",
          "toll": "yes"
        }
      }
    },
    {
      "type": "Feature",
      "geometry": {
        "type": "LineString",
        "coordinates": [
          [
            112.7902823,
            -7.3472901
          ],
          [
            112.7914759,
            -7.3475615
          ],
          [
            112.7923382,
            -7.3477436
          ],
          [
            112.7925537,
            -7.3478453
          ]
        ]
      },
      "properties": {
        "id": "osm:way:256676008",
        "name": "Way #256676008",
        "highway": "motorway_link",
        "restriction_type": "PROHIBITED_TOLL_ROAD",
        "metadata": {
          "bridge": "yes",
          "destination": "Bandara;Sedati",
          "destination:ref": "AH2",
          "highway": "motorway_link",
          "lanes": "1",
          "layer": "1",
          "maxspeed": "40",
          "motorcycle": "no",
          "oneway": "yes",
          "surface": "asphalt",
          "toll": "yes"
        }
      }
    },
    {
      "type": "Feature",
      "geometry": {
        "type": "LineString",
        "coordinates": [
          [
            112.786369,
            -7.3460645
          ],
          [
            112.7863825,
            -7.3461323
          ],
          [
            112.7863936,
            -7.3462044
          ],
          [
            112.7864107,
            -7.3462849
          ],
          [
            112.7864526,
            -7.3463688
          ],
          [
            112.7864802,
            -7.3463971
          ],
          [
            112.786503,
            -7.3464205
          ],
          [
            112.7865509,
            -7.3464467
          ],
          [
            112.787362,
            -7.3466413
          ],
          [
            112.7882687,
            -7.3468561
          ],
          [
            112.7889738,
            -7.3469692
          ],
          [
            112.7892575,
            -7.3470283
          ]
        ]
      },
      "properties": {
        "id": "osm:way:256676011",
        "name": "Way #256676011",
        "highway": "motorway_link",
        "restriction_type": "PROHIBITED_TOLL_ROAD",
        "metadata": {
          "destination": "Bandara;Sedati",
          "destination:ref": "AH2",
          "highway": "motorway_link",
          "lanes": "1",
          "maxspeed": "40",
          "motorcycle": "no",
          "oneway": "yes",
          "surface": "asphalt",
          "toll": "yes"
        }
      }
    },
    {
      "type": "Feature",
      "geometry": {
        "type": "LineString",
        "coordinates": [
          [
            112.7899991,
            -7.3476056
          ],
          [
            112.7866785,
            -7.3468265
          ],
          [
            112.7865532,
            -7.346807
          ],
          [
            112.7864406,
            -7.3468215
          ],
          [
            112.7863567,
            -7.3468811
          ],
          [
            112.7862681,
            -7.3469942
          ],
          [
            112.7861796,
            -7.3471351
          ],
          [
            112.786071,
            -7.3472931
          ]
        ]
      },
      "properties": {
        "id": "osm:way:256676014",
        "name": "Way #256676014",
        "highway": "motorway_link",
        "restriction_type": "PROHIBITED_TOLL_ROAD",
        "metadata": {
          "highway": "motorway_link",
          "lanes": "1",
          "motorcycle": "no",
          "oneway": "yes",
          "surface": "asphalt",
          "toll": "yes"
        }
      }
    },
    {
      "type": "Feature",
      "geometry": {
        "type": "LineString",
        "coordinates": [
          [
            112.7760854,
            -7.3441727
          ],
          [
            112.7769903,
            -7.3442375
          ],
          [
            112.7770822,
            -7.3442468
          ],
          [
            112.7771801,
            -7.3442635
          ],
          [
            112.7773726,
            -7.3442934
          ],
          [
            112.7777696,
            -7.3443645
          ]
        ]
      },
      "properties": {
        "id": "osm:way:256676017",
        "name": "Way #256676017",
        "highway": "motorway_link",
        "restriction_type": "PROHIBITED_TOLL_ROAD",
        "metadata": {
          "bridge": "yes",
          "destination": "Tambak Sumur;Kenjeran;Suramadu",
          "highway": "motorway_link",
          "lanes": "1",
          "layer": "1",
          "maxspeed": "40",
          "motorcycle": "no",
          "oneway": "yes",
          "surface": "asphalt",
          "toll": "yes"
        }
      }
    },
    {
      "type": "Feature",
      "geometry": {
        "type": "LineString",
        "coordinates": [
          [
            112.7164985,
            -7.3479132
          ],
          [
            112.7166051,
            -7.3480529
          ],
          [
            112.7166601,
            -7.348136
          ],
          [
            112.7167064,
            -7.3482218
          ],
          [
            112.7167386,
            -7.3483063
          ],
          [
            112.7167654,
            -7.3483774
          ],
          [
            112.7167775,
            -7.3484539
          ],
          [
            112.7167795,
            -7.3485297
          ],
          [
            112.7167708,
            -7.3486115
          ],
          [
            112.71675,
            -7.3486874
          ],
          [
            112.7167171,
            -7.3487579
          ],
          [
            112.7166782,
            -7.348819
          ],
          [
            112.7166206,
            -7.3488869
          ],
          [
            112.7165495,
            -7.3489474
          ],
          [
            112.7164576,
            -7.3489999
          ],
          [
            112.7163523,
            -7.3490438
          ],
          [
            112.7162491,
            -7.3490771
          ],
          [
            112.7161532,
            -7.349091
          ],
          [
            112.7160446,
            -7.3490944
          ],
          [
            112.7157844,
            -7.3490784
          ],
          [
            112.7154974,
            -7.3490425
          ],
          [
            112.7153217,
            -7.3490225
          ],
          [
            112.7151574,
            -7.3490132
          ],
          [
            112.7149643,
            -7.3490166
          ],
          [
            112.714863,
            -7.3490219
          ],
          [
            112.7147779,
            -7.3490378
          ],
          [
            112.7146907,
            -7.3490678
          ],
          [
            112.7145955,
            -7.349101
          ],
          [
            112.7144969,
            -7.3491449
          ],
          [
            112.7143561,
            -7.3492167
          ],
          [
            112.7142374,
            -7.3492693
          ],
          [
            112.7141168,
            -7.3493211
          ]
        ]
      },
      "properties": {
        "id": "osm:way:256684607",
        "name": "Way #256684607",
        "highway": "motorway_link",
        "restriction_type": "PROHIBITED_TOLL_ROAD",
        "metadata": {
          "destination": "Bungurasih;Mojokerto",
          "destination:ref": "15",
          "highway": "motorway_link",
          "motorcycle": "no",
          "oneway": "yes",
          "surface": "asphalt",
          "toll": "yes"
        }
      }
    },
    {
      "type": "Feature",
      "geometry": {
        "type": "LineString",
        "coordinates": [
          [
            112.7144126,
            -7.3461644
          ],
          [
            112.7140711,
            -7.3461469
          ],
          [
            112.7138519,
            -7.3461283
          ],
          [
            112.7136735,
            -7.3461043
          ],
          [
            112.7134502,
            -7.3460684
          ],
          [
            112.7132799,
            -7.3460352
          ],
          [
            112.7130693,
            -7.3459806
          ],
          [
            112.7129392,
            -7.345934
          ],
          [
            112.7117757,
            -7.3455889
          ],
          [
            112.7115964,
            -7.3455616
          ],
          [
            112.7114365,
            -7.3455752
          ],
          [
            112.7112958,
            -7.3456299
          ],
          [
            112.7112159,
            -7.3457065
          ],
          [
            112.7111221,
            -7.345846
          ],
          [
            112.710962,
            -7.3461553
          ]
        ]
      },
      "properties": {
        "id": "osm:way:256684609",
        "name": "Way #256684609",
        "highway": "motorway_link",
        "restriction_type": "PROHIBITED_TOLL_ROAD",
        "metadata": {
          "destination": "Sidoarjo;Malang;Pasuruan",
          "destination:ref": "8",
          "highway": "motorway_link",
          "motorcycle": "no",
          "oneway": "yes",
          "toll": "yes"
        }
      }
    },
    {
      "type": "Feature",
      "geometry": {
        "type": "LineString",
        "coordinates": [
          [
            112.716121,
            -7.3475116
          ],
          [
            112.715846,
            -7.347129
          ],
          [
            112.7157495,
            -7.3469948
          ],
          [
            112.7156697,
            -7.3468844
          ],
          [
            112.7155879,
            -7.3467773
          ]
        ]
      },
      "properties": {
        "id": "osm:way:256684611",
        "name": "Way #256684611",
        "highway": "motorway_link",
        "restriction_type": "PROHIBITED_TOLL_ROAD",
        "metadata": {
          "destination": "Surabaya;Gresik;Pasuruan;Malang;Tj. Perak",
          "destination:ref": "8",
          "highway": "motorway_link",
          "motorcycle": "no",
          "oneway": "yes",
          "toll": "yes"
        }
      }
    },
    {
      "type": "Feature",
      "geometry": {
        "type": "LineString",
        "coordinates": [
          [
            112.7155879,
            -7.3467773
          ],
          [
            112.7154957,
            -7.346665
          ],
          [
            112.7154042,
            -7.3465659
          ],
          [
            112.7153398,
            -7.3465107
          ],
          [
            112.7152312,
            -7.3464495
          ]
        ]
      },
      "properties": {
        "id": "osm:way:256684612",
        "name": "Way #256684612",
        "highway": "motorway_link",
        "restriction_type": "PROHIBITED_TOLL_ROAD",
        "metadata": {
          "destination": "Surabaya;Gresik;Pasuruan;Malang;Tj. Perak",
          "destination:ref": "8",
          "highway": "motorway_link",
          "oneway": "yes",
          "toll": "yes"
        }
      }
    },
    {
      "type": "Feature",
      "geometry": {
        "type": "LineString",
        "coordinates": [
          [
            112.7129434,
            -7.3457245
          ],
          [
            112.7127837,
            -7.3456827
          ],
          [
            112.7121574,
            -7.3455071
          ],
          [
            112.7119467,
            -7.3454471
          ],
          [
            112.7113814,
            -7.3452863
          ]
        ]
      },
      "properties": {
        "id": "osm:way:256684613",
        "name": "Way #256684613",
        "highway": "motorway_link",
        "restriction_type": "PROHIBITED_TOLL_ROAD",
        "metadata": {
          "destination": "Gunung Sari;Kota Satelit;Gresik",
          "destination:ref": "8",
          "highway": "motorway_link",
          "motorcycle": "no",
          "oneway": "yes",
          "toll": "yes"
        }
      }
    },
    {
      "type": "Feature",
      "geometry": {
        "type": "LineString",
        "coordinates": [
          [
            112.7113986,
            -7.3451927
          ],
          [
            112.7121144,
            -7.3453745
          ],
          [
            112.7129789,
            -7.3455942
          ]
        ]
      },
      "properties": {
        "id": "osm:way:256684614",
        "name": "Way #256684614",
        "highway": "motorway_link",
        "restriction_type": "PROHIBITED_TOLL_ROAD",
        "metadata": {
          "destination": "Waru;Wonokromo;Taman",
          "destination:ref": "15",
          "highway": "motorway_link",
          "oneway": "yes",
          "toll": "yes"
        }
      }
    },
    {
      "type": "Feature",
      "geometry": {
        "type": "LineString",
        "coordinates": [
          [
            112.7131025,
            -7.3456275
          ],
          [
            112.7132961,
            -7.3456912
          ],
          [
            112.7139638,
            -7.3459327
          ],
          [
            112.7141761,
            -7.3459969
          ],
          [
            112.714342,
            -7.3460471
          ],
          [
            112.7150044,
            -7.3462272
          ],
          [
            112.7151453,
            -7.3462792
          ],
          [
            112.7152667,
            -7.3463351
          ],
          [
            112.7153653,
            -7.3463969
          ],
          [
            112.7154953,
            -7.3465127
          ],
          [
            112.7155282,
            -7.3465519
          ]
        ]
      },
      "properties": {
        "id": "osm:way:256684615",
        "name": "Way #256684615",
        "highway": "motorway_link",
        "restriction_type": "PROHIBITED_TOLL_ROAD",
        "metadata": {
          "destination": "Waru;Wonokromo;Taman",
          "destination:ref": "15",
          "highway": "motorway_link",
          "motorcycle": "no",
          "oneway": "yes",
          "toll": "yes"
        }
      }
    },
    {
      "type": "Feature",
      "geometry": {
        "type": "LineString",
        "coordinates": [
          [
            112.7155282,
            -7.3465519
          ],
          [
            112.7157294,
            -7.346772
          ],
          [
            112.7158595,
            -7.3469084
          ],
          [
            112.7159949,
            -7.3470387
          ],
          [
            112.716066,
            -7.3470972
          ],
          [
            112.7161431,
            -7.3471498
          ],
          [
            112.7162135,
            -7.3471837
          ],
          [
            112.7162866,
            -7.347213
          ],
          [
            112.7163684,
            -7.3472256
          ],
          [
            112.7164677,
            -7.3472276
          ],
          [
            112.7165548,
            -7.3472189
          ],
          [
            112.7166467,
            -7.347193
          ],
          [
            112.7167552,
            -7.3471544
          ],
          [
            112.7170993,
            -7.3469942
          ]
        ]
      },
      "properties": {
        "id": "osm:way:256684618",
        "name": "Way #256684618",
        "highway": "motorway_link",
        "restriction_type": "PROHIBITED_TOLL_ROAD",
        "metadata": {
          "destination": "Waru;Bandara Juanda",
          "destination:ref": "15",
          "highway": "motorway_link",
          "motorcycle": "no",
          "oneway": "yes",
          "toll": "yes"
        }
      }
    },
    {
      "type": "Feature",
      "geometry": {
        "type": "LineString",
        "coordinates": [
          [
            112.7153524,
            -7.3482744
          ],
          [
            112.7154078,
            -7.3481792
          ],
          [
            112.715494,
            -7.3480882
          ],
          [
            112.7156885,
            -7.3479106
          ],
          [
            112.7157395,
            -7.3478401
          ],
          [
            112.715783,
            -7.3477596
          ],
          [
            112.7158132,
            -7.3476911
          ],
          [
            112.7158293,
            -7.3476113
          ],
          [
            112.7158353,
            -7.3475368
          ],
          [
            112.7158307,
            -7.3474331
          ],
          [
            112.7158125,
            -7.347326
          ],
          [
            112.7157864,
            -7.3472396
          ],
          [
            112.7157348,
            -7.3471365
          ],
          [
            112.7156623,
            -7.3470008
          ],
          [
            112.7155524,
            -7.3468166
          ],
          [
            112.7154538,
            -7.3466942
          ],
          [
            112.7153686,
            -7.3466058
          ],
          [
            112.7152312,
            -7.3464495
          ]
        ]
      },
      "properties": {
        "id": "osm:way:256684619",
        "name": "Way #256684619",
        "highway": "motorway_link",
        "restriction_type": "PROHIBITED_TOLL_ROAD",
        "metadata": {
          "destination": "Gresik;Gempol",
          "destination:ref": "8",
          "highway": "motorway_link",
          "motorcycle": "no",
          "oneway": "yes",
          "toll": "yes"
        }
      }
    },
    {
      "type": "Feature",
      "geometry": {
        "type": "LineString",
        "coordinates": [
          [
            112.7155282,
            -7.3465519
          ],
          [
            112.7158112,
            -7.3469642
          ],
          [
            112.7161886,
            -7.3474812
          ]
        ]
      },
      "properties": {
        "id": "osm:way:256684621",
        "name": "Way #256684621",
        "highway": "motorway_link",
        "restriction_type": "PROHIBITED_TOLL_ROAD",
        "metadata": {
          "destination": "Bungurasih;Mojokerto",
          "destination:ref": "15",
          "highway": "motorway_link",
          "motorcycle": "no",
          "oneway": "yes",
          "toll": "yes"
        }
      }
    },
    {
      "type": "Feature",
      "geometry": {
        "type": "LineString",
        "coordinates": [
          [
            112.7242931,
            -7.3468276
          ],
          [
            112.7240228,
            -7.3467906
          ],
          [
            112.7234294,
            -7.3466683
          ]
        ]
      },
      "properties": {
        "id": "osm:way:256684623",
        "name": "Jalan Tol Waru–Juanda",
        "highway": "motorway",
        "restriction_type": "PROHIBITED_TOLL_ROAD",
        "metadata": {
          "highway": "motorway",
          "int_ref": "AH2",
          "motorcycle": "no",
          "name": "Jalan Tol Waru–Juanda",
          "oneway": "yes",
          "operator": "PT Citra Marga Surabaya",
          "ref": "11",
          "toll": "yes"
        }
      }
    },
    {
      "type": "Feature",
      "geometry": {
        "type": "LineString",
        "coordinates": [
          [
            112.7184847,
            -7.3465226
          ],
          [
            112.7183546,
            -7.3465107
          ],
          [
            112.7180643,
            -7.3464654
          ],
          [
            112.7176874,
            -7.3464056
          ],
          [
            112.7172958,
            -7.3463371
          ]
        ]
      },
      "properties": {
        "id": "osm:way:256684634",
        "name": "Way #256684634",
        "highway": "motorway_link",
        "restriction_type": "PROHIBITED_TOLL_ROAD",
        "metadata": {
          "bridge": "yes",
          "destination": "Waru;Wonokromo;Taman",
          "destination:ref": "8",
          "highway": "motorway_link",
          "layer": "1",
          "motorcycle": "no",
          "oneway": "yes",
          "toll": "yes"
        }
      }
    },
    {
      "type": "Feature",
      "geometry": {
        "type": "LineString",
        "coordinates": [
          [
            112.7094854,
            -7.3454466
          ],
          [
            112.7094403,
            -7.3453701
          ],
          [
            112.7093773,
            -7.3452557
          ],
          [
            112.7092134,
            -7.3449688
          ],
          [
            112.7085567,
            -7.3439525
          ],
          [
            112.7085038,
            -7.3438272
          ],
          [
            112.708487,
            -7.3437213
          ],
          [
            112.7084996,
            -7.3435649
          ],
          [
            112.7085552,
            -7.3434428
          ],
          [
            112.7086169,
            -7.343355
          ],
          [
            112.7087577,
            -7.3432592
          ],
          [
            112.7089528,
            -7.3431996
          ],
          [
            112.7090714,
            -7.3431871
          ],
          [
            112.7092852,
            -7.3432305
          ],
          [
            112.7097551,
            -7.3434231
          ],
          [
            112.7102055,
            -7.343598
          ],
          [
            112.7107624,
            -7.3438094
          ],
          [
            112.7109401,
            -7.343868
          ]
        ]
      },
      "properties": {
        "id": "osm:way:256684636",
        "name": "Way #256684636",
        "highway": "motorway_link",
        "restriction_type": "PROHIBITED_TOLL_ROAD",
        "metadata": {
          "destination": "Waru;Juanda",
          "destination:ref": "AH2",
          "highway": "motorway_link",
          "lanes": "1",
          "motorcycle": "no",
          "oneway": "yes",
          "toll": "yes"
        }
      }
    },
    {
      "type": "Feature",
      "geometry": {
        "type": "LineString",
        "coordinates": [
          [
            112.7162383,
            -7.345829
          ],
          [
            112.7155752,
            -7.3455856
          ],
          [
            112.7153874,
            -7.3455158
          ],
          [
            112.7152352,
            -7.3454705
          ],
          [
            112.7150957,
            -7.3454359
          ],
          [
            112.7149884,
            -7.3454167
          ],
          [
            112.7148905,
            -7.345408
          ],
          [
            112.7147125,
            -7.3454008
          ]
        ]
      },
      "properties": {
        "id": "osm:way:256684637",
        "name": "Way #256684637",
        "highway": "motorway_link",
        "restriction_type": "PROHIBITED_TOLL_ROAD",
        "metadata": {
          "destination": "Gunung Sari;Kota Satelit;Gresik",
          "destination:ref": "8",
          "highway": "motorway_link",
          "motorcycle": "no",
          "oneway": "yes",
          "toll": "yes"
        }
      }
    },
    {
      "type": "Feature",
      "geometry": {
        "type": "LineString",
        "coordinates": [
          [
            112.71272,
            -7.341035
          ],
          [
            112.7125859,
            -7.3414423
          ],
          [
            112.7125767,
            -7.3414702
          ],
          [
            112.7124712,
            -7.3419371
          ],
          [
            112.7124484,
            -7.3420768
          ],
          [
            112.7124403,
            -7.3421965
          ],
          [
            112.7124631,
            -7.3423614
          ],
          [
            112.7125221,
            -7.342513
          ],
          [
            112.7126174,
            -7.342666
          ],
          [
            112.7128868,
            -7.3430326
          ]
        ]
      },
      "properties": {
        "id": "osm:way:256684641",
        "name": "Way #256684641",
        "highway": "motorway_link",
        "restriction_type": "PROHIBITED_TOLL_ROAD",
        "metadata": {
          "destination": "Waru;Sepanjang;Taman;Mojokerto;Menanggal;Juanda",
          "destination:ref": "AH2;15",
          "highway": "motorway_link",
          "motorcycle": "no",
          "oneway": "yes",
          "toll": "yes"
        }
      }
    },
    {
      "type": "Feature",
      "geometry": {
        "type": "LineString",
        "coordinates": [
          [
            112.7145778,
            -7.3447695
          ],
          [
            112.7144989,
            -7.3449318
          ],
          [
            112.7144453,
            -7.3450203
          ],
          [
            112.714403,
            -7.3450728
          ],
          [
            112.7143434,
            -7.3451234
          ],
          [
            112.7142891,
            -7.345156
          ],
          [
            112.71422,
            -7.3451872
          ],
          [
            112.7141402,
            -7.3452112
          ],
          [
            112.7140758,
            -7.3452198
          ],
          [
            112.7140074,
            -7.3452185
          ],
          [
            112.7139384,
            -7.3452118
          ],
          [
            112.7138633,
            -7.3451965
          ],
          [
            112.7137788,
            -7.3451693
          ],
          [
            112.7136574,
            -7.34512
          ],
          [
            112.7134737,
            -7.3450316
          ],
          [
            112.713131,
            -7.3448607
          ],
          [
            112.7128353,
            -7.3447137
          ],
          [
            112.7126777,
            -7.3446306
          ],
          [
            112.7124705,
            -7.3445388
          ],
          [
            112.7121445,
            -7.3443789
          ]
        ]
      },
      "properties": {
        "id": "osm:way:256684642",
        "name": "Way #256684642",
        "highway": "motorway_link",
        "restriction_type": "PROHIBITED_TOLL_ROAD",
        "metadata": {
          "destination": "Mojokerto;Solo;Semarang",
          "destination:ref": "AH2",
          "highway": "motorway_link",
          "motorcycle": "no",
          "oneway": "yes",
          "toll": "yes"
        }
      }
    },
    {
      "type": "Feature",
      "geometry": {
        "type": "LineString",
        "coordinates": [
          [
            112.7145778,
            -7.3447695
          ],
          [
            112.7144661,
            -7.3451759
          ],
          [
            112.714446,
            -7.3452703
          ],
          [
            112.7144332,
            -7.3453442
          ],
          [
            112.7144279,
            -7.3454173
          ],
          [
            112.7144258,
            -7.3454958
          ],
          [
            112.7144265,
            -7.3455543
          ],
          [
            112.7144366,
            -7.3456295
          ],
          [
            112.7144513,
            -7.3456907
          ],
          [
            112.7144755,
            -7.3457505
          ],
          [
            112.7145077,
            -7.3458157
          ],
          [
            112.7145499,
            -7.3458762
          ],
          [
            112.7146022,
            -7.3459321
          ],
          [
            112.7146679,
            -7.3459933
          ],
          [
            112.7147169,
            -7.3460305
          ],
          [
            112.7147853,
            -7.3460844
          ],
          [
            112.7150044,
            -7.3462272
          ]
        ]
      },
      "properties": {
        "id": "osm:way:256684643",
        "name": "Way #256684643",
        "highway": "motorway_link",
        "restriction_type": "PROHIBITED_TOLL_ROAD",
        "metadata": {
          "destination": "Waru;Taman",
          "destination:ref": "15",
          "highway": "motorway_link",
          "motorcycle": "no",
          "oneway": "yes",
          "toll": "yes"
        }
      }
    },
    {
      "type": "Feature",
      "geometry": {
        "type": "LineString",
        "coordinates": [
          [
            112.6455696,
            -7.2102904
          ],
          [
            112.6448052,
            -7.2120182
          ],
          [
            112.6446937,
            -7.21225
          ],
          [
            112.6445698,
            -7.2124406
          ],
          [
            112.6443945,
            -7.2126421
          ],
          [
            112.6437035,
            -7.2133196
          ]
        ]
      },
      "properties": {
        "id": "osm:way:258043336",
        "name": "Simpang Susun Romokalisari",
        "highway": "motorway_link",
        "restriction_type": "PROHIBITED_TOLL_ROAD",
        "metadata": {
          "highway": "motorway_link",
          "lanes": "1",
          "motorcycle": "no",
          "name": "Simpang Susun Romokalisari",
          "oneway": "yes",
          "source": "Bing",
          "toll": "yes"
        }
      }
    },
    {
      "type": "Feature",
      "geometry": {
        "type": "LineString",
        "coordinates": [
          [
            112.7128868,
            -7.3430326
          ],
          [
            112.713066,
            -7.3432353
          ],
          [
            112.7131592,
            -7.3433404
          ],
          [
            112.7132531,
            -7.3434348
          ],
          [
            112.7133429,
            -7.3435093
          ],
          [
            112.7134401,
            -7.3435791
          ],
          [
            112.7135434,
            -7.343641
          ],
          [
            112.7136856,
            -7.3437188
          ],
          [
            112.7138123,
            -7.3437733
          ],
          [
            112.7140396,
            -7.3438551
          ],
          [
            112.7141375,
            -7.3438904
          ],
          [
            112.7142421,
            -7.3439436
          ],
          [
            112.7143481,
            -7.3440101
          ],
          [
            112.7144258,
            -7.3440759
          ],
          [
            112.7144815,
            -7.3441438
          ],
          [
            112.7145244,
            -7.3442196
          ],
          [
            112.7145633,
            -7.3443067
          ],
          [
            112.7145908,
            -7.3443945
          ],
          [
            112.7146069,
            -7.3444942
          ],
          [
            112.7146042,
            -7.344602
          ],
          [
            112.7145955,
            -7.3446744
          ],
          [
            112.7145828,
            -7.3447403
          ],
          [
            112.7145778,
            -7.3447695
          ]
        ]
      },
      "properties": {
        "id": "osm:way:262671949",
        "name": "Way #262671949",
        "highway": "motorway_link",
        "restriction_type": "PROHIBITED_TOLL_ROAD",
        "metadata": {
          "destination": "Waru;Sepanjang;Taman;Mojokerto",
          "destination:ref": "AH2;15",
          "highway": "motorway_link",
          "motorcycle": "no",
          "oneway": "yes",
          "toll": "yes"
        }
      }
    },
    {
      "type": "Feature",
      "geometry": {
        "type": "LineString",
        "coordinates": [
          [
            112.7105988,
            -7.3477473
          ],
          [
            112.7103396,
            -7.3488646
          ],
          [
            112.7101216,
            -7.3498711
          ]
        ]
      },
      "properties": {
        "id": "osm:way:295444990",
        "name": "Jalan Tol Surabaya–Gempol",
        "highway": "motorway",
        "restriction_type": "PROHIBITED_TOLL_ROAD",
        "metadata": {
          "highway": "motorway",
          "int_ref": "AH2",
          "maxspeed": "100",
          "motorcycle": "no",
          "name": "Jalan Tol Surabaya–Gempol",
          "oneway": "yes",
          "operator": "PT Jasamarga Surabaya-Gempol",
          "ref": "8",
          "short_name": "Jalan Tol Surgem",
          "toll": "yes"
        }
      }
    },
    {
      "type": "Feature",
      "geometry": {
        "type": "LineString",
        "coordinates": [
          [
            112.709236,
            -7.3429831
          ],
          [
            112.7095083,
            -7.3430047
          ],
          [
            112.7097756,
            -7.3430371
          ],
          [
            112.7106983,
            -7.3431596
          ],
          [
            112.7109284,
            -7.343158
          ],
          [
            112.7110791,
            -7.3431064
          ],
          [
            112.7112629,
            -7.3429706
          ],
          [
            112.7114004,
            -7.3427696
          ],
          [
            112.7116129,
            -7.3421938
          ],
          [
            112.711696,
            -7.3419065
          ],
          [
            112.7117766,
            -7.3416427
          ],
          [
            112.7118811,
            -7.3414377
          ]
        ]
      },
      "properties": {
        "id": "osm:way:310662311",
        "name": "Way #310662311",
        "highway": "motorway_link",
        "restriction_type": "PROHIBITED_TOLL_ROAD",
        "metadata": {
          "destination": "Surabaya;Gresik",
          "destination:ref": "8",
          "highway": "motorway_link",
          "motorcycle": "no",
          "oneway": "yes",
          "toll": "yes"
        }
      }
    },
    {
      "type": "Feature",
      "geometry": {
        "type": "LineString",
        "coordinates": [
          [
            112.7321683,
            -7.3463852
          ],
          [
            112.7324335,
            -7.3462426
          ],
          [
            112.7327851,
            -7.3460181
          ],
          [
            112.7330449,
            -7.3458443
          ],
          [
            112.7332438,
            -7.3456888
          ],
          [
            112.7335119,
            -7.3454817
          ],
          [
            112.7338444,
            -7.3452361
          ],
          [
            112.7342695,
            -7.3449232
          ],
          [
            112.7343934,
            -7.3448318
          ],
          [
            112.7347047,
            -7.3446841
          ],
          [
            112.7349026,
            -7.3446161
          ],
          [
            112.7351667,
            -7.3445628
          ],
          [
            112.7353996,
            -7.3445459
          ],
          [
            112.7356651,
            -7.3445503
          ],
          [
            112.7359404,
            -7.3445699
          ],
          [
            112.7361287,
            -7.3445872
          ]
        ]
      },
      "properties": {
        "id": "osm:way:310662314",
        "name": "Jalan Tol Waru–Juanda",
        "highway": "motorway",
        "restriction_type": "PROHIBITED_TOLL_ROAD",
        "metadata": {
          "highway": "motorway",
          "int_ref": "AH2",
          "lanes": "2",
          "maxspeed": "80",
          "motorcycle": "no",
          "name": "Jalan Tol Waru–Juanda",
          "oneway": "yes",
          "operator": "PT Citra Marga Surabaya",
          "ref": "11",
          "source": "local_knowledge",
          "surface": "asphalt",
          "toll": "yes"
        }
      }
    },
    {
      "type": "Feature",
      "geometry": {
        "type": "LineString",
        "coordinates": [
          [
            112.7622445,
            -7.3433972
          ],
          [
            112.7621001,
            -7.3433989
          ],
          [
            112.7618712,
            -7.3434098
          ],
          [
            112.7615643,
            -7.3433991
          ],
          [
            112.7613125,
            -7.3433558
          ],
          [
            112.7610903,
            -7.3433059
          ],
          [
            112.7604795,
            -7.3431568
          ],
          [
            112.7600899,
            -7.3430566
          ],
          [
            112.7597443,
            -7.3429838
          ],
          [
            112.7595127,
            -7.34294
          ],
          [
            112.7593858,
            -7.3429251
          ],
          [
            112.7590056,
            -7.3428972
          ],
          [
            112.7586891,
            -7.3429078
          ],
          [
            112.7582734,
            -7.3429637
          ],
          [
            112.7579032,
            -7.3430355
          ],
          [
            112.7572293,
            -7.3431867
          ],
          [
            112.7568725,
            -7.3432713
          ]
        ]
      },
      "properties": {
        "id": "osm:way:310662315",
        "name": "Jalan Tol Waru–Juanda",
        "highway": "motorway",
        "restriction_type": "PROHIBITED_TOLL_ROAD",
        "metadata": {
          "highway": "motorway",
          "int_ref": "AH2",
          "lanes": "2",
          "maxspeed": "80",
          "motorcycle": "no",
          "name": "Jalan Tol Waru–Juanda",
          "oneway": "yes",
          "operator": "PT Citra Marga Surabaya",
          "ref": "11",
          "source": "local_knowledge",
          "surface": "asphalt",
          "toll": "yes"
        }
      }
    },
    {
      "type": "Feature",
      "geometry": {
        "type": "LineString",
        "coordinates": [
          [
            112.7396642,
            -7.3447172
          ],
          [
            112.7403621,
            -7.3445069
          ],
          [
            112.741076,
            -7.3443027
          ],
          [
            112.741893,
            -7.3440668
          ]
        ]
      },
      "properties": {
        "id": "osm:way:310662316",
        "name": "Jalan Tol Waru–Juanda",
        "highway": "motorway",
        "restriction_type": "PROHIBITED_TOLL_ROAD",
        "metadata": {
          "highway": "motorway",
          "int_ref": "AH2",
          "lanes": "2",
          "maxspeed": "80",
          "motorcycle": "no",
          "name": "Jalan Tol Waru–Juanda",
          "oneway": "yes",
          "operator": "PT Citra Marga Surabaya",
          "ref": "11",
          "source": "local_knowledge",
          "surface": "asphalt",
          "toll": "yes"
        }
      }
    },
    {
      "type": "Feature",
      "geometry": {
        "type": "LineString",
        "coordinates": [
          [
            112.7321868,
            -7.3465619
          ],
          [
            112.7320272,
            -7.3466377
          ],
          [
            112.7318233,
            -7.3467175
          ],
          [
            112.7315659,
            -7.3468079
          ],
          [
            112.7312654,
            -7.3468731
          ],
          [
            112.7310173,
            -7.3469064
          ],
          [
            112.7308027,
            -7.3469237
          ],
          [
            112.7305774,
            -7.3469343
          ],
          [
            112.7299283,
            -7.3469409
          ],
          [
            112.7269484,
            -7.3469303
          ]
        ]
      },
      "properties": {
        "id": "osm:way:310662317",
        "name": "Jalan Tol Waru–Juanda",
        "highway": "motorway",
        "restriction_type": "PROHIBITED_TOLL_ROAD",
        "metadata": {
          "bridge": "yes",
          "highway": "motorway",
          "int_ref": "AH2",
          "lanes": "2",
          "layer": "1",
          "maxspeed": "80",
          "motorcycle": "no",
          "name": "Jalan Tol Waru–Juanda",
          "oneway": "yes",
          "operator": "PT Citra Marga Surabaya",
          "ref": "11",
          "source": "local_knowledge",
          "surface": "asphalt",
          "toll": "yes"
        }
      }
    },
    {
      "type": "Feature",
      "geometry": {
        "type": "LineString",
        "coordinates": [
          [
            112.7523153,
            -7.3428507
          ],
          [
            112.753399,
            -7.3430145
          ],
          [
            112.7540307,
            -7.3431089
          ],
          [
            112.7549932,
            -7.3432411
          ],
          [
            112.7553139,
            -7.3432783
          ],
          [
            112.7556197,
            -7.3432943
          ],
          [
            112.7559416,
            -7.343289
          ],
          [
            112.7562688,
            -7.3432453
          ],
          [
            112.7567672,
            -7.3431395
          ]
        ]
      },
      "properties": {
        "id": "osm:way:310662319",
        "name": "Jalan Tol Waru–Juanda",
        "highway": "motorway",
        "restriction_type": "PROHIBITED_TOLL_ROAD",
        "metadata": {
          "bridge": "yes",
          "highway": "motorway",
          "int_ref": "AH2",
          "lanes": "2",
          "layer": "1",
          "maxspeed": "80",
          "motorcycle": "no",
          "name": "Jalan Tol Waru–Juanda",
          "oneway": "yes",
          "operator": "PT Citra Marga Surabaya",
          "ref": "11",
          "source": "local_knowledge",
          "surface": "asphalt",
          "toll": "yes"
        }
      }
    },
    {
      "type": "Feature",
      "geometry": {
        "type": "LineString",
        "coordinates": [
          [
            112.76204,
            -7.3432529
          ],
          [
            112.7622423,
            -7.3432406
          ],
          [
            112.7624902,
            -7.3431919
          ],
          [
            112.7626256,
            -7.3431507
          ],
          [
            112.7628778,
            -7.34306
          ],
          [
            112.7631663,
            -7.3429183
          ],
          [
            112.7636351,
            -7.3426585
          ],
          [
            112.764089,
            -7.3424341
          ],
          [
            112.7643009,
            -7.3423494
          ],
          [
            112.7645181,
            -7.3422938
          ],
          [
            112.7647862,
            -7.3422369
          ],
          [
            112.7649384,
            -7.3422176
          ],
          [
            112.765153,
            -7.3422009
          ],
          [
            112.7653995,
            -7.3422071
          ],
          [
            112.7655467,
            -7.3422191
          ],
          [
            112.7657034,
            -7.3422422
          ],
          [
            112.7660043,
            -7.3423092
          ],
          [
            112.767262,
            -7.3426442
          ],
          [
            112.767872,
            -7.3427889
          ],
          [
            112.7682744,
            -7.342874
          ],
          [
            112.7693028,
            -7.343061
          ],
          [
            112.7719481,
            -7.343491
          ],
          [
            112.7720523,
            -7.3435096
          ],
          [
            112.7760854,
            -7.3441727
          ],
          [
            112.7770074,
            -7.3443292
          ],
          [
            112.7775229,
            -7.3444215
          ],
          [
            112.7784896,
            -7.3446089
          ],
          [
            112.7786641,
            -7.3446452
          ],
          [
            112.7788512,
            -7.3446884
          ],
          [
            112.779246,
            -7.3447853
          ],
          [
            112.7802129,
            -7.3450234
          ],
          [
            112.7838633,
            -7.3459
          ],
          [
            112.7874159,
            -7.3467465
          ],
          [
            112.788484,
            -7.3469941
          ],
          [
            112.7895154,
            -7.3472354
          ],
          [
            112.7911467,
            -7.3475706
          ],
          [
            112.7919276,
            -7.3477237
          ],
          [
            112.7925537,
            -7.3478453
          ],
          [
            112.7927325,
            -7.34788
          ],
          [
            112.7948392,
            -7.3482856
          ],
          [
            112.7975945,
            -7.3488415
          ],
          [
            112.7993493,
            -7.3491812
          ],
          [
            112.8010387,
            -7.3495133
          ],
          [
            112.8015195,
            -7.3496301
          ],
          [
            112.8018936,
            -7.3497538
          ],
          [
            112.8020961,
            -7.3498492
          ],
          [
            112.8023621,
            -7.3500261
          ],
          [
            112.8025819,
            -7.3501921
          ],
          [
            112.8028373,
            -7.3504027
          ],
          [
            112.8030787,
            -7.3506941
          ],
          [
            112.8032845,
            -7.3510666
          ],
          [
            112.8034487,
            -7.3514765
          ],
          [
            112.8035485,
            -7.3518854
          ],
          [
            112.8036898,
            -7.3526733
          ],
          [
            112.8039992,
            -7.3544045
          ],
          [
            112.8040807,
            -7.3548662
          ],
          [
            112.8041625,
            -7.355275
          ],
          [
            112.8042267,
            -7.3556059
          ],
          [
            112.8042974,
            -7.3558722
          ],
          [
            112.8044145,
            -7.3562281
          ],
          [
            112.8045432,
            -7.356542
          ],
          [
            112.8047041,
            -7.3568505
          ],
          [
            112.8050145,
            -7.3573379
          ],
          [
            112.8051839,
            -7.3576048
          ]
        ]
      },
      "properties": {
        "id": "osm:way:310662321",
        "name": "Jalan Tol Waru–Juanda",
        "highway": "motorway",
        "restriction_type": "PROHIBITED_TOLL_ROAD",
        "metadata": {
          "bridge": "yes",
          "highway": "motorway",
          "int_ref": "AH2",
          "lanes": "2",
          "layer": "1",
          "maxspeed": "80",
          "motorcycle": "no",
          "name": "Jalan Tol Waru–Juanda",
          "oneway": "yes",
          "operator": "PT Citra Marga Surabaya",
          "ref": "11",
          "source": "local_knowledge",
          "surface": "asphalt",
          "toll": "yes"
        }
      }
    },
    {
      "type": "Feature",
      "geometry": {
        "type": "LineString",
        "coordinates": [
          [
            112.7361287,
            -7.3445872
          ],
          [
            112.7364448,
            -7.3446133
          ],
          [
            112.7367841,
            -7.3446532
          ],
          [
            112.7374376,
            -7.3447525
          ],
          [
            112.738027,
            -7.3448376
          ],
          [
            112.7382056,
            -7.3448633
          ],
          [
            112.7384392,
            -7.3448847
          ],
          [
            112.7386113,
            -7.344886
          ],
          [
            112.7388038,
            -7.3448859
          ],
          [
            112.7389503,
            -7.3448723
          ],
          [
            112.7391163,
            -7.3448434
          ],
          [
            112.7393164,
            -7.344804
          ],
          [
            112.7396642,
            -7.3447172
          ]
        ]
      },
      "properties": {
        "id": "osm:way:310662323",
        "name": "Jalan Tol Waru–Juanda",
        "highway": "motorway",
        "restriction_type": "PROHIBITED_TOLL_ROAD",
        "metadata": {
          "bridge": "yes",
          "highway": "motorway",
          "int_ref": "AH2",
          "lanes": "2",
          "layer": "2",
          "maxspeed": "80",
          "motorcycle": "no",
          "name": "Jalan Tol Waru–Juanda",
          "oneway": "yes",
          "operator": "PT Citra Marga Surabaya",
          "ref": "11",
          "source": "local_knowledge",
          "surface": "asphalt",
          "toll": "yes"
        }
      }
    },
    {
      "type": "Feature",
      "geometry": {
        "type": "LineString",
        "coordinates": [
          [
            112.7567672,
            -7.3431395
          ],
          [
            112.7571486,
            -7.3430708
          ],
          [
            112.757744,
            -7.3429325
          ],
          [
            112.7581994,
            -7.3428173
          ],
          [
            112.7586385,
            -7.3427609
          ],
          [
            112.758996,
            -7.3427494
          ],
          [
            112.759348,
            -7.3427634
          ],
          [
            112.759658,
            -7.342804
          ],
          [
            112.7600067,
            -7.3428722
          ],
          [
            112.7612452,
            -7.3431915
          ],
          [
            112.7615633,
            -7.3432447
          ],
          [
            112.76204,
            -7.3432529
          ]
        ]
      },
      "properties": {
        "id": "osm:way:310662324",
        "name": "Jalan Tol Waru–Juanda",
        "highway": "motorway",
        "restriction_type": "PROHIBITED_TOLL_ROAD",
        "metadata": {
          "highway": "motorway",
          "int_ref": "AH2",
          "lanes": "2",
          "maxspeed": "80",
          "motorcycle": "no",
          "name": "Jalan Tol Waru–Juanda",
          "oneway": "yes",
          "operator": "PT Citra Marga Surabaya",
          "ref": "11",
          "source": "local_knowledge",
          "surface": "asphalt",
          "toll": "yes"
        }
      }
    },
    {
      "type": "Feature",
      "geometry": {
        "type": "LineString",
        "coordinates": [
          [
            112.7326646,
            -7.3459117
          ],
          [
            112.7327447,
            -7.3458649
          ],
          [
            112.7329212,
            -7.345736
          ],
          [
            112.7331424,
            -7.3455774
          ],
          [
            112.7333329,
            -7.3454298
          ],
          [
            112.7335153,
            -7.3453048
          ],
          [
            112.7340509,
            -7.3449564
          ],
          [
            112.73413,
            -7.3449099
          ],
          [
            112.7342159,
            -7.3448673
          ],
          [
            112.7343934,
            -7.3448318
          ]
        ]
      },
      "properties": {
        "id": "osm:way:310662327",
        "name": "Way #310662327",
        "highway": "motorway_link",
        "restriction_type": "PROHIBITED_TOLL_ROAD",
        "metadata": {
          "destination": "Juanda",
          "destination:ref": "AH2",
          "highway": "motorway_link",
          "lanes": "1",
          "maxspeed": "40",
          "motorcycle": "no",
          "oneway": "yes",
          "surface": "asphalt",
          "toll": "yes"
        }
      }
    },
    {
      "type": "Feature",
      "geometry": {
        "type": "LineString",
        "coordinates": [
          [
            112.7397301,
            -7.3448627
          ],
          [
            112.7393001,
            -7.344972
          ],
          [
            112.7390291,
            -7.3450221
          ],
          [
            112.7388185,
            -7.3450376
          ],
          [
            112.7386315,
            -7.3450378
          ],
          [
            112.7384429,
            -7.3450329
          ],
          [
            112.7381249,
            -7.3450059
          ],
          [
            112.7378184,
            -7.3449653
          ],
          [
            112.737236,
            -7.3448806
          ],
          [
            112.7365885,
            -7.3447879
          ],
          [
            112.7361162,
            -7.3447337
          ]
        ]
      },
      "properties": {
        "id": "osm:way:310662330",
        "name": "Jalan Tol Waru–Juanda",
        "highway": "motorway",
        "restriction_type": "PROHIBITED_TOLL_ROAD",
        "metadata": {
          "bridge": "yes",
          "highway": "motorway",
          "int_ref": "AH2",
          "lanes": "2",
          "layer": "2",
          "maxspeed": "80",
          "motorcycle": "no",
          "name": "Jalan Tol Waru–Juanda",
          "oneway": "yes",
          "operator": "PT Citra Marga Surabaya",
          "ref": "11",
          "source": "local_knowledge",
          "surface": "asphalt",
          "toll": "yes"
        }
      }
    },
    {
      "type": "Feature",
      "geometry": {
        "type": "LineString",
        "coordinates": [
          [
            112.709236,
            -7.3429831
          ],
          [
            112.7095294,
            -7.3430449
          ],
          [
            112.7097562,
            -7.3431154
          ],
          [
            112.710011,
            -7.3432325
          ],
          [
            112.7104192,
            -7.3434282
          ],
          [
            112.7107621,
            -7.343557
          ],
          [
            112.7110308,
            -7.3436103
          ]
        ]
      },
      "properties": {
        "id": "osm:way:310662334",
        "name": "Way #310662334",
        "highway": "motorway_link",
        "restriction_type": "PROHIBITED_TOLL_ROAD",
        "metadata": {
          "destination": "Sidoarjo;Pasuruan;Malang",
          "destination:ref": "8",
          "highway": "motorway_link",
          "motorcycle": "no",
          "oneway": "yes",
          "toll": "yes"
        }
      }
    },
    {
      "type": "Feature",
      "geometry": {
        "type": "LineString",
        "coordinates": [
          [
            112.7361162,
            -7.3447337
          ],
          [
            112.7358501,
            -7.3447255
          ],
          [
            112.7355999,
            -7.3447383
          ],
          [
            112.7354102,
            -7.3447688
          ],
          [
            112.7350237,
            -7.3448534
          ],
          [
            112.7348354,
            -7.3449059
          ],
          [
            112.7346205,
            -7.3449932
          ],
          [
            112.7343093,
            -7.3451376
          ],
          [
            112.7339792,
            -7.3453401
          ],
          [
            112.7335172,
            -7.3456749
          ],
          [
            112.7331081,
            -7.3459753
          ],
          [
            112.7327727,
            -7.3462163
          ],
          [
            112.7325019,
            -7.346377
          ],
          [
            112.7321868,
            -7.3465619
          ]
        ]
      },
      "properties": {
        "id": "osm:way:310662335",
        "name": "Jalan Tol Waru–Juanda",
        "highway": "motorway",
        "restriction_type": "PROHIBITED_TOLL_ROAD",
        "metadata": {
          "highway": "motorway",
          "int_ref": "AH2",
          "lanes": "2",
          "maxspeed": "80",
          "motorcycle": "no",
          "name": "Jalan Tol Waru–Juanda",
          "oneway": "yes",
          "operator": "PT Citra Marga Surabaya",
          "ref": "11",
          "source": "local_knowledge",
          "surface": "asphalt",
          "toll": "yes"
        }
      }
    },
    {
      "type": "Feature",
      "geometry": {
        "type": "LineString",
        "coordinates": [
          [
            112.7568725,
            -7.3432713
          ],
          [
            112.7566618,
            -7.3433198
          ],
          [
            112.756179,
            -7.3434049
          ],
          [
            112.7559623,
            -7.343422
          ],
          [
            112.7556646,
            -7.3434382
          ],
          [
            112.7552982,
            -7.3434176
          ],
          [
            112.7549884,
            -7.343383
          ],
          [
            112.754311,
            -7.3433124
          ],
          [
            112.7536283,
            -7.343202
          ],
          [
            112.7522927,
            -7.3430096
          ]
        ]
      },
      "properties": {
        "id": "osm:way:310662336",
        "name": "Jalan Tol Waru–Juanda",
        "highway": "motorway",
        "restriction_type": "PROHIBITED_TOLL_ROAD",
        "metadata": {
          "bridge": "yes",
          "highway": "motorway",
          "int_ref": "AH2",
          "lanes": "2",
          "layer": "1",
          "maxspeed": "80",
          "motorcycle": "no",
          "name": "Jalan Tol Waru–Juanda",
          "oneway": "yes",
          "operator": "PT Citra Marga Surabaya",
          "ref": "11",
          "source": "local_knowledge",
          "surface": "asphalt",
          "toll": "yes"
        }
      }
    },
    {
      "type": "Feature",
      "geometry": {
        "type": "LineString",
        "coordinates": [
          [
            112.7522927,
            -7.3430096
          ],
          [
            112.751514,
            -7.3428887
          ],
          [
            112.7509998,
            -7.3428097
          ],
          [
            112.7504682,
            -7.3427335
          ],
          [
            112.7498167,
            -7.3427086
          ],
          [
            112.7492151,
            -7.3427272
          ],
          [
            112.7487112,
            -7.3427498
          ],
          [
            112.7482819,
            -7.3427922
          ],
          [
            112.7477986,
            -7.3428556
          ],
          [
            112.7473227,
            -7.3429087
          ],
          [
            112.7464809,
            -7.3430159
          ]
        ]
      },
      "properties": {
        "id": "osm:way:310662337",
        "name": "Jalan Tol Waru–Juanda",
        "highway": "motorway",
        "restriction_type": "PROHIBITED_TOLL_ROAD",
        "metadata": {
          "highway": "motorway",
          "int_ref": "AH2",
          "lanes": "2",
          "maxspeed": "80",
          "motorcycle": "no",
          "name": "Jalan Tol Waru–Juanda",
          "oneway": "yes",
          "operator": "PT Citra Marga Surabaya",
          "ref": "11",
          "source": "local_knowledge",
          "surface": "asphalt",
          "toll": "yes"
        }
      }
    },
    {
      "type": "Feature",
      "geometry": {
        "type": "LineString",
        "coordinates": [
          [
            112.7114625,
            -7.3091817
          ],
          [
            112.7112937,
            -7.3090287
          ],
          [
            112.7112783,
            -7.30901
          ]
        ]
      },
      "properties": {
        "id": "osm:way:310663075",
        "name": "Way #310663075",
        "highway": "motorway_link",
        "restriction_type": "PROHIBITED_TOLL_ROAD",
        "metadata": {
          "destination": "Waru;Juanda;Malang;Pasuran",
          "destination:ref": "8",
          "highway": "motorway_link",
          "motorcycle": "no",
          "oneway": "yes",
          "toll": "yes"
        }
      }
    },
    {
      "type": "Feature",
      "geometry": {
        "type": "LineString",
        "coordinates": [
          [
            112.7104537,
            -7.3103304
          ],
          [
            112.709991,
            -7.3101589
          ],
          [
            112.7098613,
            -7.3101153
          ],
          [
            112.7095806,
            -7.3100133
          ],
          [
            112.7092545,
            -7.3099452
          ],
          [
            112.708791,
            -7.3098941
          ]
        ]
      },
      "properties": {
        "id": "osm:way:310663076",
        "name": "Way #310663076",
        "highway": "motorway_link",
        "restriction_type": "PROHIBITED_TOLL_ROAD",
        "metadata": {
          "destination": "Kota Satelit;Tj. Perak;Gresik",
          "destination:ref": "8",
          "highway": "motorway_link",
          "motorcycle": "no",
          "oneway": "yes",
          "toll": "yes"
        }
      }
    },
    {
      "type": "Feature",
      "geometry": {
        "type": "LineString",
        "coordinates": [
          [
            112.7113992,
            -7.3089803
          ],
          [
            112.7114834,
            -7.3089804
          ],
          [
            112.7115456,
            -7.3089746
          ],
          [
            112.7115995,
            -7.3089613
          ],
          [
            112.7116778,
            -7.3089272
          ],
          [
            112.7117394,
            -7.3088935
          ]
        ]
      },
      "properties": {
        "id": "osm:way:310663077",
        "name": "Way #310663077",
        "highway": "motorway_link",
        "restriction_type": "PROHIBITED_TOLL_ROAD",
        "metadata": {
          "destination": "Wonokromo",
          "highway": "motorway_link",
          "motorcycle": "no",
          "oneway": "yes",
          "toll": "yes"
        }
      }
    },
    {
      "type": "Feature",
      "geometry": {
        "type": "LineString",
        "coordinates": [
          [
            112.7071074,
            -7.2655716
          ],
          [
            112.7072902,
            -7.264224
          ],
          [
            112.7074115,
            -7.2633613
          ],
          [
            112.7074787,
            -7.262903
          ],
          [
            112.7078619,
            -7.2612836
          ],
          [
            112.7078858,
            -7.2611561
          ],
          [
            112.7079605,
            -7.2608049
          ],
          [
            112.7080123,
            -7.2606281
          ],
          [
            112.7080377,
            -7.2605667
          ],
          [
            112.7080723,
            -7.2605071
          ],
          [
            112.708117,
            -7.2604311
          ],
          [
            112.7081736,
            -7.2603611
          ],
          [
            112.7082735,
            -7.2602716
          ],
          [
            112.7083664,
            -7.2602188
          ]
        ]
      },
      "properties": {
        "id": "osm:way:310663078",
        "name": "Banyu Urip",
        "highway": "motorway_link",
        "restriction_type": "PROHIBITED_TOLL_ROAD",
        "metadata": {
          "destination:ref": "8",
          "highway": "motorway_link",
          "motorcycle": "no",
          "name": "Banyu Urip",
          "oneway": "yes",
          "toll": "yes"
        }
      }
    },
    {
      "type": "Feature",
      "geometry": {
        "type": "LineString",
        "coordinates": [
          [
            112.6315395,
            -7.3533825
          ],
          [
            112.6315476,
            -7.3537151
          ],
          [
            112.6315717,
            -7.353896
          ],
          [
            112.6316405,
            -7.3540625
          ],
          [
            112.6317443,
            -7.3542171
          ],
          [
            112.6318386,
            -7.3543096
          ],
          [
            112.6319344,
            -7.3543657
          ],
          [
            112.6320465,
            -7.3544173
          ],
          [
            112.6322405,
            -7.3544591
          ],
          [
            112.632418,
            -7.3544466
          ],
          [
            112.6326591,
            -7.354342
          ],
          [
            112.633974,
            -7.3535889
          ]
        ]
      },
      "properties": {
        "id": "osm:way:310741496",
        "name": "Jalan Akses Tol Driyorejo",
        "highway": "motorway_link",
        "restriction_type": "PROHIBITED_TOLL_ROAD",
        "metadata": {
          "destination:ref": "AH2",
          "highway": "motorway_link",
          "lanes": "1",
          "motorcycle": "no",
          "name": "Jalan Akses Tol Driyorejo",
          "oneway": "yes",
          "toll": "yes"
        }
      }
    },
    {
      "type": "Feature",
      "geometry": {
        "type": "LineString",
        "coordinates": [
          [
            112.6289074,
            -7.351257
          ],
          [
            112.6289337,
            -7.3513083
          ],
          [
            112.6289444,
            -7.3513236
          ],
          [
            112.6289685,
            -7.3513436
          ],
          [
            112.6290108,
            -7.3513824
          ],
          [
            112.6290593,
            -7.3514247
          ]
        ]
      },
      "properties": {
        "id": "osm:way:310741497",
        "name": "Jalan Akses Tol Driyorejo",
        "highway": "motorway_link",
        "restriction_type": "PROHIBITED_TOLL_ROAD",
        "metadata": {
          "destination:ref": "AH2",
          "highway": "motorway_link",
          "motorcycle": "no",
          "name": "Jalan Akses Tol Driyorejo",
          "oneway": "yes",
          "toll": "yes"
        }
      }
    },
    {
      "type": "Feature",
      "geometry": {
        "type": "LineString",
        "coordinates": [
          [
            112.6288684,
            -7.3515468
          ],
          [
            112.6288933,
            -7.351514
          ],
          [
            112.6289243,
            -7.3514779
          ],
          [
            112.6289779,
            -7.351446
          ],
          [
            112.6290369,
            -7.35143
          ],
          [
            112.6290593,
            -7.3514247
          ]
        ]
      },
      "properties": {
        "id": "osm:way:310741503",
        "name": "Jalan Akses Tol Driyorejo",
        "highway": "motorway_link",
        "restriction_type": "PROHIBITED_TOLL_ROAD",
        "metadata": {
          "destination:ref": "AH2",
          "highway": "motorway_link",
          "motorcycle": "no",
          "name": "Jalan Akses Tol Driyorejo",
          "oneway": "yes",
          "toll": "yes"
        }
      }
    },
    {
      "type": "Feature",
      "geometry": {
        "type": "LineString",
        "coordinates": [
          [
            112.714165,
            -7.3447489
          ],
          [
            112.7143332,
            -7.3448095
          ],
          [
            112.7145311,
            -7.3448869
          ],
          [
            112.7147942,
            -7.344997
          ],
          [
            112.71487,
            -7.3450302
          ]
        ]
      },
      "properties": {
        "id": "osm:way:310948626",
        "name": "Jalan Tol Waru–Juanda",
        "highway": "motorway",
        "restriction_type": "PROHIBITED_TOLL_ROAD",
        "metadata": {
          "bridge": "yes",
          "highway": "motorway",
          "int_ref": "AH2",
          "layer": "1",
          "motorcycle": "no",
          "name": "Jalan Tol Waru–Juanda",
          "oneway": "yes",
          "operator": "PT Citra Marga Surabaya",
          "ref": "11",
          "toll": "yes"
        }
      }
    },
    {
      "type": "Feature",
      "geometry": {
        "type": "LineString",
        "coordinates": [
          [
            112.717444,
            -7.3462692
          ],
          [
            112.7170846,
            -7.3461615
          ],
          [
            112.7167667,
            -7.3460511
          ],
          [
            112.7165401,
            -7.345958
          ],
          [
            112.7162383,
            -7.345829
          ]
        ]
      },
      "properties": {
        "id": "osm:way:310948628",
        "name": "Jalan Tol Waru–Juanda",
        "highway": "motorway",
        "restriction_type": "PROHIBITED_TOLL_ROAD",
        "metadata": {
          "highway": "motorway",
          "int_ref": "AH2",
          "motorcycle": "no",
          "name": "Jalan Tol Waru–Juanda",
          "oneway": "yes",
          "operator": "PT Citra Marga Surabaya",
          "ref": "11",
          "toll": "yes"
        }
      }
    },
    {
      "type": "Feature",
      "geometry": {
        "type": "LineString",
        "coordinates": [
          [
            112.7172958,
            -7.3463371
          ],
          [
            112.7171054,
            -7.3462978
          ],
          [
            112.7169216,
            -7.34625
          ],
          [
            112.7167272,
            -7.3461948
          ],
          [
            112.7166132,
            -7.3461741
          ],
          [
            112.716518,
            -7.3461675
          ],
          [
            112.7164154,
            -7.3461648
          ],
          [
            112.7163329,
            -7.3461688
          ],
          [
            112.7162524,
            -7.3461801
          ],
          [
            112.7161599,
            -7.3462047
          ],
          [
            112.7160747,
            -7.3462367
          ],
          [
            112.7159943,
            -7.3462706
          ],
          [
            112.7158997,
            -7.3463231
          ],
          [
            112.7158099,
            -7.3463757
          ],
          [
            112.7156728,
            -7.3464718
          ]
        ]
      },
      "properties": {
        "id": "osm:way:310948632",
        "name": "Way #310948632",
        "highway": "motorway_link",
        "restriction_type": "PROHIBITED_TOLL_ROAD",
        "metadata": {
          "destination": "Sidoarjo;Gempol;Pandaan",
          "destination:ref": "8",
          "highway": "motorway_link",
          "motorcycle": "no",
          "oneway": "yes",
          "toll": "yes"
        }
      }
    },
    {
      "type": "Feature",
      "geometry": {
        "type": "LineString",
        "coordinates": [
          [
            112.7118205,
            -7.3437938
          ],
          [
            112.7121085,
            -7.3438496
          ],
          [
            112.7123163,
            -7.3438757
          ],
          [
            112.71251,
            -7.3438378
          ],
          [
            112.7126529,
            -7.3437547
          ],
          [
            112.7127508,
            -7.3436097
          ],
          [
            112.7127991,
            -7.3434736
          ],
          [
            112.712789,
            -7.3433007
          ],
          [
            112.7127292,
            -7.3431611
          ],
          [
            112.7126068,
            -7.3430554
          ],
          [
            112.7124673,
            -7.3430057
          ],
          [
            112.7123065,
            -7.34299
          ],
          [
            112.7121557,
            -7.3430444
          ],
          [
            112.7120111,
            -7.3431552
          ],
          [
            112.7119118,
            -7.3432768
          ],
          [
            112.7117902,
            -7.3434874
          ],
          [
            112.7116261,
            -7.3438618
          ]
        ]
      },
      "properties": {
        "id": "osm:way:310948634",
        "name": "Way #310948634",
        "highway": "motorway_link",
        "restriction_type": "PROHIBITED_TOLL_ROAD",
        "metadata": {
          "destination": "Sidoarjo;Pasuruan;Malang",
          "destination:ref": "8",
          "highway": "motorway_link",
          "motorcycle": "no",
          "oneway": "yes",
          "toll": "yes"
        }
      }
    },
    {
      "type": "Feature",
      "geometry": {
        "type": "LineString",
        "coordinates": [
          [
            112.718659,
            -7.3463464
          ],
          [
            112.7188079,
            -7.346357
          ],
          [
            112.7193511,
            -7.3463796
          ],
          [
            112.7196246,
            -7.346385
          ],
          [
            112.7199639,
            -7.3463783
          ],
          [
            112.7203609,
            -7.3463517
          ],
          [
            112.7207391,
            -7.3462839
          ],
          [
            112.7210864,
            -7.3462107
          ],
          [
            112.7212742,
            -7.3461761
          ],
          [
            112.7214714,
            -7.3461562
          ],
          [
            112.7216497,
            -7.3461575
          ],
          [
            112.7218294,
            -7.3461655
          ],
          [
            112.722048,
            -7.3461908
          ],
          [
            112.7222626,
            -7.3462347
          ],
          [
            112.7226274,
            -7.3463331
          ],
          [
            112.7230337,
            -7.3464588
          ],
          [
            112.7235212,
            -7.3465898
          ],
          [
            112.724073,
            -7.3467068
          ],
          [
            112.7242616,
            -7.3467356
          ]
        ]
      },
      "properties": {
        "id": "osm:way:310948637",
        "name": "Jalan Tol Waru–Juanda",
        "highway": "motorway",
        "restriction_type": "PROHIBITED_TOLL_ROAD",
        "metadata": {
          "highway": "motorway",
          "int_ref": "AH2",
          "motorcar": "yes",
          "motorcycle": "no",
          "name": "Jalan Tol Waru–Juanda",
          "oneway": "yes",
          "operator": "PT Citra Marga Surabaya",
          "ref": "11",
          "toll": "yes"
        }
      }
    },
    {
      "type": "Feature",
      "geometry": {
        "type": "LineString",
        "coordinates": [
          [
            112.7118401,
            -7.3443056
          ],
          [
            112.7108892,
            -7.3440981
          ]
        ]
      },
      "properties": {
        "id": "osm:way:310948641",
        "name": "Jalan Tol Surabaya–Mojokerto",
        "highway": "motorway",
        "restriction_type": "PROHIBITED_TOLL_ROAD",
        "metadata": {
          "bridge": "yes",
          "highway": "motorway",
          "int_ref": "AH2",
          "layer": "1",
          "motorcycle": "no",
          "name": "Jalan Tol Surabaya–Mojokerto",
          "oneway": "yes",
          "operator": "PT Jasamarga Surabaya Mojokerto",
          "ref": "11",
          "short_name": "Jalan Tol Sumo",
          "toll": "yes"
        }
      }
    },
    {
      "type": "Feature",
      "geometry": {
        "type": "LineString",
        "coordinates": [
          [
            112.7110308,
            -7.3436103
          ],
          [
            112.7118205,
            -7.3437938
          ]
        ]
      },
      "properties": {
        "id": "osm:way:310948649",
        "name": "Way #310948649",
        "highway": "motorway_link",
        "restriction_type": "PROHIBITED_TOLL_ROAD",
        "metadata": {
          "bridge": "yes",
          "destination": "Sidoarjo;Pasuruan;Malang",
          "destination:ref": "8",
          "highway": "motorway_link",
          "layer": "1",
          "motorcycle": "no",
          "oneway": "yes",
          "toll": "yes"
        }
      }
    },
    {
      "type": "Feature",
      "geometry": {
        "type": "LineString",
        "coordinates": [
          [
            112.7096364,
            -7.3496969
          ],
          [
            112.7097607,
            -7.3492618
          ],
          [
            112.7098173,
            -7.3489601
          ],
          [
            112.7098488,
            -7.3485638
          ],
          [
            112.7098343,
            -7.3481586
          ],
          [
            112.7098189,
            -7.3477356
          ],
          [
            112.709796,
            -7.3473795
          ],
          [
            112.7097662,
            -7.3469931
          ],
          [
            112.7097044,
            -7.3466258
          ],
          [
            112.7096518,
            -7.3464318
          ],
          [
            112.7092924,
            -7.3456358
          ],
          [
            112.7086809,
            -7.3445377
          ],
          [
            112.7085033,
            -7.344268
          ],
          [
            112.7083133,
            -7.3440492
          ]
        ]
      },
      "properties": {
        "id": "osm:way:310948651",
        "name": "Way #310948651",
        "highway": "motorway_link",
        "restriction_type": "PROHIBITED_TOLL_ROAD",
        "metadata": {
          "destination": "Krian;Mojokerto",
          "destination:ref": "AH2",
          "highway": "motorway_link",
          "lanes": "1",
          "motorcycle": "no",
          "oneway": "yes",
          "toll": "yes"
        }
      }
    },
    {
      "type": "Feature",
      "geometry": {
        "type": "LineString",
        "coordinates": [
          [
            112.7152989,
            -7.3467474
          ],
          [
            112.7151802,
            -7.3468332
          ],
          [
            112.7151024,
            -7.3468811
          ],
          [
            112.7150334,
            -7.3469163
          ],
          [
            112.7149509,
            -7.3469489
          ],
          [
            112.7148677,
            -7.3469769
          ],
          [
            112.7147967,
            -7.3469875
          ],
          [
            112.7147155,
            -7.3469895
          ],
          [
            112.7146324,
            -7.3469815
          ],
          [
            112.7145506,
            -7.3469656
          ],
          [
            112.7144507,
            -7.346937
          ],
          [
            112.7143179,
            -7.3468971
          ],
          [
            112.7138653,
            -7.3467561
          ],
          [
            112.7129526,
            -7.3464654
          ],
          [
            112.7126384,
            -7.3463586
          ],
          [
            112.7122048,
            -7.3462597
          ],
          [
            112.7118047,
            -7.3462014
          ],
          [
            112.7116504,
            -7.3462114
          ],
          [
            112.7115384,
            -7.3462473
          ],
          [
            112.7114432,
            -7.3463105
          ],
          [
            112.7113862,
            -7.346373
          ],
          [
            112.7113292,
            -7.3464854
          ],
          [
            112.7112948,
            -7.3466411
          ],
          [
            112.7112461,
            -7.3468538
          ],
          [
            112.7112231,
            -7.3470292
          ]
        ]
      },
      "properties": {
        "id": "osm:way:310948652",
        "name": "Way #310948652",
        "highway": "motorway_link",
        "restriction_type": "PROHIBITED_TOLL_ROAD",
        "metadata": {
          "destination": "Sidoarjo;Gempol;Pandaan",
          "destination:ref": "8",
          "highway": "motorway_link",
          "motorcycle": "no",
          "oneway": "yes",
          "toll": "yes"
        }
      }
    },
    {
      "type": "Feature",
      "geometry": {
        "type": "LineString",
        "coordinates": [
          [
            112.7085946,
            -7.3435194
          ],
          [
            112.7098476,
            -7.3437333
          ],
          [
            112.7109223,
            -7.3439422
          ]
        ]
      },
      "properties": {
        "id": "osm:way:310948653",
        "name": "Jalan Tol Waru–Juanda",
        "highway": "motorway",
        "restriction_type": "PROHIBITED_TOLL_ROAD",
        "metadata": {
          "highway": "motorway",
          "int_ref": "AH2",
          "lanes": "3",
          "motorcycle": "no",
          "name": "Jalan Tol Waru–Juanda",
          "oneway": "yes",
          "operator": "PT Citra Marga Surabaya",
          "ref": "11",
          "toll": "yes"
        }
      }
    },
    {
      "type": "Feature",
      "geometry": {
        "type": "LineString",
        "coordinates": [
          [
            112.7184954,
            -7.3464774
          ],
          [
            112.7182031,
            -7.3464355
          ],
          [
            112.7178571,
            -7.3463737
          ],
          [
            112.7176539,
            -7.3463271
          ],
          [
            112.717444,
            -7.3462692
          ]
        ]
      },
      "properties": {
        "id": "osm:way:310948654",
        "name": "Jalan Tol Waru–Juanda",
        "highway": "motorway",
        "restriction_type": "PROHIBITED_TOLL_ROAD",
        "metadata": {
          "bridge": "yes",
          "highway": "motorway",
          "int_ref": "AH2",
          "layer": "1",
          "motorcycle": "no",
          "name": "Jalan Tol Waru–Juanda",
          "oneway": "yes",
          "operator": "PT Citra Marga Surabaya",
          "ref": "11",
          "toll": "yes"
        }
      }
    },
    {
      "type": "Feature",
      "geometry": {
        "type": "LineString",
        "coordinates": [
          [
            112.7118824,
            -7.3445598
          ],
          [
            112.7107755,
            -7.3443182
          ]
        ]
      },
      "properties": {
        "id": "osm:way:310948655",
        "name": "Way #310948655",
        "highway": "motorway_link",
        "restriction_type": "PROHIBITED_TOLL_ROAD",
        "metadata": {
          "bridge": "yes",
          "destination": "Gunung Sari;Kota Satelit;Gresik",
          "destination:ref": "8",
          "highway": "motorway_link",
          "layer": "1",
          "motorcycle": "no",
          "oneway": "yes",
          "toll": "yes"
        }
      }
    },
    {
      "type": "Feature",
      "geometry": {
        "type": "LineString",
        "coordinates": [
          [
            112.7098149,
            -7.3460343
          ],
          [
            112.7096683,
            -7.3459181
          ],
          [
            112.7096026,
            -7.3458144
          ],
          [
            112.7095047,
            -7.3456375
          ],
          [
            112.7094169,
            -7.3454854
          ],
          [
            112.7093773,
            -7.3454167
          ],
          [
            112.7092874,
            -7.3452584
          ],
          [
            112.7091065,
            -7.3449684
          ],
          [
            112.7088498,
            -7.3446095
          ],
          [
            112.708538,
            -7.3442244
          ],
          [
            112.7083133,
            -7.3440492
          ]
        ]
      },
      "properties": {
        "id": "osm:way:310948656",
        "name": "Way #310948656",
        "highway": "motorway_link",
        "restriction_type": "PROHIBITED_TOLL_ROAD",
        "metadata": {
          "destination": "Mojokerto",
          "destination:ref": "AH2",
          "highway": "motorway_link",
          "lanes": "1",
          "motorcycle": "no",
          "oneway": "yes",
          "toll": "yes"
        }
      }
    },
    {
      "type": "Feature",
      "geometry": {
        "type": "LineString",
        "coordinates": [
          [
            112.7234294,
            -7.3466683
          ],
          [
            112.7231138,
            -7.346624
          ],
          [
            112.7228249,
            -7.3465765
          ],
          [
            112.7224895,
            -7.346521
          ]
        ]
      },
      "properties": {
        "id": "osm:way:310948660",
        "name": "Way #310948660",
        "highway": "motorway_link",
        "restriction_type": "PROHIBITED_TOLL_ROAD",
        "metadata": {
          "destination": "Taman;Bungurasih;Mojokerto",
          "destination:ref": "15",
          "highway": "motorway_link",
          "motorcycle": "no",
          "oneway": "yes",
          "toll": "yes"
        }
      }
    },
    {
      "type": "Feature",
      "geometry": {
        "type": "LineString",
        "coordinates": [
          [
            112.7141174,
            -7.3454133
          ],
          [
            112.7139511,
            -7.34541
          ],
          [
            112.7138063,
            -7.3453921
          ],
          [
            112.71365,
            -7.3453488
          ],
          [
            112.7135434,
            -7.3453083
          ],
          [
            112.7134314,
            -7.3452564
          ],
          [
            112.7132544,
            -7.3451666
          ],
          [
            112.7130163,
            -7.3450309
          ],
          [
            112.7125812,
            -7.3447942
          ],
          [
            112.7124276,
            -7.3447157
          ],
          [
            112.7122955,
            -7.3446658
          ],
          [
            112.7118824,
            -7.3445598
          ]
        ]
      },
      "properties": {
        "id": "osm:way:310948663",
        "name": "Way #310948663",
        "highway": "motorway_link",
        "restriction_type": "PROHIBITED_TOLL_ROAD",
        "metadata": {
          "destination": "Gunung Sari;Kota Satelit;Gresik",
          "destination:ref": "8",
          "highway": "motorway_link",
          "lanes": "1",
          "maxspeed": "40",
          "motorcycle": "no",
          "oneway": "yes",
          "surface": "asphalt",
          "toll": "yes"
        }
      }
    },
    {
      "type": "Feature",
      "geometry": {
        "type": "LineString",
        "coordinates": [
          [
            112.708548,
            -7.3436642
          ],
          [
            112.7084309,
            -7.3436489
          ]
        ]
      },
      "properties": {
        "id": "osm:way:310948664",
        "name": "Jalan Tol Surabaya–Mojokerto",
        "highway": "motorway",
        "restriction_type": "PROHIBITED_TOLL_ROAD",
        "metadata": {
          "bridge": "yes",
          "highway": "motorway",
          "int_ref": "AH2",
          "lanes": "4",
          "layer": "1",
          "name": "Jalan Tol Surabaya–Mojokerto",
          "oneway": "yes",
          "operator": "PT Jasamarga Surabaya Mojokerto",
          "ref": "11",
          "short_name": "Jalan Tol Sumo",
          "toll": "yes"
        }
      }
    },
    {
      "type": "Feature",
      "geometry": {
        "type": "LineString",
        "coordinates": [
          [
            112.711883,
            -7.3441407
          ],
          [
            112.7126871,
            -7.3443366
          ],
          [
            112.7131203,
            -7.3444404
          ],
          [
            112.7134274,
            -7.3445242
          ],
          [
            112.7137882,
            -7.3446292
          ],
          [
            112.714165,
            -7.3447489
          ]
        ]
      },
      "properties": {
        "id": "osm:way:310948665",
        "name": "Jalan Tol Waru–Juanda",
        "highway": "motorway",
        "restriction_type": "PROHIBITED_TOLL_ROAD",
        "metadata": {
          "highway": "motorway",
          "int_ref": "AH2",
          "motorcycle": "no",
          "name": "Jalan Tol Waru–Juanda",
          "oneway": "yes",
          "operator": "PT Citra Marga Surabaya",
          "ref": "11",
          "toll": "yes"
        }
      }
    },
    {
      "type": "Feature",
      "geometry": {
        "type": "LineString",
        "coordinates": [
          [
            112.7148235,
            -7.3451506
          ],
          [
            112.7145714,
            -7.3450463
          ],
          [
            112.7142853,
            -7.3449349
          ],
          [
            112.7141261,
            -7.3448753
          ]
        ]
      },
      "properties": {
        "id": "osm:way:310948666",
        "name": "Jalan Tol Surabaya–Mojokerto",
        "highway": "motorway",
        "restriction_type": "PROHIBITED_TOLL_ROAD",
        "metadata": {
          "bridge": "yes",
          "highway": "motorway",
          "int_ref": "AH2",
          "layer": "1",
          "motorcycle": "no",
          "name": "Jalan Tol Surabaya–Mojokerto",
          "oneway": "yes",
          "operator": "PT Jasamarga Surabaya Mojokerto",
          "ref": "11",
          "short_name": "Jalan Tol Sumo",
          "toll": "yes"
        }
      }
    },
    {
      "type": "Feature",
      "geometry": {
        "type": "LineString",
        "coordinates": [
          [
            112.7141261,
            -7.3448753
          ],
          [
            112.7138458,
            -7.3447849
          ],
          [
            112.7135199,
            -7.3446838
          ],
          [
            112.7132557,
            -7.3446106
          ],
          [
            112.7129741,
            -7.3445441
          ],
          [
            112.7126724,
            -7.3444763
          ],
          [
            112.7121445,
            -7.3443789
          ]
        ]
      },
      "properties": {
        "id": "osm:way:310948667",
        "name": "Jalan Tol Surabaya–Mojokerto",
        "highway": "motorway",
        "restriction_type": "PROHIBITED_TOLL_ROAD",
        "metadata": {
          "highway": "motorway",
          "int_ref": "AH2",
          "motorcycle": "no",
          "name": "Jalan Tol Surabaya–Mojokerto",
          "oneway": "yes",
          "operator": "PT Jasamarga Surabaya Mojokerto",
          "ref": "11",
          "short_name": "Jalan Tol Sumo",
          "toll": "yes"
        }
      }
    },
    {
      "type": "Feature",
      "geometry": {
        "type": "LineString",
        "coordinates": [
          [
            112.7109223,
            -7.3439422
          ],
          [
            112.7116962,
            -7.3440987
          ],
          [
            112.711883,
            -7.3441407
          ]
        ]
      },
      "properties": {
        "id": "osm:way:310948668",
        "name": "Jalan Tol Waru–Juanda",
        "highway": "motorway",
        "restriction_type": "PROHIBITED_TOLL_ROAD",
        "metadata": {
          "bridge": "yes",
          "highway": "motorway",
          "int_ref": "AH2",
          "layer": "1",
          "motorcycle": "no",
          "name": "Jalan Tol Waru–Juanda",
          "oneway": "yes",
          "operator": "PT Citra Marga Surabaya",
          "ref": "11",
          "toll": "yes"
        }
      }
    },
    {
      "type": "Feature",
      "geometry": {
        "type": "LineString",
        "coordinates": [
          [
            112.7188079,
            -7.346357
          ],
          [
            112.7190694,
            -7.3463344
          ],
          [
            112.7192418,
            -7.3463205
          ],
          [
            112.7194168,
            -7.3463038
          ],
          [
            112.7195247,
            -7.3462839
          ],
          [
            112.7196548,
            -7.34625
          ],
          [
            112.7201101,
            -7.3461083
          ],
          [
            112.7204018,
            -7.3460179
          ],
          [
            112.7205312,
            -7.3459839
          ],
          [
            112.7206372,
            -7.345964
          ],
          [
            112.7207686,
            -7.3459507
          ],
          [
            112.720902,
            -7.3459381
          ],
          [
            112.7210663,
            -7.3459321
          ],
          [
            112.7211991,
            -7.3459334
          ],
          [
            112.7213211,
            -7.3459414
          ],
          [
            112.7214324,
            -7.3459587
          ],
          [
            112.7215759,
            -7.3459826
          ],
          [
            112.7218777,
            -7.3460384
          ]
        ]
      },
      "properties": {
        "id": "osm:way:310948670",
        "name": "Way #310948670",
        "highway": "motorway_link",
        "restriction_type": "PROHIBITED_TOLL_ROAD",
        "metadata": {
          "destination": "Menanggal;Wonokromo;Wonocolo",
          "destination:ref": "15",
          "highway": "motorway_link",
          "motorcycle": "no",
          "oneway": "yes",
          "toll": "yes"
        }
      }
    },
    {
      "type": "Feature",
      "geometry": {
        "type": "LineString",
        "coordinates": [
          [
            112.7218915,
            -7.3463826
          ],
          [
            112.7216812,
            -7.3463524
          ],
          [
            112.7215431,
            -7.3463451
          ],
          [
            112.7214157,
            -7.3463471
          ],
          [
            112.721295,
            -7.3463584
          ],
          [
            112.7211763,
            -7.346379
          ],
          [
            112.7209906,
            -7.3464129
          ],
          [
            112.7205044,
            -7.3465113
          ],
          [
            112.7203783,
            -7.3465313
          ],
          [
            112.7201396,
            -7.3465539
          ],
          [
            112.7198097,
            -7.3465699
          ],
          [
            112.719567,
            -7.3465699
          ],
          [
            112.7194107,
            -7.3465572
          ],
          [
            112.7191915,
            -7.346526
          ]
        ]
      },
      "properties": {
        "id": "osm:way:310948672",
        "name": "Way #310948672",
        "highway": "motorway_link",
        "restriction_type": "PROHIBITED_TOLL_ROAD",
        "metadata": {
          "destination:ref": "AH2",
          "highway": "motorway_link",
          "motorcycle": "no",
          "oneway": "yes",
          "toll": "yes"
        }
      }
    },
    {
      "type": "Feature",
      "geometry": {
        "type": "LineString",
        "coordinates": [
          [
            112.7108892,
            -7.3440981
          ],
          [
            112.7098766,
            -7.3438877
          ],
          [
            112.7091792,
            -7.3437636
          ],
          [
            112.708548,
            -7.3436642
          ]
        ]
      },
      "properties": {
        "id": "osm:way:310948673",
        "name": "Jalan Tol Surabaya–Mojokerto",
        "highway": "motorway",
        "restriction_type": "PROHIBITED_TOLL_ROAD",
        "metadata": {
          "highway": "motorway",
          "int_ref": "AH2",
          "lanes": "4",
          "motorcycle": "no",
          "name": "Jalan Tol Surabaya–Mojokerto",
          "oneway": "yes",
          "operator": "PT Jasamarga Surabaya Mojokerto",
          "ref": "11",
          "short_name": "Jalan Tol Sumo",
          "toll": "yes"
        }
      }
    },
    {
      "type": "Feature",
      "geometry": {
        "type": "LineString",
        "coordinates": [
          [
            112.7142034,
            -7.344679
          ],
          [
            112.7145888,
            -7.3448566
          ],
          [
            112.7146636,
            -7.3448977
          ],
          [
            112.7147278,
            -7.3449422
          ],
          [
            112.7147942,
            -7.344997
          ]
        ]
      },
      "properties": {
        "id": "osm:way:310948674",
        "name": "Way #310948674",
        "highway": "motorway_link",
        "restriction_type": "PROHIBITED_TOLL_ROAD",
        "metadata": {
          "bridge": "yes",
          "destination": "Menanggal;Juanda;Lewat Jalan Tol",
          "destination:ref": "AH2",
          "highway": "motorway_link",
          "layer": "1",
          "motorcycle": "no",
          "oneway": "yes",
          "toll": "yes"
        }
      }
    },
    {
      "type": "Feature",
      "geometry": {
        "type": "LineString",
        "coordinates": [
          [
            112.7177283,
            -7.3461855
          ],
          [
            112.7179527,
            -7.3462314
          ],
          [
            112.7182205,
            -7.3462852
          ],
          [
            112.718659,
            -7.3463464
          ]
        ]
      },
      "properties": {
        "id": "osm:way:310948675",
        "name": "Jalan Tol Waru–Juanda",
        "highway": "motorway",
        "restriction_type": "PROHIBITED_TOLL_ROAD",
        "metadata": {
          "bridge": "yes",
          "highway": "motorway",
          "int_ref": "AH2",
          "layer": "1",
          "motorcycle": "no",
          "name": "Jalan Tol Waru–Juanda",
          "oneway": "yes",
          "operator": "PT Citra Marga Surabaya",
          "ref": "11",
          "toll": "yes"
        }
      }
    },
    {
      "type": "Feature",
      "geometry": {
        "type": "LineString",
        "coordinates": [
          [
            112.71487,
            -7.3450302
          ],
          [
            112.7151896,
            -7.3451713
          ],
          [
            112.7157234,
            -7.3454246
          ],
          [
            112.7161646,
            -7.3456348
          ],
          [
            112.7164382,
            -7.3457492
          ],
          [
            112.7167037,
            -7.3458556
          ],
          [
            112.7169532,
            -7.3459514
          ],
          [
            112.7172911,
            -7.3460644
          ],
          [
            112.7177283,
            -7.3461855
          ]
        ]
      },
      "properties": {
        "id": "osm:way:310948676",
        "name": "Jalan Tol Waru–Juanda",
        "highway": "motorway",
        "restriction_type": "PROHIBITED_TOLL_ROAD",
        "metadata": {
          "highway": "motorway",
          "int_ref": "AH2",
          "motorcycle": "no",
          "name": "Jalan Tol Waru–Juanda",
          "oneway": "yes",
          "operator": "PT Citra Marga Surabaya",
          "ref": "11",
          "toll": "yes"
        }
      }
    },
    {
      "type": "Feature",
      "geometry": {
        "type": "LineString",
        "coordinates": [
          [
            112.7156728,
            -7.3464718
          ],
          [
            112.7152989,
            -7.3467474
          ]
        ]
      },
      "properties": {
        "id": "osm:way:310948677",
        "name": "Way #310948677",
        "highway": "motorway_link",
        "restriction_type": "PROHIBITED_TOLL_ROAD",
        "metadata": {
          "bridge": "yes",
          "destination": "Sidoarjo;Gempol;Pandaan",
          "destination:ref": "8",
          "highway": "motorway_link",
          "layer": "1",
          "motorcycle": "no",
          "oneway": "yes",
          "toll": "yes"
        }
      }
    },
    {
      "type": "Feature",
      "geometry": {
        "type": "LineString",
        "coordinates": [
          [
            112.7147125,
            -7.3454008
          ],
          [
            112.7141174,
            -7.3454133
          ]
        ]
      },
      "properties": {
        "id": "osm:way:310948678",
        "name": "Way #310948678",
        "highway": "motorway_link",
        "restriction_type": "PROHIBITED_TOLL_ROAD",
        "metadata": {
          "bridge": "yes",
          "destination": "Gunung Sari;Kota Satelit;Gresik",
          "destination:ref": "8",
          "highway": "motorway_link",
          "layer": "1",
          "motorcycle": "no",
          "oneway": "yes",
          "toll": "yes"
        }
      }
    },
    {
      "type": "Feature",
      "geometry": {
        "type": "LineString",
        "coordinates": [
          [
            112.7084644,
            -7.3435023
          ],
          [
            112.7085946,
            -7.3435194
          ]
        ]
      },
      "properties": {
        "id": "osm:way:310948680",
        "name": "Jalan Tol Waru–Juanda",
        "highway": "motorway",
        "restriction_type": "PROHIBITED_TOLL_ROAD",
        "metadata": {
          "bridge": "yes",
          "highway": "motorway",
          "int_ref": "AH2",
          "lanes": "2",
          "layer": "1",
          "motorcycle": "no",
          "name": "Jalan Tol Waru–Juanda",
          "oneway": "yes",
          "operator": "PT Citra Marga Surabaya",
          "ref": "11",
          "toll": "yes"
        }
      }
    },
    {
      "type": "Feature",
      "geometry": {
        "type": "LineString",
        "coordinates": [
          [
            112.7107755,
            -7.3443182
          ],
          [
            112.7097662,
            -7.3440912
          ],
          [
            112.7096069,
            -7.3441065
          ],
          [
            112.7095228,
            -7.3441444
          ],
          [
            112.7094262,
            -7.3442029
          ],
          [
            112.7093303,
            -7.3443353
          ],
          [
            112.7093055,
            -7.3444045
          ],
          [
            112.709282,
            -7.3445242
          ],
          [
            112.7092961,
            -7.3446252
          ],
          [
            112.7093256,
            -7.3447177
          ],
          [
            112.7093565,
            -7.3447756
          ],
          [
            112.7094081,
            -7.3448295
          ],
          [
            112.7095363,
            -7.3449168
          ],
          [
            112.7096173,
            -7.3449438
          ],
          [
            112.7097266,
            -7.3449485
          ],
          [
            112.709907,
            -7.3449245
          ],
          [
            112.7100196,
            -7.3448966
          ],
          [
            112.710251,
            -7.3448327
          ],
          [
            112.7104971,
            -7.3447489
          ],
          [
            112.7106899,
            -7.3446556
          ],
          [
            112.7108426,
            -7.3445398
          ],
          [
            112.7109377,
            -7.3444287
          ],
          [
            112.7110174,
            -7.3442982
          ],
          [
            112.7110474,
            -7.3442292
          ],
          [
            112.7110676,
            -7.3441709
          ],
          [
            112.7110952,
            -7.3440663
          ],
          [
            112.7111237,
            -7.3439498
          ],
          [
            112.7111694,
            -7.3437731
          ],
          [
            112.7112755,
            -7.3434363
          ],
          [
            112.7113154,
            -7.3433523
          ],
          [
            112.7113688,
            -7.3432783
          ],
          [
            112.7115194,
            -7.3430987
          ],
          [
            112.7115734,
            -7.3430194
          ],
          [
            112.7116158,
            -7.3429428
          ],
          [
            112.7119875,
            -7.3421063
          ],
          [
            112.7121497,
            -7.3417969
          ],
          [
            112.7121961,
            -7.3417181
          ],
          [
            112.7122578,
            -7.3416352
          ]
        ]
      },
      "properties": {
        "id": "osm:way:310948682",
        "name": "Way #310948682",
        "highway": "motorway_link",
        "restriction_type": "PROHIBITED_TOLL_ROAD",
        "metadata": {
          "destination": "Gunung Sari;Kota Satelit;Gresik",
          "destination:ref": "8",
          "highway": "motorway_link",
          "motorcycle": "no",
          "oneway": "yes",
          "toll": "yes"
        }
      }
    },
    {
      "type": "Feature",
      "geometry": {
        "type": "LineString",
        "coordinates": [
          [
            112.628239,
            -7.3562728
          ],
          [
            112.6281761,
            -7.3560746
          ],
          [
            112.6281362,
            -7.3559772
          ],
          [
            112.6280715,
            -7.3558871
          ],
          [
            112.6280042,
            -7.35582
          ],
          [
            112.6279131,
            -7.3557338
          ],
          [
            112.6272031,
            -7.3556673
          ],
          [
            112.6252976,
            -7.3554629
          ],
          [
            112.6251801,
            -7.3554521
          ],
          [
            112.6246181,
            -7.3553803
          ]
        ]
      },
      "properties": {
        "id": "osm:way:310952001",
        "name": "Jalan Akses Tol Driyorejo",
        "highway": "motorway_link",
        "restriction_type": "PROHIBITED_TOLL_ROAD",
        "metadata": {
          "destination": "Krian;Mojokerto;Kertosono",
          "destination:ref": "AH2",
          "highway": "motorway_link",
          "motorcycle": "no",
          "name": "Jalan Akses Tol Driyorejo",
          "oneway": "yes",
          "toll": "yes"
        }
      }
    },
    {
      "type": "Feature",
      "geometry": {
        "type": "LineString",
        "coordinates": [
          [
            112.6281953,
            -7.3593091
          ],
          [
            112.6280486,
            -7.3594112
          ],
          [
            112.6279765,
            -7.3594583
          ],
          [
            112.62791,
            -7.3595145
          ],
          [
            112.6278406,
            -7.3595916
          ]
        ]
      },
      "properties": {
        "id": "osm:way:310952005",
        "name": "Jalan Akses Tol Driyorejo",
        "highway": "motorway_link",
        "restriction_type": "PROHIBITED_TOLL_ROAD",
        "metadata": {
          "destination": "Driyorejo;Krian",
          "highway": "motorway_link",
          "lanes": "1",
          "motorcycle": "no",
          "name": "Jalan Akses Tol Driyorejo",
          "oneway": "yes",
          "toll": "yes"
        }
      }
    },
    {
      "type": "Feature",
      "geometry": {
        "type": "LineString",
        "coordinates": [
          [
            112.6281953,
            -7.3593091
          ],
          [
            112.628079,
            -7.3593
          ],
          [
            112.6279961,
            -7.3592771
          ],
          [
            112.6279425,
            -7.3592186
          ],
          [
            112.6279002,
            -7.3590822
          ]
        ]
      },
      "properties": {
        "id": "osm:way:310952007",
        "name": "Jalan Akses Tol Driyorejo",
        "highway": "motorway_link",
        "restriction_type": "PROHIBITED_TOLL_ROAD",
        "metadata": {
          "destination": "Menganti;Lakarsantri;Benowo",
          "highway": "motorway_link",
          "lanes": "1",
          "motorcycle": "no",
          "name": "Jalan Akses Tol Driyorejo",
          "oneway": "yes",
          "toll": "yes"
        }
      }
    },
    {
      "type": "Feature",
      "geometry": {
        "type": "LineString",
        "coordinates": [
          [
            112.6279481,
            -7.3551609
          ],
          [
            112.628054,
            -7.3551356
          ],
          [
            112.6281445,
            -7.355091
          ],
          [
            112.628233,
            -7.3550159
          ],
          [
            112.628327,
            -7.3549148
          ],
          [
            112.6284286,
            -7.3548131
          ]
        ]
      },
      "properties": {
        "id": "osm:way:310952008",
        "name": "Jalan Akses Tol Driyorejo",
        "highway": "motorway_link",
        "restriction_type": "PROHIBITED_TOLL_ROAD",
        "metadata": {
          "destination": "Lakarsantri",
          "highway": "motorway_link",
          "name": "Jalan Akses Tol Driyorejo",
          "oneway": "yes",
          "toll": "yes"
        }
      }
    },
    {
      "type": "Feature",
      "geometry": {
        "type": "LineString",
        "coordinates": [
          [
            112.6341349,
            -7.3541545
          ],
          [
            112.6334171,
            -7.3545637
          ],
          [
            112.6328418,
            -7.3549214
          ],
          [
            112.6323049,
            -7.3552592
          ],
          [
            112.6320983,
            -7.3553894
          ],
          [
            112.6318779,
            -7.3555712
          ],
          [
            112.6317132,
            -7.3557532
          ],
          [
            112.63162,
            -7.3558804
          ],
          [
            112.6315428,
            -7.356019
          ],
          [
            112.6314779,
            -7.3561491
          ],
          [
            112.6314229,
            -7.356322
          ],
          [
            112.6312182,
            -7.3577708
          ],
          [
            112.6311868,
            -7.3579154
          ],
          [
            112.6310836,
            -7.3581601
          ],
          [
            112.6309924,
            -7.3583011
          ],
          [
            112.630873,
            -7.3584275
          ],
          [
            112.6306826,
            -7.3585632
          ],
          [
            112.6304975,
            -7.3586549
          ],
          [
            112.6281953,
            -7.3593091
          ]
        ]
      },
      "properties": {
        "id": "osm:way:314107177",
        "name": "Jalan Akses Tol Driyorejo",
        "highway": "motorway_link",
        "restriction_type": "PROHIBITED_TOLL_ROAD",
        "metadata": {
          "destination": "Driyorejo;Lakarsantri;Benowo",
          "highway": "motorway_link",
          "lanes": "1",
          "motorcycle": "no",
          "name": "Jalan Akses Tol Driyorejo",
          "oneway": "yes",
          "toll": "yes"
        }
      }
    },
    {
      "type": "Feature",
      "geometry": {
        "type": "LineString",
        "coordinates": [
          [
            112.7084309,
            -7.3436489
          ],
          [
            112.7077053,
            -7.3435629
          ],
          [
            112.7065502,
            -7.343472
          ]
        ]
      },
      "properties": {
        "id": "osm:way:321633551",
        "name": "Jalan Tol Surabaya–Mojokerto",
        "highway": "motorway",
        "restriction_type": "PROHIBITED_TOLL_ROAD",
        "metadata": {
          "highway": "motorway",
          "int_ref": "AH2",
          "lanes": "4",
          "motorcycle": "no",
          "name": "Jalan Tol Surabaya–Mojokerto",
          "oneway": "yes",
          "operator": "PT Jasamarga Surabaya Mojokerto",
          "ref": "11",
          "short_name": "Jalan Tol Sumo",
          "toll": "yes"
        }
      }
    },
    {
      "type": "Feature",
      "geometry": {
        "type": "LineString",
        "coordinates": [
          [
            112.7072902,
            -7.264224
          ],
          [
            112.7073053,
            -7.2642201
          ],
          [
            112.7073257,
            -7.2642164
          ],
          [
            112.7073465,
            -7.2642147
          ],
          [
            112.7073656,
            -7.2642177
          ],
          [
            112.7073951,
            -7.2642324
          ]
        ]
      },
      "properties": {
        "id": "osm:way:326479622",
        "name": "Banyu Urip",
        "highway": "motorway_link",
        "restriction_type": "PROHIBITED_TOLL_ROAD",
        "metadata": {
          "highway": "motorway_link",
          "motorcycle": "no",
          "name": "Banyu Urip",
          "oneway": "yes",
          "ref": "AH2",
          "toll": "yes"
        }
      }
    },
    {
      "type": "Feature",
      "geometry": {
        "type": "LineString",
        "coordinates": [
          [
            112.7162383,
            -7.345829
          ],
          [
            112.7154578,
            -7.3454379
          ],
          [
            112.7151306,
            -7.345289
          ],
          [
            112.7148235,
            -7.3451506
          ]
        ]
      },
      "properties": {
        "id": "osm:way:369634605",
        "name": "Jalan Tol Surabaya–Mojokerto",
        "highway": "motorway",
        "restriction_type": "PROHIBITED_TOLL_ROAD",
        "metadata": {
          "highway": "motorway",
          "int_ref": "AH2",
          "motorcycle": "no",
          "name": "Jalan Tol Surabaya–Mojokerto",
          "oneway": "yes",
          "operator": "PT Jasamarga Surabaya Mojokerto",
          "ref": "11",
          "short_name": "Jalan Tol Sumo",
          "toll": "yes"
        }
      }
    },
    {
      "type": "Feature",
      "geometry": {
        "type": "LineString",
        "coordinates": [
          [
            112.7244143,
            -7.346685
          ],
          [
            112.724749,
            -7.3467241
          ],
          [
            112.7248885,
            -7.3467388
          ],
          [
            112.7250508,
            -7.3467534
          ],
          [
            112.7251822,
            -7.3467614
          ],
          [
            112.7255195,
            -7.3468083
          ]
        ]
      },
      "properties": {
        "id": "osm:way:417663886",
        "name": "Way #417663886",
        "highway": "motorway_link",
        "restriction_type": "PROHIBITED_TOLL_ROAD",
        "metadata": {
          "destination": "Kenjeran;Suramadu",
          "destination:ref": "AH2",
          "highway": "motorway_link",
          "motorcar": "yes",
          "motorcycle": "no",
          "oneway": "yes",
          "toll": "yes"
        }
      }
    },
    {
      "type": "Feature",
      "geometry": {
        "type": "LineString",
        "coordinates": [
          [
            112.7032139,
            -7.2891856
          ],
          [
            112.7031231,
            -7.289119
          ],
          [
            112.7030992,
            -7.2890711
          ],
          [
            112.7030956,
            -7.2890032
          ],
          [
            112.7031088,
            -7.2889474
          ]
        ]
      },
      "properties": {
        "id": "osm:way:428947773",
        "name": "Way #428947773",
        "highway": "motorway_link",
        "restriction_type": "PROHIBITED_TOLL_ROAD",
        "metadata": {
          "highway": "motorway_link",
          "motorcycle": "no",
          "oneway": "yes",
          "toll": "no"
        }
      }
    },
    {
      "type": "Feature",
      "geometry": {
        "type": "LineString",
        "coordinates": [
          [
            112.7139382,
            -7.2393758
          ],
          [
            112.7151105,
            -7.2378533
          ]
        ]
      },
      "properties": {
        "id": "osm:way:449222383",
        "name": "Jalan Tol Surabaya–Gempol",
        "highway": "motorway",
        "restriction_type": "PROHIBITED_TOLL_ROAD",
        "metadata": {
          "bridge": "yes",
          "highway": "motorway",
          "int_ref": "AH2",
          "lanes": "3",
          "layer": "1",
          "motorcycle": "no",
          "name": "Jalan Tol Surabaya–Gempol",
          "oneway": "yes",
          "operator": "PT Jasamarga Surabaya-Gempol",
          "ref": "8",
          "short_name": "Jalan Tol Surgem",
          "source": "Bing",
          "toll": "yes"
        }
      }
    },
    {
      "type": "Feature",
      "geometry": {
        "type": "LineString",
        "coordinates": [
          [
            112.7163574,
            -7.2363657
          ],
          [
            112.7161596,
            -7.2366216
          ],
          [
            112.7159113,
            -7.2369584
          ],
          [
            112.7157804,
            -7.2371128
          ],
          [
            112.7151751,
            -7.2379458
          ]
        ]
      },
      "properties": {
        "id": "osm:way:449222384",
        "name": "Jalan Tol Surabaya–Gempol",
        "highway": "motorway",
        "restriction_type": "PROHIBITED_TOLL_ROAD",
        "metadata": {
          "highway": "motorway",
          "int_ref": "AH2",
          "lanes": "3",
          "motorcycle": "no",
          "name": "Jalan Tol Surabaya–Gempol",
          "oneway": "yes",
          "operator": "PT Jasamarga Surabaya-Gempol",
          "ref": "8",
          "short_name": "Jalan Tol Surgem",
          "smoothness": "good",
          "surface": "asphalt",
          "toll": "yes",
          "width": "10"
        }
      }
    },
    {
      "type": "Feature",
      "geometry": {
        "type": "LineString",
        "coordinates": [
          [
            112.7112783,
            -7.30901
          ],
          [
            112.7111517,
            -7.3089074
          ]
        ]
      },
      "properties": {
        "id": "osm:way:455010110",
        "name": "Way #455010110",
        "highway": "motorway_link",
        "restriction_type": "PROHIBITED_TOLL_ROAD",
        "metadata": {
          "bridge": "yes",
          "destination": "Waru;Juanda;Malang;Pasuruan",
          "destination:ref": "8",
          "highway": "motorway_link",
          "layer": "1",
          "motorcycle": "no",
          "oneway": "yes",
          "toll": "yes"
        }
      }
    },
    {
      "type": "Feature",
      "geometry": {
        "type": "LineString",
        "coordinates": [
          [
            112.7105389,
            -7.3103725
          ],
          [
            112.7104537,
            -7.3103304
          ]
        ]
      },
      "properties": {
        "id": "osm:way:455010111",
        "name": "Way #455010111",
        "highway": "motorway_link",
        "restriction_type": "PROHIBITED_TOLL_ROAD",
        "metadata": {
          "bridge": "yes",
          "destination": "Kota Satelit;Tj. Perak;Gresik",
          "destination:ref": "8",
          "highway": "motorway_link",
          "layer": "1",
          "motorcycle": "no",
          "oneway": "yes",
          "toll": "yes"
        }
      }
    },
    {
      "type": "Feature",
      "geometry": {
        "type": "LineString",
        "coordinates": [
          [
            112.7112254,
            -7.3088568
          ],
          [
            112.7113696,
            -7.3089596
          ]
        ]
      },
      "properties": {
        "id": "osm:way:455010112",
        "name": "Way #455010112",
        "highway": "motorway_link",
        "restriction_type": "PROHIBITED_TOLL_ROAD",
        "metadata": {
          "bridge": "yes",
          "destination": "Gunung Sari;Wonokromo;Karang Pilang",
          "destination:ref": "1",
          "highway": "motorway_link",
          "layer": "1",
          "motorcycle": "no",
          "oneway": "yes",
          "toll": "yes"
        }
      }
    },
    {
      "type": "Feature",
      "geometry": {
        "type": "LineString",
        "coordinates": [
          [
            112.7104872,
            -7.3102436
          ],
          [
            112.7105659,
            -7.3102741
          ]
        ]
      },
      "properties": {
        "id": "osm:way:455010113",
        "name": "Way #455010113",
        "highway": "motorway_link",
        "restriction_type": "PROHIBITED_TOLL_ROAD",
        "metadata": {
          "bridge": "yes",
          "destination": "Gunung Sari;Wonokromo;Karang Pilang",
          "destination:ref": "JI-150-12K",
          "highway": "motorway_link",
          "layer": "1",
          "motorcycle": "no",
          "oneway": "yes",
          "toll": "yes"
        }
      }
    },
    {
      "type": "Feature",
      "geometry": {
        "type": "LineString",
        "coordinates": [
          [
            112.7098332,
            -7.3080135
          ],
          [
            112.7104341,
            -7.3083285
          ],
          [
            112.7109557,
            -7.3086815
          ],
          [
            112.7112254,
            -7.3088568
          ]
        ]
      },
      "properties": {
        "id": "osm:way:455010114",
        "name": "Way #455010114",
        "highway": "motorway_link",
        "restriction_type": "PROHIBITED_TOLL_ROAD",
        "metadata": {
          "destination": "Gunung Sari;Wonokromo;Karang Pilang",
          "destination:ref": "1",
          "highway": "motorway_link",
          "motorcycle": "no",
          "oneway": "yes",
          "toll": "yes"
        }
      }
    },
    {
      "type": "Feature",
      "geometry": {
        "type": "LineString",
        "coordinates": [
          [
            112.7111517,
            -7.3089074
          ],
          [
            112.7109003,
            -7.3087476
          ],
          [
            112.7103826,
            -7.3084054
          ],
          [
            112.7097302,
            -7.3080731
          ]
        ]
      },
      "properties": {
        "id": "osm:way:455010115",
        "name": "Way #455010115",
        "highway": "motorway_link",
        "restriction_type": "PROHIBITED_TOLL_ROAD",
        "metadata": {
          "destination": "Waru;Juanda;Malang;Pasuran",
          "destination:ref": "8",
          "highway": "motorway_link",
          "motorcycle": "no",
          "oneway": "yes",
          "toll": "yes"
        }
      }
    },
    {
      "type": "Feature",
      "geometry": {
        "type": "LineString",
        "coordinates": [
          [
            112.7105938,
            -7.3102858
          ],
          [
            112.7106644,
            -7.3103164
          ],
          [
            112.7107351,
            -7.310347
          ]
        ]
      },
      "properties": {
        "id": "osm:way:455010116",
        "name": "Way #455010116",
        "highway": "motorway_link",
        "restriction_type": "PROHIBITED_TOLL_ROAD",
        "metadata": {
          "destination": "Kerang Pilang",
          "destination:ref": "JI-150-11K",
          "highway": "motorway_link",
          "motorcycle": "no",
          "oneway": "yes",
          "toll": "yes"
        }
      }
    },
    {
      "type": "Feature",
      "geometry": {
        "type": "LineString",
        "coordinates": [
          [
            112.710698,
            -7.3104464
          ],
          [
            112.7105667,
            -7.3103852
          ],
          [
            112.7105389,
            -7.3103725
          ]
        ]
      },
      "properties": {
        "id": "osm:way:455010117",
        "name": "Way #455010117",
        "highway": "motorway_link",
        "restriction_type": "PROHIBITED_TOLL_ROAD",
        "metadata": {
          "destination": "Kota Satelit;Tj. Perak;Gresik",
          "destination:ref": "8",
          "highway": "motorway_link",
          "motorcycle": "no",
          "oneway": "yes",
          "toll": "yes"
        }
      }
    },
    {
      "type": "Feature",
      "geometry": {
        "type": "LineString",
        "coordinates": [
          [
            112.714228,
            -7.3339472
          ],
          [
            112.7141485,
            -7.3344768
          ],
          [
            112.7140466,
            -7.3350591
          ],
          [
            112.7139664,
            -7.3355397
          ],
          [
            112.7138919,
            -7.3359378
          ],
          [
            112.7138078,
            -7.3363854
          ],
          [
            112.7137173,
            -7.3368267
          ],
          [
            112.7135854,
            -7.3373946
          ],
          [
            112.7133746,
            -7.3382529
          ],
          [
            112.7132671,
            -7.338689
          ],
          [
            112.7131777,
            -7.3390057
          ],
          [
            112.7131415,
            -7.3391324
          ],
          [
            112.7131053,
            -7.339258
          ],
          [
            112.7129786,
            -7.3397236
          ],
          [
            112.7128869,
            -7.3400424
          ],
          [
            112.7126025,
            -7.3409699
          ],
          [
            112.7122022,
            -7.3421166
          ],
          [
            112.711953,
            -7.3428613
          ],
          [
            112.7116261,
            -7.3438618
          ]
        ]
      },
      "properties": {
        "id": "osm:way:455677753",
        "name": "Jalan Tol Surabaya–Gempol",
        "highway": "motorway",
        "restriction_type": "PROHIBITED_TOLL_ROAD",
        "metadata": {
          "highway": "motorway",
          "int_ref": "AH2",
          "lanes": "3",
          "maxheight": "4.2",
          "maxspeed": "80",
          "motorcycle": "no",
          "name": "Jalan Tol Surabaya–Gempol",
          "oneway": "yes",
          "operator": "PT Jasamarga Surabaya-Gempol",
          "ref": "8",
          "short_name": "Jalan Tol Surgem",
          "surface": "asphalt",
          "toll": "yes"
        }
      }
    },
    {
      "type": "Feature",
      "geometry": {
        "type": "LineString",
        "coordinates": [
          [
            112.7112088,
            -7.344829
          ],
          [
            112.7112937,
            -7.3445188
          ],
          [
            112.7113592,
            -7.3443067
          ],
          [
            112.7118153,
            -7.3429727
          ],
          [
            112.7122578,
            -7.3416352
          ],
          [
            112.7125231,
            -7.3408383
          ],
          [
            112.7129023,
            -7.339596
          ],
          [
            112.7129903,
            -7.3392728
          ],
          [
            112.7130418,
            -7.3390741
          ],
          [
            112.7130672,
            -7.3389844
          ],
          [
            112.7131833,
            -7.3385533
          ],
          [
            112.7135254,
            -7.3371805
          ],
          [
            112.7137136,
            -7.3362645
          ],
          [
            112.7138547,
            -7.3355229
          ],
          [
            112.7140413,
            -7.334429
          ],
          [
            112.7141072,
            -7.3339413
          ]
        ]
      },
      "properties": {
        "id": "osm:way:455677755",
        "name": "Jalan Tol Surabaya–Gempol",
        "highway": "motorway",
        "restriction_type": "PROHIBITED_TOLL_ROAD",
        "metadata": {
          "highway": "motorway",
          "int_ref": "AH2",
          "lanes": "3",
          "maxheight": "4.2",
          "maxspeed": "80",
          "motorcycle": "no",
          "name": "Jalan Tol Surabaya–Gempol",
          "oneway": "yes",
          "operator": "PT Jasamarga Surabaya-Gempol",
          "ref": "8",
          "short_name": "Jalan Tol Surgem",
          "surface": "asphalt",
          "toll": "yes"
        }
      }
    },
    {
      "type": "Feature",
      "geometry": {
        "type": "LineString",
        "coordinates": [
          [
            112.7242616,
            -7.3467356
          ],
          [
            112.7244023,
            -7.3467534
          ]
        ]
      },
      "properties": {
        "id": "osm:way:455677757",
        "name": "Jalan Tol Waru–Juanda",
        "highway": "motorway",
        "restriction_type": "PROHIBITED_TOLL_ROAD",
        "metadata": {
          "bridge": "yes",
          "highway": "motorway",
          "int_ref": "AH2",
          "layer": "1",
          "motorcar": "yes",
          "motorcycle": "no",
          "name": "Jalan Tol Waru–Juanda",
          "oneway": "yes",
          "operator": "PT Citra Marga Surabaya",
          "ref": "11",
          "toll": "yes"
        }
      }
    },
    {
      "type": "Feature",
      "geometry": {
        "type": "LineString",
        "coordinates": [
          [
            112.7244513,
            -7.3468505
          ],
          [
            112.7242931,
            -7.3468276
          ]
        ]
      },
      "properties": {
        "id": "osm:way:455677758",
        "name": "Jalan Tol Waru–Juanda",
        "highway": "motorway",
        "restriction_type": "PROHIBITED_TOLL_ROAD",
        "metadata": {
          "bridge": "yes",
          "highway": "motorway",
          "int_ref": "AH2",
          "layer": "1",
          "motorcycle": "no",
          "name": "Jalan Tol Waru–Juanda",
          "oneway": "yes",
          "operator": "PT Citra Marga Surabaya",
          "ref": "11",
          "toll": "yes"
        }
      }
    },
    {
      "type": "Feature",
      "geometry": {
        "type": "LineString",
        "coordinates": [
          [
            112.7269484,
            -7.3469303
          ],
          [
            112.7261706,
            -7.3469343
          ],
          [
            112.7254745,
            -7.3469157
          ],
          [
            112.7248174,
            -7.3468771
          ],
          [
            112.7244513,
            -7.3468505
          ]
        ]
      },
      "properties": {
        "id": "osm:way:455677759",
        "name": "Jalan Tol Waru–Juanda",
        "highway": "motorway",
        "restriction_type": "PROHIBITED_TOLL_ROAD",
        "metadata": {
          "highway": "motorway",
          "int_ref": "AH2",
          "motorcycle": "no",
          "name": "Jalan Tol Waru–Juanda",
          "oneway": "yes",
          "operator": "PT Citra Marga Surabaya",
          "ref": "11",
          "toll": "yes"
        }
      }
    },
    {
      "type": "Feature",
      "geometry": {
        "type": "LineString",
        "coordinates": [
          [
            112.7244023,
            -7.3467534
          ],
          [
            112.7247068,
            -7.346792
          ],
          [
            112.7249166,
            -7.3468086
          ],
          [
            112.7252103,
            -7.3468133
          ],
          [
            112.7255195,
            -7.3468083
          ]
        ]
      },
      "properties": {
        "id": "osm:way:455677760",
        "name": "Jalan Tol Waru–Juanda",
        "highway": "motorway",
        "restriction_type": "PROHIBITED_TOLL_ROAD",
        "metadata": {
          "highway": "motorway",
          "int_ref": "AH2",
          "motorcar": "yes",
          "motorcycle": "no",
          "name": "Jalan Tol Waru–Juanda",
          "oneway": "yes",
          "operator": "PT Citra Marga Surabaya",
          "ref": "11",
          "toll": "yes"
        }
      }
    },
    {
      "type": "Feature",
      "geometry": {
        "type": "LineString",
        "coordinates": [
          [
            112.7072917,
            -7.3076526
          ],
          [
            112.7074205,
            -7.3075544
          ]
        ]
      },
      "properties": {
        "id": "osm:way:456293240",
        "name": "Way #456293240",
        "highway": "motorway_link",
        "restriction_type": "PROHIBITED_TOLL_ROAD",
        "metadata": {
          "bridge": "yes",
          "destination": "Gunung Sari;Wonokromo;Karang Pilang",
          "destination:ref": "1",
          "highway": "motorway_link",
          "layer": "1",
          "oneway": "yes",
          "toll": "yes"
        }
      }
    },
    {
      "type": "Feature",
      "geometry": {
        "type": "LineString",
        "coordinates": [
          [
            112.7074952,
            -7.3076004
          ],
          [
            112.7073798,
            -7.3077304
          ]
        ]
      },
      "properties": {
        "id": "osm:way:456293241",
        "name": "Way #456293241",
        "highway": "motorway_link",
        "restriction_type": "PROHIBITED_TOLL_ROAD",
        "metadata": {
          "bridge": "yes",
          "destination": "Jambangan;Waru;Malang",
          "destination:ref": "8",
          "highway": "motorway_link",
          "layer": "1",
          "motorcycle": "no",
          "oneway": "yes",
          "toll": "yes"
        }
      }
    },
    {
      "type": "Feature",
      "geometry": {
        "type": "LineString",
        "coordinates": [
          [
            112.7092238,
            -7.3078687
          ],
          [
            112.7086144,
            -7.3076985
          ],
          [
            112.7081107,
            -7.3075522
          ],
          [
            112.7079631,
            -7.3075211
          ],
          [
            112.7078353,
            -7.3075065
          ],
          [
            112.7076502,
            -7.3075262
          ],
          [
            112.7074952,
            -7.3076004
          ]
        ]
      },
      "properties": {
        "id": "osm:way:456293242",
        "name": "Way #456293242",
        "highway": "motorway_link",
        "restriction_type": "PROHIBITED_TOLL_ROAD",
        "metadata": {
          "destination": "Jambangan;Waru;Malang",
          "destination:ref": "8",
          "highway": "motorway_link",
          "motorcycle": "no",
          "oneway": "yes",
          "toll": "yes"
        }
      }
    },
    {
      "type": "Feature",
      "geometry": {
        "type": "LineString",
        "coordinates": [
          [
            112.7074205,
            -7.3075544
          ],
          [
            112.7076217,
            -7.3074531
          ],
          [
            112.7077592,
            -7.3074378
          ],
          [
            112.7078966,
            -7.3074362
          ],
          [
            112.7081531,
            -7.3074846
          ],
          [
            112.708802,
            -7.3076589
          ],
          [
            112.7093011,
            -7.3077921
          ]
        ]
      },
      "properties": {
        "id": "osm:way:456293243",
        "name": "Way #456293243",
        "highway": "motorway_link",
        "restriction_type": "PROHIBITED_TOLL_ROAD",
        "metadata": {
          "destination": "Gunung Sari;Wonokromo;Karang Pilang",
          "destination:ref": "1",
          "highway": "motorway_link",
          "motorcycle": "no",
          "oneway": "yes",
          "toll": "yes"
        }
      }
    },
    {
      "type": "Feature",
      "geometry": {
        "type": "LineString",
        "coordinates": [
          [
            112.7127864,
            -7.2411576
          ],
          [
            112.712757,
            -7.2411899
          ],
          [
            112.7127043,
            -7.2412539
          ]
        ]
      },
      "properties": {
        "id": "osm:way:456295322",
        "name": "Jalan Tol Surabaya–Gempol",
        "highway": "motorway",
        "restriction_type": "PROHIBITED_TOLL_ROAD",
        "metadata": {
          "highway": "motorway",
          "int_ref": "AH2",
          "lanes": "3",
          "motorcycle": "no",
          "name": "Jalan Tol Surabaya–Gempol",
          "oneway": "yes",
          "operator": "PT Jasamarga Surabaya-Gempol",
          "ref": "8",
          "short_name": "Jalan Tol Surgem",
          "toll": "yes",
          "tunnel": "building_passage"
        }
      }
    },
    {
      "type": "Feature",
      "geometry": {
        "type": "LineString",
        "coordinates": [
          [
            112.6482683,
            -7.2204312
          ],
          [
            112.6468632,
            -7.2184167
          ]
        ]
      },
      "properties": {
        "id": "osm:way:457152591",
        "name": "Jalan Tol Surabaya - Gresik",
        "highway": "motorway",
        "restriction_type": "PROHIBITED_TOLL_ROAD",
        "metadata": {
          "highway": "motorway",
          "motorcycle": "no",
          "name": "Jalan Tol Surabaya - Gresik",
          "oneway": "yes",
          "operator": "PT. Margabumi Matra Jaya",
          "ref": "8",
          "toll": "yes"
        }
      }
    },
    {
      "type": "Feature",
      "geometry": {
        "type": "LineString",
        "coordinates": [
          [
            112.6468632,
            -7.2184167
          ],
          [
            112.6467192,
            -7.2182174
          ]
        ]
      },
      "properties": {
        "id": "osm:way:457152592",
        "name": "Jalan Tol Surabaya - Gresik",
        "highway": "motorway",
        "restriction_type": "PROHIBITED_TOLL_ROAD",
        "metadata": {
          "bridge": "yes",
          "highway": "motorway",
          "lanes": "3",
          "layer": "1",
          "motorcycle": "no",
          "name": "Jalan Tol Surabaya - Gresik",
          "oneway": "yes",
          "operator": "PT. Margabumi Matra Jaya",
          "ref": "8",
          "source": "Bing",
          "toll": "yes"
        }
      }
    },
    {
      "type": "Feature",
      "geometry": {
        "type": "LineString",
        "coordinates": [
          [
            112.6468547,
            -7.2181147
          ],
          [
            112.6469388,
            -7.2182292
          ]
        ]
      },
      "properties": {
        "id": "osm:way:457152594",
        "name": "Jalan Tol Surabaya - Gresik",
        "highway": "motorway",
        "restriction_type": "PROHIBITED_TOLL_ROAD",
        "metadata": {
          "bridge": "yes",
          "highway": "motorway",
          "lanes": "4",
          "layer": "1",
          "motorcycle": "no",
          "name": "Jalan Tol Surabaya - Gresik",
          "oneway": "yes",
          "operator": "PT. Margabumi Matra Jaya",
          "ref": "8",
          "toll": "yes"
        }
      }
    },
    {
      "type": "Feature",
      "geometry": {
        "type": "LineString",
        "coordinates": [
          [
            112.6469388,
            -7.2182292
          ],
          [
            112.6483894,
            -7.22035
          ]
        ]
      },
      "properties": {
        "id": "osm:way:457152595",
        "name": "Jalan Tol Surabaya - Gresik",
        "highway": "motorway",
        "restriction_type": "PROHIBITED_TOLL_ROAD",
        "metadata": {
          "highway": "motorway",
          "motorcycle": "no",
          "name": "Jalan Tol Surabaya - Gresik",
          "oneway": "yes",
          "operator": "PT. Margabumi Matra Jaya",
          "ref": "8",
          "toll": "yes"
        }
      }
    },
    {
      "type": "Feature",
      "geometry": {
        "type": "LineString",
        "coordinates": [
          [
            112.7090251,
            -7.2694485
          ],
          [
            112.7090206,
            -7.2695288
          ]
        ]
      },
      "properties": {
        "id": "osm:way:458258297",
        "name": "Jalan Tol Surabaya–Gempol",
        "highway": "motorway",
        "restriction_type": "PROHIBITED_TOLL_ROAD",
        "metadata": {
          "bridge": "yes",
          "highway": "motorway",
          "int_ref": "AH2",
          "layer": "1",
          "motorcycle": "no",
          "name": "Jalan Tol Surabaya–Gempol",
          "oneway": "yes",
          "operator": "PT Jasamarga Surabaya-Gempol",
          "ref": "8",
          "short_name": "Jalan Tol Surgem",
          "toll": "yes"
        }
      }
    },
    {
      "type": "Feature",
      "geometry": {
        "type": "LineString",
        "coordinates": [
          [
            112.7094737,
            -7.2597617
          ],
          [
            112.7094752,
            -7.2598578
          ],
          [
            112.7094698,
            -7.2616405
          ],
          [
            112.7094089,
            -7.2636125
          ],
          [
            112.709282,
            -7.2654533
          ],
          [
            112.7091496,
            -7.2673108
          ]
        ]
      },
      "properties": {
        "id": "osm:way:458258298",
        "name": "Jalan Tol Surabaya–Gempol",
        "highway": "motorway",
        "restriction_type": "PROHIBITED_TOLL_ROAD",
        "metadata": {
          "highway": "motorway",
          "int_ref": "AH2",
          "lanes": "3",
          "motorcycle": "no",
          "name": "Jalan Tol Surabaya–Gempol",
          "oneway": "yes",
          "operator": "PT Jasamarga Surabaya-Gempol",
          "ref": "8",
          "short_name": "Jalan Tol Surgem",
          "toll": "yes"
        }
      }
    },
    {
      "type": "Feature",
      "geometry": {
        "type": "LineString",
        "coordinates": [
          [
            112.7090474,
            -7.2672917
          ],
          [
            112.7091104,
            -7.266294
          ],
          [
            112.7091711,
            -7.265313
          ],
          [
            112.7092933,
            -7.263474
          ],
          [
            112.709327,
            -7.2622009
          ],
          [
            112.7093276,
            -7.2608135
          ],
          [
            112.7093114,
            -7.2585563
          ]
        ]
      },
      "properties": {
        "id": "osm:way:458258299",
        "name": "Jalan Tol Surabaya–Gempol",
        "highway": "motorway",
        "restriction_type": "PROHIBITED_TOLL_ROAD",
        "metadata": {
          "highway": "motorway",
          "int_ref": "AH2",
          "lanes": "3",
          "motorcycle": "no",
          "name": "Jalan Tol Surabaya–Gempol",
          "oneway": "yes",
          "operator": "PT Jasamarga Surabaya-Gempol",
          "ref": "8",
          "short_name": "Jalan Tol Surgem",
          "toll": "yes"
        }
      }
    },
    {
      "type": "Feature",
      "geometry": {
        "type": "LineString",
        "coordinates": [
          [
            112.7089096,
            -7.2695167
          ],
          [
            112.7089121,
            -7.2694281
          ]
        ]
      },
      "properties": {
        "id": "osm:way:458258300",
        "name": "Jalan Tol Surabaya–Gempol",
        "highway": "motorway",
        "restriction_type": "PROHIBITED_TOLL_ROAD",
        "metadata": {
          "bridge": "yes",
          "highway": "motorway",
          "int_ref": "AH2",
          "layer": "1",
          "motorcycle": "no",
          "name": "Jalan Tol Surabaya–Gempol",
          "oneway": "yes",
          "operator": "PT Jasamarga Surabaya-Gempol",
          "ref": "8",
          "short_name": "Jalan Tol Surgem",
          "toll": "yes"
        }
      }
    },
    {
      "type": "Feature",
      "geometry": {
        "type": "LineString",
        "coordinates": [
          [
            112.7091259,
            -7.2676424
          ],
          [
            112.7090251,
            -7.2694485
          ]
        ]
      },
      "properties": {
        "id": "osm:way:459966742",
        "name": "Jalan Tol Surabaya–Gempol",
        "highway": "motorway",
        "restriction_type": "PROHIBITED_TOLL_ROAD",
        "metadata": {
          "highway": "motorway",
          "int_ref": "AH2",
          "lanes": "3",
          "motorcycle": "no",
          "name": "Jalan Tol Surabaya–Gempol",
          "oneway": "yes",
          "operator": "PT Jasamarga Surabaya-Gempol",
          "ref": "8",
          "short_name": "Jalan Tol Surgem",
          "toll": "yes"
        }
      }
    },
    {
      "type": "Feature",
      "geometry": {
        "type": "LineString",
        "coordinates": [
          [
            112.7091496,
            -7.2673108
          ],
          [
            112.7091259,
            -7.2676424
          ]
        ]
      },
      "properties": {
        "id": "osm:way:459966743",
        "name": "Jalan Tol Surabaya–Gempol",
        "highway": "motorway",
        "restriction_type": "PROHIBITED_TOLL_ROAD",
        "metadata": {
          "bridge": "yes",
          "highway": "motorway",
          "int_ref": "AH2",
          "lanes": "3",
          "layer": "1",
          "motorcycle": "no",
          "name": "Jalan Tol Surabaya–Gempol",
          "oneway": "yes",
          "operator": "PT Jasamarga Surabaya-Gempol",
          "ref": "8",
          "short_name": "Jalan Tol Surgem",
          "toll": "yes"
        }
      }
    },
    {
      "type": "Feature",
      "geometry": {
        "type": "LineString",
        "coordinates": [
          [
            112.7090209,
            -7.2676355
          ],
          [
            112.7090474,
            -7.2672917
          ]
        ]
      },
      "properties": {
        "id": "osm:way:459966744",
        "name": "Jalan Tol Surabaya–Gempol",
        "highway": "motorway",
        "restriction_type": "PROHIBITED_TOLL_ROAD",
        "metadata": {
          "bridge": "yes",
          "highway": "motorway",
          "int_ref": "AH2",
          "lanes": "3",
          "layer": "1",
          "motorcycle": "no",
          "name": "Jalan Tol Surabaya–Gempol",
          "oneway": "yes",
          "operator": "PT Jasamarga Surabaya-Gempol",
          "ref": "8",
          "short_name": "Jalan Tol Surgem",
          "toll": "yes"
        }
      }
    },
    {
      "type": "Feature",
      "geometry": {
        "type": "LineString",
        "coordinates": [
          [
            112.7089121,
            -7.2694281
          ],
          [
            112.7090209,
            -7.2676355
          ]
        ]
      },
      "properties": {
        "id": "osm:way:459966745",
        "name": "Jalan Tol Surabaya–Gempol",
        "highway": "motorway",
        "restriction_type": "PROHIBITED_TOLL_ROAD",
        "metadata": {
          "highway": "motorway",
          "int_ref": "AH2",
          "lanes": "3",
          "motorcycle": "no",
          "name": "Jalan Tol Surabaya–Gempol",
          "oneway": "yes",
          "operator": "PT Jasamarga Surabaya-Gempol",
          "ref": "8",
          "short_name": "Jalan Tol Surgem",
          "toll": "yes"
        }
      }
    },
    {
      "type": "Feature",
      "geometry": {
        "type": "LineString",
        "coordinates": [
          [
            112.7242236,
            -7.3466556
          ],
          [
            112.7244143,
            -7.346685
          ]
        ]
      },
      "properties": {
        "id": "osm:way:461306258",
        "name": "Way #461306258",
        "highway": "motorway_link",
        "restriction_type": "PROHIBITED_TOLL_ROAD",
        "metadata": {
          "bridge": "yes",
          "destination": "Kenjeran;Suramadu",
          "destination:ref": "AH2",
          "highway": "motorway_link",
          "layer": "1",
          "motorcar": "yes",
          "motorcycle": "no",
          "oneway": "yes",
          "toll": "yes"
        }
      }
    },
    {
      "type": "Feature",
      "geometry": {
        "type": "LineString",
        "coordinates": [
          [
            112.7236896,
            -7.3465009
          ],
          [
            112.723947,
            -7.3465878
          ],
          [
            112.7242236,
            -7.3466556
          ]
        ]
      },
      "properties": {
        "id": "osm:way:461306259",
        "name": "Way #461306259",
        "highway": "motorway_link",
        "restriction_type": "PROHIBITED_TOLL_ROAD",
        "metadata": {
          "destination": "Kenjeran;Suramadu",
          "destination:ref": "AH2",
          "highway": "motorway_link",
          "motorcar": "yes",
          "motorcycle": "no",
          "oneway": "yes",
          "toll": "yes"
        }
      }
    },
    {
      "type": "Feature",
      "geometry": {
        "type": "LineString",
        "coordinates": [
          [
            112.6456006,
            -7.2099974
          ],
          [
            112.6458173,
            -7.2093585
          ],
          [
            112.645945,
            -7.2088275
          ],
          [
            112.6460047,
            -7.2084314
          ],
          [
            112.6460338,
            -7.208027
          ],
          [
            112.6459962,
            -7.2059095
          ],
          [
            112.6459477,
            -7.2040371
          ],
          [
            112.6459143,
            -7.2027766
          ]
        ]
      },
      "properties": {
        "id": "osm:way:467107953",
        "name": "Simpang Susun Romokalisari",
        "highway": "motorway_link",
        "restriction_type": "PROHIBITED_TOLL_ROAD",
        "metadata": {
          "highway": "motorway_link",
          "lanes": "2",
          "motorcycle": "no",
          "name": "Simpang Susun Romokalisari",
          "oneway": "yes",
          "source": "Bing",
          "toll": "yes"
        }
      }
    },
    {
      "type": "Feature",
      "geometry": {
        "type": "LineString",
        "coordinates": [
          [
            112.6281862,
            -7.1952737
          ],
          [
            112.6287009,
            -7.1957951
          ],
          [
            112.6291936,
            -7.1963104
          ]
        ]
      },
      "properties": {
        "id": "osm:way:470445461",
        "name": "Jalan Tol Surabaya - Gresik",
        "highway": "motorway",
        "restriction_type": "PROHIBITED_TOLL_ROAD",
        "metadata": {
          "bridge": "yes",
          "highway": "motorway",
          "lanes": "2",
          "layer": "1",
          "name": "Jalan Tol Surabaya - Gresik",
          "oneway": "yes",
          "operator": "PT. Margabumi Matra Jaya",
          "ref": "8",
          "toll": "yes"
        }
      }
    },
    {
      "type": "Feature",
      "geometry": {
        "type": "LineString",
        "coordinates": [
          [
            112.6290999,
            -7.196364
          ],
          [
            112.6285938,
            -7.1958532
          ],
          [
            112.6281068,
            -7.1953412
          ]
        ]
      },
      "properties": {
        "id": "osm:way:470445462",
        "name": "Jalan Tol Surabaya - Gresik",
        "highway": "motorway",
        "restriction_type": "PROHIBITED_TOLL_ROAD",
        "metadata": {
          "bridge": "yes",
          "highway": "motorway",
          "lanes": "2",
          "layer": "1",
          "motorcycle": "no",
          "name": "Jalan Tol Surabaya - Gresik",
          "oneway": "yes",
          "operator": "PT. Margabumi Matra Jaya",
          "ref": "8",
          "source": "Bing",
          "toll": "yes"
        }
      }
    },
    {
      "type": "Feature",
      "geometry": {
        "type": "LineString",
        "coordinates": [
          [
            112.6291936,
            -7.1963104
          ],
          [
            112.6311383,
            -7.19839
          ],
          [
            112.6344209,
            -7.2020573
          ],
          [
            112.6377931,
            -7.2061057
          ],
          [
            112.6405019,
            -7.2094811
          ],
          [
            112.6428904,
            -7.2126045
          ],
          [
            112.6465181,
            -7.2176272
          ]
        ]
      },
      "properties": {
        "id": "osm:way:470445463",
        "name": "Jalan Tol Surabaya - Gresik",
        "highway": "motorway",
        "restriction_type": "PROHIBITED_TOLL_ROAD",
        "metadata": {
          "highway": "motorway",
          "motorcycle": "no",
          "name": "Jalan Tol Surabaya - Gresik",
          "oneway": "yes",
          "operator": "PT. Margabumi Matra Jaya",
          "ref": "8",
          "toll": "yes"
        }
      }
    },
    {
      "type": "Feature",
      "geometry": {
        "type": "LineString",
        "coordinates": [
          [
            112.6458203,
            -7.2169278
          ],
          [
            112.6450392,
            -7.2157844
          ],
          [
            112.6436288,
            -7.2138571
          ],
          [
            112.6427565,
            -7.2126584
          ],
          [
            112.6404104,
            -7.2095693
          ],
          [
            112.6377261,
            -7.2061802
          ],
          [
            112.6343256,
            -7.2021206
          ],
          [
            112.6302931,
            -7.1976343
          ],
          [
            112.6290999,
            -7.196364
          ]
        ]
      },
      "properties": {
        "id": "osm:way:470445464",
        "name": "Jalan Tol Surabaya - Gresik",
        "highway": "motorway",
        "restriction_type": "PROHIBITED_TOLL_ROAD",
        "metadata": {
          "highway": "motorway",
          "motorcycle": "no",
          "name": "Jalan Tol Surabaya - Gresik",
          "oneway": "yes",
          "operator": "PT. Margabumi Matra Jaya",
          "ref": "8",
          "toll": "yes"
        }
      }
    },
    {
      "type": "Feature",
      "geometry": {
        "type": "LineString",
        "coordinates": [
          [
            112.6657723,
            -7.3387169
          ],
          [
            112.6646677,
            -7.3383431
          ],
          [
            112.6640855,
            -7.3381822
          ],
          [
            112.6634376,
            -7.3380355
          ],
          [
            112.6628423,
            -7.3379255
          ],
          [
            112.6622047,
            -7.3378365
          ],
          [
            112.6615454,
            -7.3377845
          ],
          [
            112.6608796,
            -7.3377596
          ],
          [
            112.6602849,
            -7.3377735
          ],
          [
            112.6597282,
            -7.3378111
          ],
          [
            112.6592638,
            -7.3378586
          ],
          [
            112.6583577,
            -7.3380031
          ],
          [
            112.6571374,
            -7.3382784
          ],
          [
            112.6567939,
            -7.3383564
          ],
          [
            112.6564546,
            -7.3384628
          ],
          [
            112.6559226,
            -7.3386562
          ],
          [
            112.6554246,
            -7.3388619
          ],
          [
            112.6548829,
            -7.3391141
          ],
          [
            112.6544376,
            -7.3393447
          ],
          [
            112.6539471,
            -7.3396141
          ],
          [
            112.6535859,
            -7.3398315
          ],
          [
            112.6529717,
            -7.3402412
          ],
          [
            112.6526687,
            -7.3404673
          ],
          [
            112.6517647,
            -7.3411856
          ],
          [
            112.6493534,
            -7.3432659
          ],
          [
            112.6484402,
            -7.344056
          ],
          [
            112.6476007,
            -7.3447743
          ],
          [
            112.6468282,
            -7.34543
          ],
          [
            112.6460168,
            -7.3461429
          ],
          [
            112.6452094,
            -7.3468093
          ],
          [
            112.6446059,
            -7.3472761
          ],
          [
            112.6440225,
            -7.3477151
          ],
          [
            112.6430811,
            -7.3483854
          ],
          [
            112.642141,
            -7.3490185
          ],
          [
            112.640415,
            -7.3500826
          ],
          [
            112.6375064,
            -7.3518361
          ],
          [
            112.6351096,
            -7.3532668
          ],
          [
            112.6334171,
            -7.3542803
          ],
          [
            112.6327385,
            -7.3546395
          ],
          [
            112.6323791,
            -7.3548031
          ],
          [
            112.6319848,
            -7.354968
          ],
          [
            112.6314712,
            -7.3551489
          ],
          [
            112.6310869,
            -7.3552576
          ],
          [
            112.6306316,
            -7.3553603
          ],
          [
            112.6299892,
            -7.3554707
          ],
          [
            112.6296339,
            -7.3555134
          ],
          [
            112.6291134,
            -7.3555426
          ],
          [
            112.6284965,
            -7.3555427
          ]
        ]
      },
      "properties": {
        "id": "osm:way:501090634",
        "name": "Jalan Tol Surabaya–Mojokerto",
        "highway": "motorway",
        "restriction_type": "PROHIBITED_TOLL_ROAD",
        "metadata": {
          "highway": "motorway",
          "int_ref": "AH2",
          "lanes": "2",
          "motorcycle": "no",
          "name": "Jalan Tol Surabaya–Mojokerto",
          "oneway": "yes",
          "operator": "PT Jasamarga Surabaya Mojokerto",
          "ref": "11",
          "short_name": "Jalan Tol Sumo",
          "toll": "yes"
        }
      }
    },
    {
      "type": "Feature",
      "geometry": {
        "type": "LineString",
        "coordinates": [
          [
            112.6210393,
            -7.3546503
          ],
          [
            112.6245886,
            -7.3550498
          ]
        ]
      },
      "properties": {
        "id": "osm:way:501090648",
        "name": "Jalan Tol Surabaya–Mojokerto",
        "highway": "motorway",
        "restriction_type": "PROHIBITED_TOLL_ROAD",
        "metadata": {
          "highway": "motorway",
          "int_ref": "AH2",
          "name": "Jalan Tol Surabaya–Mojokerto",
          "oneway": "yes",
          "operator": "PT Jasamarga Surabaya Mojokerto",
          "ref": "11",
          "short_name": "Jalan Tol Sumo",
          "toll": "yes"
        }
      }
    },
    {
      "type": "Feature",
      "geometry": {
        "type": "LineString",
        "coordinates": [
          [
            112.6169299,
            -7.3547184
          ],
          [
            112.6166949,
            -7.3547353
          ],
          [
            112.6161826,
            -7.3547858
          ],
          [
            112.6157252,
            -7.354843
          ],
          [
            112.6151325,
            -7.3549294
          ],
          [
            112.6146537,
            -7.3550159
          ],
          [
            112.6143023,
            -7.3550824
          ],
          [
            112.613731,
            -7.3552101
          ],
          [
            112.6126031,
            -7.3554841
          ],
          [
            112.6121056,
            -7.3556176
          ]
        ]
      },
      "properties": {
        "id": "osm:way:501090650",
        "name": "Jalan Tol Surabaya–Mojokerto",
        "highway": "motorway",
        "restriction_type": "PROHIBITED_TOLL_ROAD",
        "metadata": {
          "highway": "motorway",
          "int_ref": "AH2",
          "name": "Jalan Tol Surabaya–Mojokerto",
          "oneway": "yes",
          "operator": "PT Jasamarga Surabaya Mojokerto",
          "ref": "11",
          "short_name": "Jalan Tol Sumo",
          "toll": "yes"
        }
      }
    },
    {
      "type": "Feature",
      "geometry": {
        "type": "LineString",
        "coordinates": [
          [
            112.6083854,
            -7.3562089
          ],
          [
            112.6089951,
            -7.3561342
          ],
          [
            112.6100229,
            -7.3559841
          ],
          [
            112.6104923,
            -7.3558911
          ],
          [
            112.6114042,
            -7.3556863
          ],
          [
            112.611878,
            -7.3555714
          ]
        ]
      },
      "properties": {
        "id": "osm:way:501090651",
        "name": "Jalan Tol Surabaya–Mojokerto",
        "highway": "motorway",
        "restriction_type": "PROHIBITED_TOLL_ROAD",
        "metadata": {
          "highway": "motorway",
          "int_ref": "AH2",
          "name": "Jalan Tol Surabaya–Mojokerto",
          "oneway": "yes",
          "operator": "PT Jasamarga Surabaya Mojokerto",
          "ref": "11",
          "short_name": "Jalan Tol Sumo",
          "toll": "yes"
        }
      }
    },
    {
      "type": "Feature",
      "geometry": {
        "type": "LineString",
        "coordinates": [
          [
            112.7434084,
            -7.3436298
          ],
          [
            112.743767,
            -7.3435276
          ],
          [
            112.7443222,
            -7.3433688
          ],
          [
            112.7448067,
            -7.3432189
          ],
          [
            112.7451273,
            -7.3431277
          ],
          [
            112.745465,
            -7.3430399
          ],
          [
            112.7458282,
            -7.3429585
          ],
          [
            112.7464738,
            -7.3428573
          ]
        ]
      },
      "properties": {
        "id": "osm:way:512365461",
        "name": "Jalan Tol Waru–Juanda",
        "highway": "motorway",
        "restriction_type": "PROHIBITED_TOLL_ROAD",
        "metadata": {
          "bridge": "yes",
          "highway": "motorway",
          "int_ref": "AH2",
          "lanes": "2",
          "layer": "1",
          "maxspeed": "80",
          "motorcycle": "no",
          "name": "Jalan Tol Waru–Juanda",
          "oneway": "yes",
          "operator": "PT Citra Marga Surabaya",
          "ref": "11",
          "source": "local_knowledge",
          "surface": "asphalt",
          "toll": "yes"
        }
      }
    },
    {
      "type": "Feature",
      "geometry": {
        "type": "LineString",
        "coordinates": [
          [
            112.7434795,
            -7.3437781
          ],
          [
            112.7428509,
            -7.3439521
          ],
          [
            112.7422663,
            -7.344127
          ]
        ]
      },
      "properties": {
        "id": "osm:way:512365462",
        "name": "Jalan Tol Waru–Juanda",
        "highway": "motorway",
        "restriction_type": "PROHIBITED_TOLL_ROAD",
        "metadata": {
          "highway": "motorway",
          "int_ref": "AH2",
          "lanes": "2",
          "maxspeed": "80",
          "motorcycle": "no",
          "name": "Jalan Tol Waru–Juanda",
          "oneway": "yes",
          "operator": "PT Citra Marga Surabaya",
          "ref": "11",
          "source": "local_knowledge",
          "surface": "asphalt",
          "toll": "yes"
        }
      }
    },
    {
      "type": "Feature",
      "geometry": {
        "type": "LineString",
        "coordinates": [
          [
            112.7464809,
            -7.3430159
          ],
          [
            112.7456836,
            -7.343166
          ],
          [
            112.7450347,
            -7.3433254
          ],
          [
            112.7444273,
            -7.3434931
          ],
          [
            112.743982,
            -7.3436294
          ],
          [
            112.7434795,
            -7.3437781
          ]
        ]
      },
      "properties": {
        "id": "osm:way:512365463",
        "name": "Jalan Tol Waru–Juanda",
        "highway": "motorway",
        "restriction_type": "PROHIBITED_TOLL_ROAD",
        "metadata": {
          "bridge": "yes",
          "highway": "motorway",
          "int_ref": "AH2",
          "lanes": "2",
          "layer": "1",
          "maxspeed": "80",
          "motorcycle": "no",
          "name": "Jalan Tol Waru–Juanda",
          "oneway": "yes",
          "operator": "PT Citra Marga Surabaya",
          "ref": "11",
          "source": "local_knowledge",
          "surface": "asphalt",
          "toll": "yes"
        }
      }
    },
    {
      "type": "Feature",
      "geometry": {
        "type": "LineString",
        "coordinates": [
          [
            112.7464738,
            -7.3428573
          ],
          [
            112.7470386,
            -7.3427804
          ],
          [
            112.7480757,
            -7.3426651
          ],
          [
            112.7486022,
            -7.3425965
          ],
          [
            112.749175,
            -7.3425544
          ],
          [
            112.749562,
            -7.3425481
          ],
          [
            112.7500206,
            -7.3425614
          ],
          [
            112.7505043,
            -7.3425879
          ],
          [
            112.7511797,
            -7.3426785
          ],
          [
            112.7523153,
            -7.3428507
          ]
        ]
      },
      "properties": {
        "id": "osm:way:512365464",
        "name": "Jalan Tol Waru–Juanda",
        "highway": "motorway",
        "restriction_type": "PROHIBITED_TOLL_ROAD",
        "metadata": {
          "highway": "motorway",
          "int_ref": "AH2",
          "lanes": "2",
          "maxspeed": "80",
          "motorcycle": "no",
          "name": "Jalan Tol Waru–Juanda",
          "oneway": "yes",
          "operator": "PT Citra Marga Surabaya",
          "ref": "11",
          "source": "local_knowledge",
          "surface": "asphalt",
          "toll": "yes"
        }
      }
    },
    {
      "type": "Feature",
      "geometry": {
        "type": "LineString",
        "coordinates": [
          [
            112.7847789,
            -7.3464016
          ],
          [
            112.7840916,
            -7.3462701
          ],
          [
            112.7839111,
            -7.3462332
          ]
        ]
      },
      "properties": {
        "id": "osm:way:512368966",
        "name": "Way #512368966",
        "highway": "motorway_link",
        "restriction_type": "PROHIBITED_TOLL_ROAD",
        "metadata": {
          "bridge": "yes",
          "destination": "Waru;Gresik;Mojokerto",
          "destination:ref": "AH2",
          "highway": "motorway_link",
          "lanes": "1",
          "layer": "1",
          "maxspeed": "40",
          "motorcycle": "no",
          "oneway": "yes",
          "surface": "asphalt",
          "toll": "yes"
        }
      }
    },
    {
      "type": "Feature",
      "geometry": {
        "type": "LineString",
        "coordinates": [
          [
            112.801156,
            -7.37179
          ],
          [
            112.8012039,
            -7.3716768
          ],
          [
            112.8012505,
            -7.3714205
          ],
          [
            112.8012499,
            -7.3710415
          ],
          [
            112.8012121,
            -7.3702236
          ],
          [
            112.8011723,
            -7.3693497
          ],
          [
            112.8011497,
            -7.3686393
          ],
          [
            112.8011436,
            -7.3681353
          ],
          [
            112.8011923,
            -7.3677814
          ],
          [
            112.8012345,
            -7.367518
          ],
          [
            112.8013568,
            -7.3670385
          ],
          [
            112.8016268,
            -7.3664111
          ],
          [
            112.8019095,
            -7.3659568
          ],
          [
            112.8021408,
            -7.3656614
          ],
          [
            112.8023875,
            -7.3653941
          ],
          [
            112.802669,
            -7.3651436
          ],
          [
            112.8030069,
            -7.3648942
          ],
          [
            112.8034537,
            -7.3646377
          ],
          [
            112.803791,
            -7.3644536
          ],
          [
            112.8043263,
            -7.3641515
          ],
          [
            112.8048199,
            -7.3638576
          ],
          [
            112.8053102,
            -7.3634824
          ],
          [
            112.8055324,
            -7.363257
          ],
          [
            112.8057514,
            -7.3629897
          ],
          [
            112.806083,
            -7.3624697
          ],
          [
            112.8062632,
            -7.3620524
          ],
          [
            112.8063756,
            -7.3616619
          ],
          [
            112.8064423,
            -7.3612673
          ],
          [
            112.8064637,
            -7.3608342
          ],
          [
            112.8064367,
            -7.3603993
          ],
          [
            112.80637,
            -7.3600801
          ],
          [
            112.8062342,
            -7.3595948
          ],
          [
            112.8060765,
            -7.3592553
          ],
          [
            112.8058014,
            -7.3587643
          ],
          [
            112.8055603,
            -7.3584585
          ],
          [
            112.8050588,
            -7.3578437
          ],
          [
            112.8049809,
            -7.3577272
          ]
        ]
      },
      "properties": {
        "id": "osm:way:512370933",
        "name": "Jalan Tol Waru–Juanda",
        "highway": "motorway",
        "restriction_type": "PROHIBITED_TOLL_ROAD",
        "metadata": {
          "bridge": "yes",
          "highway": "motorway",
          "int_ref": "AH2",
          "lanes": "2",
          "layer": "1",
          "maxspeed": "80",
          "minspeed": "60",
          "motorcycle": "no",
          "name": "Jalan Tol Waru–Juanda",
          "oneway": "yes",
          "operator": "PT Citra Marga Surabaya",
          "ref": "11",
          "source": "local_knowledge",
          "surface": "asphalt",
          "toll": "yes"
        }
      }
    },
    {
      "type": "Feature",
      "geometry": {
        "type": "LineString",
        "coordinates": [
          [
            112.8051839,
            -7.3576048
          ],
          [
            112.8057037,
            -7.3583584
          ],
          [
            112.8060606,
            -7.3589117
          ],
          [
            112.8062922,
            -7.3593605
          ],
          [
            112.8063993,
            -7.3596596
          ],
          [
            112.8065066,
            -7.3600054
          ],
          [
            112.8065763,
            -7.3603512
          ],
          [
            112.8066031,
            -7.3606651
          ],
          [
            112.8066085,
            -7.3610003
          ],
          [
            112.8065817,
            -7.3613568
          ],
          [
            112.806528,
            -7.3616919
          ],
          [
            112.8064368,
            -7.3620218
          ],
          [
            112.8063861,
            -7.362137
          ],
          [
            112.806225,
            -7.3624979
          ],
          [
            112.8061096,
            -7.3627241
          ],
          [
            112.8059793,
            -7.3629386
          ],
          [
            112.805836,
            -7.3631337
          ],
          [
            112.805572,
            -7.3634324
          ],
          [
            112.8053595,
            -7.3636473
          ],
          [
            112.8050535,
            -7.3638847
          ],
          [
            112.8046974,
            -7.3641134
          ],
          [
            112.8039792,
            -7.3645226
          ],
          [
            112.8035868,
            -7.3647419
          ],
          [
            112.8031163,
            -7.3650064
          ],
          [
            112.8028103,
            -7.3652236
          ],
          [
            112.802599,
            -7.3654072
          ],
          [
            112.8023718,
            -7.3656306
          ],
          [
            112.8020886,
            -7.3659765
          ],
          [
            112.8018621,
            -7.3663047
          ],
          [
            112.8016956,
            -7.366599
          ],
          [
            112.8015566,
            -7.3669266
          ],
          [
            112.801498,
            -7.3671291
          ],
          [
            112.8013939,
            -7.3675207
          ],
          [
            112.8013364,
            -7.3678672
          ],
          [
            112.8013038,
            -7.368297
          ],
          [
            112.8013021,
            -7.3685796
          ],
          [
            112.8013296,
            -7.3693296
          ],
          [
            112.8013462,
            -7.3698459
          ],
          [
            112.8013689,
            -7.3703221
          ],
          [
            112.801403,
            -7.3712999
          ],
          [
            112.8013824,
            -7.3714986
          ],
          [
            112.8013172,
            -7.3717598
          ],
          [
            112.8012671,
            -7.3718548
          ]
        ]
      },
      "properties": {
        "id": "osm:way:512370937",
        "name": "Jalan Tol Waru–Juanda",
        "highway": "motorway",
        "restriction_type": "PROHIBITED_TOLL_ROAD",
        "metadata": {
          "bridge": "yes",
          "highway": "motorway",
          "int_ref": "AH2",
          "lanes": "2",
          "layer": "1",
          "maxspeed": "60",
          "motorcycle": "no",
          "name": "Jalan Tol Waru–Juanda",
          "oneway": "yes",
          "operator": "PT Citra Marga Surabaya",
          "ref": "11",
          "source": "local_knowledge",
          "surface": "asphalt",
          "toll": "yes"
        }
      }
    },
    {
      "type": "Feature",
      "geometry": {
        "type": "LineString",
        "coordinates": [
          [
            112.78319,
            -7.3460179
          ],
          [
            112.7826934,
            -7.3458981
          ],
          [
            112.7818602,
            -7.3456709
          ],
          [
            112.781389,
            -7.345532
          ],
          [
            112.7813637,
            -7.3455224
          ],
          [
            112.7813441,
            -7.3455131
          ],
          [
            112.781257,
            -7.3454542
          ]
        ]
      },
      "properties": {
        "id": "osm:way:512372029",
        "name": "Way #512372029",
        "highway": "motorway_link",
        "restriction_type": "PROHIBITED_TOLL_ROAD",
        "metadata": {
          "bridge": "yes",
          "destination": "Waru;Gresik;Mojokerto",
          "destination:ref": "AH2",
          "highway": "motorway_link",
          "lanes": "1",
          "layer": "1",
          "maxspeed": "60",
          "motorcycle": "no",
          "oneway": "yes",
          "surface": "asphalt",
          "toll": "yes"
        }
      }
    },
    {
      "type": "Feature",
      "geometry": {
        "type": "LineString",
        "coordinates": [
          [
            112.5951476,
            -7.1785846
          ],
          [
            112.5951163,
            -7.1798131
          ],
          [
            112.5948598,
            -7.1891215
          ],
          [
            112.5948346,
            -7.1898141
          ],
          [
            112.5948094,
            -7.1902093
          ],
          [
            112.5947758,
            -7.1905722
          ],
          [
            112.5946791,
            -7.1912774
          ],
          [
            112.5945487,
            -7.191949
          ],
          [
            112.5943846,
            -7.1926268
          ],
          [
            112.5942248,
            -7.1931774
          ],
          [
            112.5940272,
            -7.1937655
          ],
          [
            112.5938002,
            -7.1943328
          ],
          [
            112.593547,
            -7.1948937
          ],
          [
            112.5932989,
            -7.1954026
          ],
          [
            112.5930215,
            -7.1959115
          ],
          [
            112.5927398,
            -7.1963703
          ],
          [
            112.5924267,
            -7.1968491
          ],
          [
            112.5834546,
            -7.2094969
          ],
          [
            112.5811084,
            -7.2128347
          ],
          [
            112.5801213,
            -7.214239
          ],
          [
            112.5795814,
            -7.214993
          ],
          [
            112.5793977,
            -7.2152594
          ],
          [
            112.5789554,
            -7.2159652
          ],
          [
            112.5783348,
            -7.2169817
          ],
          [
            112.577367,
            -7.2187062
          ],
          [
            112.5767468,
            -7.2202087
          ],
          [
            112.5765544,
            -7.2206439
          ],
          [
            112.5760689,
            -7.221951
          ],
          [
            112.5729871,
            -7.2302523
          ],
          [
            112.5704585,
            -7.2371212
          ],
          [
            112.5702356,
            -7.2376343
          ],
          [
            112.5699791,
            -7.2381682
          ],
          [
            112.5696871,
            -7.2386527
          ],
          [
            112.5693717,
            -7.2391366
          ],
          [
            112.5683682,
            -7.2405452
          ],
          [
            112.5680528,
            -7.2410094
          ],
          [
            112.5678384,
            -7.2413931
          ],
          [
            112.5675777,
            -7.2418938
          ],
          [
            112.5650563,
            -7.2473886
          ],
          [
            112.5634946,
            -7.2507515
          ],
          [
            112.5629364,
            -7.2518987
          ],
          [
            112.5612486,
            -7.2552901
          ],
          [
            112.557906,
            -7.2620062
          ],
          [
            112.5547108,
            -7.2684043
          ],
          [
            112.5521747,
            -7.2734934
          ],
          [
            112.5508236,
            -7.2763872
          ],
          [
            112.5488032,
            -7.2806671
          ],
          [
            112.5455558,
            -7.2877018
          ],
          [
            112.5450674,
            -7.2887802
          ],
          [
            112.5448349,
            -7.2893771
          ],
          [
            112.5446298,
            -7.2900844
          ],
          [
            112.5444809,
            -7.2907765
          ],
          [
            112.5443647,
            -7.2913111
          ],
          [
            112.544262,
            -7.2919547
          ],
          [
            112.5441398,
            -7.2943277
          ]
        ]
      },
      "properties": {
        "id": "osm:way:533696148",
        "name": "Jalan Tol Krian - Legundi - Bunder - Manyar",
        "highway": "motorway",
        "restriction_type": "PROHIBITED_TOLL_ROAD",
        "metadata": {
          "bridge": "yes",
          "highway": "motorway",
          "lanes": "2",
          "layer": "1",
          "name": "Jalan Tol Krian - Legundi - Bunder - Manyar",
          "oneway": "yes",
          "toll": "yes"
        }
      }
    },
    {
      "type": "Feature",
      "geometry": {
        "type": "LineString",
        "coordinates": [
          [
            112.6741466,
            -7.3410496
          ],
          [
            112.6738192,
            -7.3411071
          ],
          [
            112.6734652,
            -7.3411576
          ],
          [
            112.6729129,
            -7.341189
          ],
          [
            112.6723628,
            -7.3411763
          ],
          [
            112.6720248,
            -7.341147
          ],
          [
            112.6716757,
            -7.3410897
          ],
          [
            112.6713838,
            -7.3410193
          ],
          [
            112.671003,
            -7.3409073
          ],
          [
            112.670504,
            -7.340728
          ],
          [
            112.6695129,
            -7.3402864
          ],
          [
            112.6685252,
            -7.3398208
          ],
          [
            112.6676394,
            -7.3394365
          ],
          [
            112.6669769,
            -7.3391638
          ],
          [
            112.6662379,
            -7.3388896
          ]
        ]
      },
      "properties": {
        "id": "osm:way:535520181",
        "name": "Jalan Tol Surabaya–Mojokerto",
        "highway": "motorway",
        "restriction_type": "PROHIBITED_TOLL_ROAD",
        "metadata": {
          "highway": "motorway",
          "int_ref": "AH2",
          "motorcycle": "no",
          "name": "Jalan Tol Surabaya–Mojokerto",
          "oneway": "yes",
          "operator": "PT Jasamarga Surabaya Mojokerto",
          "ref": "11",
          "short_name": "Jalan Tol Sumo",
          "toll": "yes"
        }
      }
    },
    {
      "type": "Feature",
      "geometry": {
        "type": "LineString",
        "coordinates": [
          [
            112.7060451,
            -7.3432866
          ],
          [
            112.7077331,
            -7.3434186
          ],
          [
            112.7084644,
            -7.3435023
          ]
        ]
      },
      "properties": {
        "id": "osm:way:535520185",
        "name": "Jalan Tol Waru–Juanda",
        "highway": "motorway",
        "restriction_type": "PROHIBITED_TOLL_ROAD",
        "metadata": {
          "destination": "Menanggal;Wonokromo;Bandara Juanda",
          "highway": "motorway",
          "int_ref": "AH2",
          "lanes": "2",
          "motorcycle": "no",
          "name": "Jalan Tol Waru–Juanda",
          "oneway": "yes",
          "operator": "PT Citra Marga Surabaya",
          "ref": "11",
          "toll": "yes"
        }
      }
    },
    {
      "type": "Feature",
      "geometry": {
        "type": "LineString",
        "coordinates": [
          [
            112.692898,
            -7.3435662
          ],
          [
            112.6929308,
            -7.3434289
          ],
          [
            112.6929471,
            -7.3433169
          ],
          [
            112.6929167,
            -7.3426958
          ],
          [
            112.6928907,
            -7.3424194
          ],
          [
            112.692843,
            -7.3422271
          ],
          [
            112.6927505,
            -7.3420089
          ],
          [
            112.6926585,
            -7.3418746
          ],
          [
            112.6925629,
            -7.3417437
          ],
          [
            112.6923614,
            -7.341559
          ],
          [
            112.69222,
            -7.3414654
          ],
          [
            112.6899891,
            -7.3402414
          ],
          [
            112.6893666,
            -7.3398564
          ]
        ]
      },
      "properties": {
        "id": "osm:way:535520187",
        "name": "Jalan Akses Tol Karangpilang",
        "highway": "motorway_link",
        "restriction_type": "PROHIBITED_TOLL_ROAD",
        "metadata": {
          "destination": "Krian;Mojokerto;Kertosono",
          "destination:ref": "AH2",
          "highway": "motorway_link",
          "lanes": "1",
          "motorcycle": "no",
          "name": "Jalan Akses Tol Karangpilang",
          "oneway": "yes",
          "toll": "yes"
        }
      }
    },
    {
      "type": "Feature",
      "geometry": {
        "type": "LineString",
        "coordinates": [
          [
            112.7056795,
            -7.3434263
          ],
          [
            112.6995327,
            -7.3431276
          ],
          [
            112.6983747,
            -7.3430078
          ],
          [
            112.6972497,
            -7.3428349
          ],
          [
            112.6961515,
            -7.3425874
          ],
          [
            112.6947759,
            -7.3421997
          ],
          [
            112.6936702,
            -7.3418355
          ]
        ]
      },
      "properties": {
        "id": "osm:way:535520188",
        "name": "Jalan Tol Surabaya–Mojokerto",
        "highway": "motorway",
        "restriction_type": "PROHIBITED_TOLL_ROAD",
        "metadata": {
          "bridge": "yes",
          "highway": "motorway",
          "int_ref": "AH2",
          "lanes": "3",
          "layer": "1",
          "motorcycle": "no",
          "name": "Jalan Tol Surabaya–Mojokerto",
          "oneway": "yes",
          "operator": "PT Jasamarga Surabaya Mojokerto",
          "ref": "11",
          "short_name": "Jalan Tol Sumo",
          "toll": "yes"
        }
      }
    },
    {
      "type": "Feature",
      "geometry": {
        "type": "LineString",
        "coordinates": [
          [
            112.6836885,
            -7.3387575
          ],
          [
            112.6842919,
            -7.3386956
          ],
          [
            112.6847209,
            -7.3386663
          ],
          [
            112.6851153,
            -7.338669
          ],
          [
            112.6855425,
            -7.3386863
          ],
          [
            112.6859575,
            -7.3387236
          ],
          [
            112.6863452,
            -7.3387623
          ],
          [
            112.6869663,
            -7.3388789
          ],
          [
            112.6872993,
            -7.3389589
          ],
          [
            112.6877335,
            -7.339082
          ],
          [
            112.6883202,
            -7.3392898
          ],
          [
            112.6889901,
            -7.3395763
          ],
          [
            112.6892263,
            -7.3396887
          ]
        ]
      },
      "properties": {
        "id": "osm:way:535520189",
        "name": "Jalan Tol Surabaya–Mojokerto",
        "highway": "motorway",
        "restriction_type": "PROHIBITED_TOLL_ROAD",
        "metadata": {
          "highway": "motorway",
          "int_ref": "AH2",
          "motorcycle": "no",
          "name": "Jalan Tol Surabaya–Mojokerto",
          "oneway": "yes",
          "operator": "PT Jasamarga Surabaya Mojokerto",
          "ref": "11",
          "short_name": "Jalan Tol Sumo",
          "toll": "yes"
        }
      }
    },
    {
      "type": "Feature",
      "geometry": {
        "type": "LineString",
        "coordinates": [
          [
            112.7234294,
            -7.3466683
          ],
          [
            112.7229412,
            -7.346536
          ],
          [
            112.7226844,
            -7.3464561
          ],
          [
            112.7224296,
            -7.3463856
          ],
          [
            112.7222445,
            -7.3463338
          ],
          [
            112.722097,
            -7.3463052
          ],
          [
            112.7219675,
            -7.3462812
          ],
          [
            112.721824,
            -7.3462666
          ],
          [
            112.7216692,
            -7.3462599
          ],
          [
            112.7215109,
            -7.3462606
          ],
          [
            112.7213406,
            -7.3462719
          ],
          [
            112.7211924,
            -7.3462919
          ],
          [
            112.7210643,
            -7.3463178
          ],
          [
            112.7208813,
            -7.346357
          ],
          [
            112.72066,
            -7.3464029
          ],
          [
            112.7203468,
            -7.3464641
          ],
          [
            112.7201785,
            -7.3464954
          ],
          [
            112.7199854,
            -7.3465127
          ],
          [
            112.7197132,
            -7.3465193
          ],
          [
            112.7191915,
            -7.346526
          ],
          [
            112.7187952,
            -7.34651
          ]
        ]
      },
      "properties": {
        "id": "osm:way:535520191",
        "name": "Jalan Tol Waru–Juanda",
        "highway": "motorway",
        "restriction_type": "PROHIBITED_TOLL_ROAD",
        "metadata": {
          "highway": "motorway",
          "int_ref": "AH2",
          "motorcycle": "no",
          "name": "Jalan Tol Waru–Juanda",
          "oneway": "yes",
          "operator": "PT Citra Marga Surabaya",
          "ref": "11",
          "toll": "yes"
        }
      }
    },
    {
      "type": "Feature",
      "geometry": {
        "type": "LineString",
        "coordinates": [
          [
            112.6662248,
            -7.3387796
          ],
          [
            112.6669608,
            -7.3390561
          ],
          [
            112.6676957,
            -7.3393567
          ],
          [
            112.668483,
            -7.3397052
          ],
          [
            112.6700502,
            -7.3404356
          ],
          [
            112.6705563,
            -7.3406562
          ],
          [
            112.6710526,
            -7.3408291
          ],
          [
            112.6713838,
            -7.3409262
          ],
          [
            112.6716879,
            -7.3409993
          ],
          [
            112.6720409,
            -7.3410606
          ],
          [
            112.672352,
            -7.3410885
          ],
          [
            112.6729891,
            -7.3411002
          ]
        ]
      },
      "properties": {
        "id": "osm:way:535520198",
        "name": "Jalan Tol Surabaya–Mojokerto",
        "highway": "motorway",
        "restriction_type": "PROHIBITED_TOLL_ROAD",
        "metadata": {
          "highway": "motorway",
          "int_ref": "AH2",
          "motorcycle": "no",
          "name": "Jalan Tol Surabaya–Mojokerto",
          "oneway": "yes",
          "operator": "PT Jasamarga Surabaya Mojokerto",
          "ref": "11",
          "short_name": "Jalan Tol Sumo",
          "toll": "yes"
        }
      }
    },
    {
      "type": "Feature",
      "geometry": {
        "type": "LineString",
        "coordinates": [
          [
            112.6893666,
            -7.3398564
          ],
          [
            112.6889637,
            -7.3396639
          ],
          [
            112.688363,
            -7.3394043
          ],
          [
            112.6880279,
            -7.3392725
          ],
          [
            112.6874405,
            -7.3390884
          ],
          [
            112.686962,
            -7.3389742
          ],
          [
            112.6863407,
            -7.3388534
          ],
          [
            112.6859696,
            -7.3388127
          ],
          [
            112.6855684,
            -7.3387746
          ],
          [
            112.6851757,
            -7.3387595
          ],
          [
            112.684771,
            -7.338758
          ],
          [
            112.6842959,
            -7.338778
          ],
          [
            112.6836978,
            -7.3388431
          ]
        ]
      },
      "properties": {
        "id": "osm:way:535520199",
        "name": "Jalan Tol Surabaya–Mojokerto",
        "highway": "motorway",
        "restriction_type": "PROHIBITED_TOLL_ROAD",
        "metadata": {
          "highway": "motorway",
          "int_ref": "AH2",
          "motorcycle": "no",
          "name": "Jalan Tol Surabaya–Mojokerto",
          "oneway": "yes",
          "operator": "PT Jasamarga Surabaya Mojokerto",
          "ref": "11",
          "short_name": "Jalan Tol Sumo",
          "toll": "yes"
        }
      }
    },
    {
      "type": "Feature",
      "geometry": {
        "type": "LineString",
        "coordinates": [
          [
            112.6892263,
            -7.3396887
          ],
          [
            112.6897075,
            -7.339857
          ],
          [
            112.6908502,
            -7.3403025
          ],
          [
            112.6926437,
            -7.3410351
          ],
          [
            112.6927253,
            -7.3410942
          ],
          [
            112.6927974,
            -7.3411728
          ],
          [
            112.69285,
            -7.3412682
          ]
        ]
      },
      "properties": {
        "id": "osm:way:535520203",
        "name": "Jalan Akses Tol Karangpilang",
        "highway": "motorway_link",
        "restriction_type": "PROHIBITED_TOLL_ROAD",
        "metadata": {
          "destination": "Wonokromo;Wiyung;Karangpilang",
          "destination:ref": "JI-150",
          "highway": "motorway_link",
          "motorcycle": "no",
          "name": "Jalan Akses Tol Karangpilang",
          "oneway": "yes",
          "toll": "yes"
        }
      }
    },
    {
      "type": "Feature",
      "geometry": {
        "type": "LineString",
        "coordinates": [
          [
            112.6936866,
            -7.3417302
          ],
          [
            112.6947998,
            -7.3420655
          ],
          [
            112.6962461,
            -7.3424606
          ],
          [
            112.6973046,
            -7.342698
          ],
          [
            112.6983749,
            -7.3428724
          ],
          [
            112.6995357,
            -7.3429843
          ],
          [
            112.7020376,
            -7.3430976
          ]
        ]
      },
      "properties": {
        "id": "osm:way:535520205",
        "name": "Jalan Tol Surabaya–Mojokerto",
        "highway": "motorway",
        "restriction_type": "PROHIBITED_TOLL_ROAD",
        "metadata": {
          "bridge": "yes",
          "highway": "motorway",
          "int_ref": "AH2",
          "lanes": "3",
          "layer": "1",
          "name": "Jalan Tol Surabaya–Mojokerto",
          "oneway": "yes",
          "operator": "PT Jasamarga Surabaya Mojokerto",
          "ref": "11",
          "short_name": "Jalan Tol Sumo",
          "toll": "yes"
        }
      }
    },
    {
      "type": "Feature",
      "geometry": {
        "type": "LineString",
        "coordinates": [
          [
            112.6657422,
            -7.3386011
          ],
          [
            112.6662248,
            -7.3387796
          ]
        ]
      },
      "properties": {
        "id": "osm:way:548488839",
        "name": "Jalan Tol Surabaya–Mojokerto",
        "highway": "motorway",
        "restriction_type": "PROHIBITED_TOLL_ROAD",
        "metadata": {
          "bridge": "yes",
          "highway": "motorway",
          "int_ref": "AH2",
          "layer": "1",
          "motorcycle": "no",
          "name": "Jalan Tol Surabaya–Mojokerto",
          "oneway": "yes",
          "operator": "PT Jasamarga Surabaya Mojokerto",
          "ref": "11",
          "short_name": "Jalan Tol Sumo",
          "toll": "yes"
        }
      }
    },
    {
      "type": "Feature",
      "geometry": {
        "type": "LineString",
        "coordinates": [
          [
            112.6662379,
            -7.3388896
          ],
          [
            112.6657723,
            -7.3387169
          ]
        ]
      },
      "properties": {
        "id": "osm:way:548488840",
        "name": "Jalan Tol Surabaya–Mojokerto",
        "highway": "motorway",
        "restriction_type": "PROHIBITED_TOLL_ROAD",
        "metadata": {
          "bridge": "yes",
          "highway": "motorway",
          "int_ref": "AH2",
          "layer": "1",
          "motorcycle": "no",
          "name": "Jalan Tol Surabaya–Mojokerto",
          "oneway": "yes",
          "operator": "PT Jasamarga Surabaya Mojokerto",
          "ref": "11",
          "short_name": "Jalan Tol Sumo",
          "toll": "yes"
        }
      }
    },
    {
      "type": "Feature",
      "geometry": {
        "type": "LineString",
        "coordinates": [
          [
            112.7098694,
            -7.3512184
          ],
          [
            112.7096642,
            -7.3523137
          ],
          [
            112.709436,
            -7.3534339
          ],
          [
            112.709169,
            -7.3545455
          ],
          [
            112.7088634,
            -7.3556473
          ],
          [
            112.7085196,
            -7.356738
          ],
          [
            112.708138,
            -7.3578163
          ],
          [
            112.7077191,
            -7.3588808
          ],
          [
            112.7072634,
            -7.3599304
          ],
          [
            112.7067714,
            -7.3609637
          ]
        ]
      },
      "properties": {
        "id": "osm:way:551843549",
        "name": "Jalan Tol Surabaya–Gempol",
        "highway": "motorway",
        "restriction_type": "PROHIBITED_TOLL_ROAD",
        "metadata": {
          "highway": "motorway",
          "int_ref": "AH2",
          "maxspeed": "100",
          "motorcycle": "no",
          "name": "Jalan Tol Surabaya–Gempol",
          "oneway": "yes",
          "operator": "PT Jasamarga Surabaya-Gempol",
          "ref": "8",
          "short_name": "Jalan Tol Surgem",
          "toll": "yes"
        }
      }
    },
    {
      "type": "Feature",
      "geometry": {
        "type": "LineString",
        "coordinates": [
          [
            112.7066838,
            -7.3609178
          ],
          [
            112.7071068,
            -7.3600068
          ],
          [
            112.7075224,
            -7.3590668
          ],
          [
            112.7079087,
            -7.3581145
          ],
          [
            112.7082654,
            -7.3571509
          ],
          [
            112.7085921,
            -7.3561769
          ],
          [
            112.7088885,
            -7.3551934
          ],
          [
            112.7091544,
            -7.3542014
          ],
          [
            112.7093894,
            -7.3532018
          ],
          [
            112.7095934,
            -7.3521954
          ],
          [
            112.7097661,
            -7.3511833
          ]
        ]
      },
      "properties": {
        "id": "osm:way:551843554",
        "name": "Jalan Tol Surabaya–Gempol",
        "highway": "motorway",
        "restriction_type": "PROHIBITED_TOLL_ROAD",
        "metadata": {
          "highway": "motorway",
          "int_ref": "AH2",
          "maxspeed": "100",
          "motorcycle": "no",
          "name": "Jalan Tol Surabaya–Gempol",
          "oneway": "yes",
          "operator": "PT Jasamarga Surabaya-Gempol",
          "ref": "8",
          "short_name": "Jalan Tol Surgem",
          "toll": "yes"
        }
      }
    },
    {
      "type": "Feature",
      "geometry": {
        "type": "LineString",
        "coordinates": [
          [
            112.6936702,
            -7.3418355
          ],
          [
            112.692795,
            -7.3414808
          ],
          [
            112.6893666,
            -7.3398564
          ]
        ]
      },
      "properties": {
        "id": "osm:way:552392892",
        "name": "Jalan Tol Surabaya–Mojokerto",
        "highway": "motorway",
        "restriction_type": "PROHIBITED_TOLL_ROAD",
        "metadata": {
          "highway": "motorway",
          "int_ref": "AH2",
          "lanes": "2",
          "motorcycle": "no",
          "name": "Jalan Tol Surabaya–Mojokerto",
          "oneway": "yes",
          "operator": "PT Jasamarga Surabaya Mojokerto",
          "ref": "11",
          "short_name": "Jalan Tol Sumo",
          "toll": "yes"
        }
      }
    },
    {
      "type": "Feature",
      "geometry": {
        "type": "LineString",
        "coordinates": [
          [
            112.6892263,
            -7.3396887
          ],
          [
            112.69088,
            -7.3404758
          ],
          [
            112.6928214,
            -7.3413973
          ],
          [
            112.6931195,
            -7.3415176
          ],
          [
            112.6936866,
            -7.3417302
          ]
        ]
      },
      "properties": {
        "id": "osm:way:552392893",
        "name": "Jalan Tol Surabaya–Mojokerto",
        "highway": "motorway",
        "restriction_type": "PROHIBITED_TOLL_ROAD",
        "metadata": {
          "destination": "Gunung Sari;Bandara Juanda;Surabaya",
          "highway": "motorway",
          "int_ref": "AH2",
          "lanes": "2",
          "motorcycle": "no",
          "name": "Jalan Tol Surabaya–Mojokerto",
          "oneway": "yes",
          "operator": "PT Jasamarga Surabaya Mojokerto",
          "ref": "11",
          "short_name": "Jalan Tol Sumo",
          "toll": "yes"
        }
      }
    },
    {
      "type": "Feature",
      "geometry": {
        "type": "LineString",
        "coordinates": [
          [
            112.7065502,
            -7.343472
          ],
          [
            112.7056795,
            -7.3434263
          ]
        ]
      },
      "properties": {
        "id": "osm:way:552392894",
        "name": "Jalan Tol Surabaya–Mojokerto",
        "highway": "motorway",
        "restriction_type": "PROHIBITED_TOLL_ROAD",
        "metadata": {
          "highway": "motorway",
          "int_ref": "AH2",
          "lanes": "4",
          "motorcycle": "no",
          "name": "Jalan Tol Surabaya–Mojokerto",
          "oneway": "yes",
          "operator": "PT Jasamarga Surabaya Mojokerto",
          "ref": "11",
          "short_name": "Jalan Tol Sumo",
          "toll": "yes"
        }
      }
    },
    {
      "type": "Feature",
      "geometry": {
        "type": "LineString",
        "coordinates": [
          [
            112.7058947,
            -7.3432775
          ],
          [
            112.7060451,
            -7.3432866
          ]
        ]
      },
      "properties": {
        "id": "osm:way:552392895",
        "name": "Jalan Tol Waru–Juanda",
        "highway": "motorway",
        "restriction_type": "PROHIBITED_TOLL_ROAD",
        "metadata": {
          "highway": "motorway",
          "int_ref": "AH2",
          "lanes": "2",
          "name": "Jalan Tol Waru–Juanda",
          "oneway": "yes",
          "operator": "PT Citra Marga Surabaya",
          "ref": "11",
          "toll": "yes"
        }
      }
    },
    {
      "type": "Feature",
      "geometry": {
        "type": "LineString",
        "coordinates": [
          [
            112.709511,
            -7.3501566
          ],
          [
            112.7096364,
            -7.3496969
          ]
        ]
      },
      "properties": {
        "id": "osm:way:561137026",
        "name": "Way #561137026",
        "highway": "motorway_link",
        "restriction_type": "PROHIBITED_TOLL_ROAD",
        "metadata": {
          "bridge": "yes",
          "destination": "Krian;Mojokerto",
          "destination:ref": "AH2",
          "highway": "motorway_link",
          "layer": "1",
          "motorcycle": "no",
          "oneway": "yes",
          "toll": "yes"
        }
      }
    },
    {
      "type": "Feature",
      "geometry": {
        "type": "LineString",
        "coordinates": [
          [
            112.7090406,
            -7.3504477
          ],
          [
            112.7092934,
            -7.3503912
          ],
          [
            112.7093947,
            -7.3503446
          ],
          [
            112.7094591,
            -7.3502648
          ],
          [
            112.709511,
            -7.3501566
          ]
        ]
      },
      "properties": {
        "id": "osm:way:561137027",
        "name": "Way #561137027",
        "highway": "motorway_link",
        "restriction_type": "PROHIBITED_TOLL_ROAD",
        "metadata": {
          "destination": "Krian;Mojokerto",
          "destination:ref": "AH2",
          "highway": "motorway_link",
          "motorcycle": "no",
          "oneway": "yes",
          "toll": "yes"
        }
      }
    },
    {
      "type": "Feature",
      "geometry": {
        "type": "LineString",
        "coordinates": [
          [
            112.7418437,
            -7.3442475
          ],
          [
            112.7411292,
            -7.344447
          ],
          [
            112.7397301,
            -7.3448627
          ]
        ]
      },
      "properties": {
        "id": "osm:way:561148835",
        "name": "Jalan Tol Waru–Juanda",
        "highway": "motorway",
        "restriction_type": "PROHIBITED_TOLL_ROAD",
        "metadata": {
          "highway": "motorway",
          "int_ref": "AH2",
          "maxspeed": "80",
          "motorcycle": "no",
          "name": "Jalan Tol Waru–Juanda",
          "oneway": "yes",
          "operator": "PT Citra Marga Surabaya",
          "ref": "11",
          "source": "local_knowledge",
          "surface": "asphalt",
          "toll": "yes"
        }
      }
    },
    {
      "type": "Feature",
      "geometry": {
        "type": "LineString",
        "coordinates": [
          [
            112.7422663,
            -7.344127
          ],
          [
            112.7418437,
            -7.3442475
          ]
        ]
      },
      "properties": {
        "id": "osm:way:561148836",
        "name": "Jalan Tol Waru–Juanda",
        "highway": "motorway",
        "restriction_type": "PROHIBITED_TOLL_ROAD",
        "metadata": {
          "bridge": "yes",
          "highway": "motorway",
          "int_ref": "AH2",
          "lanes": "2",
          "layer": "1",
          "maxspeed": "80",
          "motorcycle": "no",
          "name": "Jalan Tol Waru–Juanda",
          "oneway": "yes",
          "operator": "PT Citra Marga Surabaya",
          "ref": "11",
          "source": "local_knowledge",
          "surface": "asphalt",
          "toll": "yes"
        }
      }
    },
    {
      "type": "Feature",
      "geometry": {
        "type": "LineString",
        "coordinates": [
          [
            112.7423123,
            -7.3439512
          ],
          [
            112.7434084,
            -7.3436298
          ]
        ]
      },
      "properties": {
        "id": "osm:way:561148837",
        "name": "Jalan Tol Waru–Juanda",
        "highway": "motorway",
        "restriction_type": "PROHIBITED_TOLL_ROAD",
        "metadata": {
          "highway": "motorway",
          "int_ref": "AH2",
          "lanes": "2",
          "maxspeed": "80",
          "motorcycle": "no",
          "name": "Jalan Tol Waru–Juanda",
          "oneway": "yes",
          "operator": "PT Citra Marga Surabaya",
          "ref": "11",
          "source": "local_knowledge",
          "surface": "asphalt",
          "toll": "yes"
        }
      }
    },
    {
      "type": "Feature",
      "geometry": {
        "type": "LineString",
        "coordinates": [
          [
            112.741893,
            -7.3440668
          ],
          [
            112.7423123,
            -7.3439512
          ]
        ]
      },
      "properties": {
        "id": "osm:way:561148838",
        "name": "Jalan Tol Waru–Juanda",
        "highway": "motorway",
        "restriction_type": "PROHIBITED_TOLL_ROAD",
        "metadata": {
          "bridge": "yes",
          "highway": "motorway",
          "int_ref": "AH2",
          "lanes": "2",
          "layer": "1",
          "maxspeed": "80",
          "motorcycle": "no",
          "name": "Jalan Tol Waru–Juanda",
          "oneway": "yes",
          "operator": "PT Citra Marga Surabaya",
          "ref": "11",
          "source": "local_knowledge",
          "surface": "asphalt",
          "toll": "yes"
        }
      }
    },
    {
      "type": "Feature",
      "geometry": {
        "type": "LineString",
        "coordinates": [
          [
            112.6460825,
            -7.2022206
          ],
          [
            112.646057,
            -7.2025904
          ],
          [
            112.6460221,
            -7.2036216
          ],
          [
            112.6460771,
            -7.2061097
          ],
          [
            112.6460906,
            -7.2082452
          ],
          [
            112.6460149,
            -7.2088428
          ],
          [
            112.6459031,
            -7.2093403
          ],
          [
            112.6457194,
            -7.2099275
          ],
          [
            112.6455696,
            -7.2102904
          ]
        ]
      },
      "properties": {
        "id": "osm:way:576566181",
        "name": "Simpang Susun Romokalisari",
        "highway": "motorway_link",
        "restriction_type": "PROHIBITED_TOLL_ROAD",
        "metadata": {
          "highway": "motorway_link",
          "lanes": "2",
          "motorcycle": "no",
          "name": "Simpang Susun Romokalisari",
          "oneway": "yes",
          "toll": "yes"
        }
      }
    },
    {
      "type": "Feature",
      "geometry": {
        "type": "LineString",
        "coordinates": [
          [
            112.7151751,
            -7.2379458
          ],
          [
            112.7139905,
            -7.2394344
          ]
        ]
      },
      "properties": {
        "id": "osm:way:578270133",
        "name": "Jalan Tol Surabaya–Gempol",
        "highway": "motorway",
        "restriction_type": "PROHIBITED_TOLL_ROAD",
        "metadata": {
          "bridge": "yes",
          "highway": "motorway",
          "int_ref": "AH2",
          "lanes": "3",
          "layer": "1",
          "motorcycle": "no",
          "name": "Jalan Tol Surabaya–Gempol",
          "oneway": "yes",
          "operator": "PT Jasamarga Surabaya-Gempol",
          "ref": "8",
          "short_name": "Jalan Tol Surgem",
          "smoothness": "good",
          "surface": "asphalt",
          "toll": "yes",
          "width": "10"
        }
      }
    },
    {
      "type": "Feature",
      "geometry": {
        "type": "LineString",
        "coordinates": [
          [
            112.7151105,
            -7.2378533
          ],
          [
            112.7157677,
            -7.2369167
          ],
          [
            112.7162668,
            -7.2362843
          ]
        ]
      },
      "properties": {
        "id": "osm:way:578270134",
        "name": "Jalan Tol Surabaya–Gempol",
        "highway": "motorway",
        "restriction_type": "PROHIBITED_TOLL_ROAD",
        "metadata": {
          "highway": "motorway",
          "int_ref": "AH2",
          "lanes": "3",
          "motorcycle": "no",
          "name": "Jalan Tol Surabaya–Gempol",
          "oneway": "yes",
          "operator": "PT Jasamarga Surabaya-Gempol",
          "ref": "8",
          "short_name": "Jalan Tol Surgem",
          "source": "Bing",
          "toll": "yes"
        }
      }
    },
    {
      "type": "Feature",
      "geometry": {
        "type": "LineString",
        "coordinates": [
          [
            112.7212032,
            -7.2287577
          ],
          [
            112.7209437,
            -7.2294649
          ],
          [
            112.7208182,
            -7.2297802
          ],
          [
            112.7207471,
            -7.2299558
          ],
          [
            112.7206747,
            -7.2301171
          ],
          [
            112.7205111,
            -7.2304441
          ],
          [
            112.7203301,
            -7.2307828
          ],
          [
            112.7202523,
            -7.2309217
          ],
          [
            112.7201631,
            -7.2310754
          ],
          [
            112.7199843,
            -7.2313703
          ],
          [
            112.7197349,
            -7.2317595
          ]
        ]
      },
      "properties": {
        "id": "osm:way:578270135",
        "name": "Jalan Tol Surabaya–Gempol",
        "highway": "motorway",
        "restriction_type": "PROHIBITED_TOLL_ROAD",
        "metadata": {
          "bridge": "yes",
          "highway": "motorway",
          "int_ref": "AH2",
          "layer": "1",
          "motorcycle": "no",
          "name": "Jalan Tol Surabaya–Gempol",
          "oneway": "yes",
          "operator": "PT Jasamarga Surabaya-Gempol",
          "ref": "8",
          "short_name": "Jalan Tol Surgem",
          "toll": "yes"
        }
      }
    },
    {
      "type": "Feature",
      "geometry": {
        "type": "LineString",
        "coordinates": [
          [
            112.7196508,
            -7.2317223
          ],
          [
            112.7199492,
            -7.231257
          ],
          [
            112.7201249,
            -7.2309544
          ],
          [
            112.7203229,
            -7.2306083
          ],
          [
            112.7205944,
            -7.230071
          ],
          [
            112.720731,
            -7.2297496
          ],
          [
            112.7208561,
            -7.2294475
          ],
          [
            112.7211139,
            -7.2287374
          ]
        ]
      },
      "properties": {
        "id": "osm:way:578270136",
        "name": "Jalan Tol Surabaya–Gempol",
        "highway": "motorway",
        "restriction_type": "PROHIBITED_TOLL_ROAD",
        "metadata": {
          "bridge": "yes",
          "highway": "motorway",
          "int_ref": "AH2",
          "layer": "1",
          "motorcycle": "no",
          "name": "Jalan Tol Surabaya–Gempol",
          "oneway": "yes",
          "operator": "PT Jasamarga Surabaya-Gempol",
          "ref": "8",
          "short_name": "Jalan Tol Surgem",
          "source": "Bing",
          "toll": "yes"
        }
      }
    },
    {
      "type": "Feature",
      "geometry": {
        "type": "LineString",
        "coordinates": [
          [
            112.6916867,
            -7.2427665
          ],
          [
            112.6905069,
            -7.2425124
          ],
          [
            112.6881416,
            -7.2419139
          ],
          [
            112.6842034,
            -7.2407655
          ]
        ]
      },
      "properties": {
        "id": "osm:way:580722284",
        "name": "Jalan Tol Surabaya - Gresik",
        "highway": "motorway",
        "restriction_type": "PROHIBITED_TOLL_ROAD",
        "metadata": {
          "highway": "motorway",
          "motorcycle": "no",
          "name": "Jalan Tol Surabaya - Gresik",
          "oneway": "yes",
          "operator": "PT. Margabumi Matra Jaya",
          "ref": "8",
          "toll": "yes"
        }
      }
    },
    {
      "type": "Feature",
      "geometry": {
        "type": "LineString",
        "coordinates": [
          [
            112.6952464,
            -7.2434732
          ],
          [
            112.6931956,
            -7.2430661
          ],
          [
            112.6916867,
            -7.2427665
          ]
        ]
      },
      "properties": {
        "id": "osm:way:580722285",
        "name": "Jalan Tol Surabaya - Gresik",
        "highway": "motorway",
        "restriction_type": "PROHIBITED_TOLL_ROAD",
        "metadata": {
          "bridge": "yes",
          "highway": "motorway",
          "layer": "1",
          "motorcycle": "no",
          "name": "Jalan Tol Surabaya - Gresik",
          "oneway": "yes",
          "operator": "PT. Margabumi Matra Jaya",
          "ref": "8",
          "source": "Bing",
          "toll": "yes"
        }
      }
    },
    {
      "type": "Feature",
      "geometry": {
        "type": "LineString",
        "coordinates": [
          [
            112.6917149,
            -7.2426334
          ],
          [
            112.6952753,
            -7.2433254
          ]
        ]
      },
      "properties": {
        "id": "osm:way:580722286",
        "name": "Jalan Tol Surabaya - Gresik",
        "highway": "motorway",
        "restriction_type": "PROHIBITED_TOLL_ROAD",
        "metadata": {
          "bridge": "yes",
          "highway": "motorway",
          "layer": "1",
          "motorcycle": "no",
          "name": "Jalan Tol Surabaya - Gresik",
          "oneway": "yes",
          "operator": "PT. Margabumi Matra Jaya",
          "ref": "8",
          "toll": "yes"
        }
      }
    },
    {
      "type": "Feature",
      "geometry": {
        "type": "LineString",
        "coordinates": [
          [
            112.6841843,
            -7.2406117
          ],
          [
            112.6879153,
            -7.2416903
          ],
          [
            112.6890112,
            -7.2419902
          ],
          [
            112.6905204,
            -7.2423818
          ],
          [
            112.6917149,
            -7.2426334
          ]
        ]
      },
      "properties": {
        "id": "osm:way:580722287",
        "name": "Jalan Tol Surabaya - Gresik",
        "highway": "motorway",
        "restriction_type": "PROHIBITED_TOLL_ROAD",
        "metadata": {
          "highway": "motorway",
          "motorcycle": "no",
          "name": "Jalan Tol Surabaya - Gresik",
          "oneway": "yes",
          "operator": "PT. Margabumi Matra Jaya",
          "ref": "8",
          "toll": "yes"
        }
      }
    },
    {
      "type": "Feature",
      "geometry": {
        "type": "LineString",
        "coordinates": [
          [
            112.7028216,
            -7.2890835
          ],
          [
            112.7029118,
            -7.2890704
          ],
          [
            112.7029865,
            -7.2890877
          ],
          [
            112.7030191,
            -7.28913
          ],
          [
            112.7030256,
            -7.2891616
          ],
          [
            112.7029839,
            -7.2892745
          ]
        ]
      },
      "properties": {
        "id": "osm:way:583117977",
        "name": "Way #583117977",
        "highway": "motorway_link",
        "restriction_type": "PROHIBITED_TOLL_ROAD",
        "metadata": {
          "highway": "motorway_link",
          "motorcycle": "no",
          "oneway": "yes",
          "toll": "yes"
        }
      }
    },
    {
      "type": "Feature",
      "geometry": {
        "type": "LineString",
        "coordinates": [
          [
            112.7139905,
            -7.2394344
          ],
          [
            112.7133632,
            -7.2403369
          ],
          [
            112.7127864,
            -7.2411576
          ]
        ]
      },
      "properties": {
        "id": "osm:way:583140610",
        "name": "Jalan Tol Surabaya–Gempol",
        "highway": "motorway",
        "restriction_type": "PROHIBITED_TOLL_ROAD",
        "metadata": {
          "highway": "motorway",
          "int_ref": "AH2",
          "lanes": "3",
          "motorcycle": "no",
          "name": "Jalan Tol Surabaya–Gempol",
          "oneway": "yes",
          "operator": "PT Jasamarga Surabaya-Gempol",
          "ref": "8",
          "short_name": "Jalan Tol Surgem",
          "toll": "yes"
        }
      }
    },
    {
      "type": "Feature",
      "geometry": {
        "type": "LineString",
        "coordinates": [
          [
            112.7083664,
            -7.2602188
          ],
          [
            112.7084537,
            -7.2601875
          ],
          [
            112.7085254,
            -7.2601695
          ],
          [
            112.7087768,
            -7.2600905
          ],
          [
            112.7091274,
            -7.2600021
          ]
        ]
      },
      "properties": {
        "id": "osm:way:583396309",
        "name": "Banyu Urip",
        "highway": "motorway_link",
        "restriction_type": "PROHIBITED_TOLL_ROAD",
        "metadata": {
          "destination": "Kota Satelit;Gunung Sari;Malang",
          "destination:ref": "8",
          "highway": "motorway_link",
          "motorcycle": "no",
          "name": "Banyu Urip",
          "oneway": "yes",
          "toll": "yes"
        }
      }
    },
    {
      "type": "Feature",
      "geometry": {
        "type": "LineString",
        "coordinates": [
          [
            112.7091484,
            -7.2600657
          ],
          [
            112.7088471,
            -7.2601451
          ],
          [
            112.7086073,
            -7.260208
          ],
          [
            112.7085344,
            -7.26025
          ]
        ]
      },
      "properties": {
        "id": "osm:way:583396310",
        "name": "Banyu Urip",
        "highway": "motorway_link",
        "restriction_type": "PROHIBITED_TOLL_ROAD",
        "metadata": {
          "destination": "Banyu Urip;Pasar Kembang;Tandes",
          "destination:ref": "1",
          "highway": "motorway_link",
          "motorcycle": "no",
          "name": "Banyu Urip",
          "oneway": "yes",
          "toll": "yes"
        }
      }
    },
    {
      "type": "Feature",
      "geometry": {
        "type": "LineString",
        "coordinates": [
          [
            112.7019688,
            -7.3068806
          ],
          [
            112.7023153,
            -7.3070164
          ],
          [
            112.702658,
            -7.3071297
          ],
          [
            112.7055723,
            -7.3078992
          ],
          [
            112.7079387,
            -7.3085096
          ],
          [
            112.7081502,
            -7.3085713
          ]
        ]
      },
      "properties": {
        "id": "osm:way:584488960",
        "name": "Jalan Tol Surabaya–Gempol",
        "highway": "motorway",
        "restriction_type": "PROHIBITED_TOLL_ROAD",
        "metadata": {
          "highway": "motorway",
          "int_ref": "AH2",
          "lanes": "3",
          "maxspeed": "80",
          "motorcycle": "no",
          "name": "Jalan Tol Surabaya–Gempol",
          "oneway": "yes",
          "operator": "PT Jasamarga Surabaya-Gempol",
          "ref": "8",
          "short_name": "Jalan Tol Surgem",
          "surface": "asphalt",
          "toll": "yes"
        }
      }
    },
    {
      "type": "Feature",
      "geometry": {
        "type": "LineString",
        "coordinates": [
          [
            112.7545497,
            -7.3433843
          ],
          [
            112.7544913,
            -7.3433879
          ],
          [
            112.7544357,
            -7.3433823
          ],
          [
            112.7543727,
            -7.3433799
          ],
          [
            112.7542395,
            -7.3434064
          ]
        ]
      },
      "properties": {
        "id": "osm:way:587360364",
        "name": "Way #587360364",
        "highway": "motorway_link",
        "restriction_type": "PROHIBITED_TOLL_ROAD",
        "metadata": {
          "destination:ref": "AH2",
          "highway": "motorway_link",
          "motorcycle": "no",
          "oneway": "yes",
          "toll": "yes"
        }
      }
    },
    {
      "type": "Feature",
      "geometry": {
        "type": "LineString",
        "coordinates": [
          [
            112.772032,
            -7.3436506
          ],
          [
            112.7720145,
            -7.3436021
          ],
          [
            112.7720169,
            -7.3435745
          ]
        ]
      },
      "properties": {
        "id": "osm:way:587373153",
        "name": "Way #587373153",
        "highway": "motorway_link",
        "restriction_type": "PROHIBITED_TOLL_ROAD",
        "metadata": {
          "access": "no",
          "bridge": "yes",
          "highway": "motorway_link",
          "layer": "1",
          "oneway": "yes",
          "surface": "asphalt",
          "toll": "yes"
        }
      }
    },
    {
      "type": "Feature",
      "geometry": {
        "type": "LineString",
        "coordinates": [
          [
            112.7719481,
            -7.343491
          ],
          [
            112.7719525,
            -7.3435555
          ],
          [
            112.7719495,
            -7.3435676
          ]
        ]
      },
      "properties": {
        "id": "osm:way:587373154",
        "name": "Way #587373154",
        "highway": "motorway_link",
        "restriction_type": "PROHIBITED_TOLL_ROAD",
        "metadata": {
          "access": "no",
          "bridge": "yes",
          "highway": "motorway_link",
          "layer": "1",
          "oneway": "yes",
          "surface": "asphalt",
          "toll": "yes"
        }
      }
    },
    {
      "type": "Feature",
      "geometry": {
        "type": "LineString",
        "coordinates": [
          [
            112.5440202,
            -7.2943276
          ],
          [
            112.5441429,
            -7.2919684
          ],
          [
            112.5442486,
            -7.2913046
          ],
          [
            112.5443692,
            -7.2907628
          ],
          [
            112.5445299,
            -7.290106
          ],
          [
            112.544744,
            -7.2893722
          ],
          [
            112.5449521,
            -7.2887746
          ],
          [
            112.5454349,
            -7.2876254
          ],
          [
            112.5487135,
            -7.2806105
          ],
          [
            112.5507314,
            -7.2763431
          ],
          [
            112.5520782,
            -7.273443
          ],
          [
            112.5546283,
            -7.2683492
          ],
          [
            112.5628575,
            -7.251838
          ],
          [
            112.5634041,
            -7.2507068
          ],
          [
            112.5649669,
            -7.2473348
          ],
          [
            112.5670321,
            -7.2428467
          ],
          [
            112.5674778,
            -7.241848
          ],
          [
            112.5677399,
            -7.2413514
          ],
          [
            112.5679683,
            -7.2409549
          ],
          [
            112.5682877,
            -7.2404771
          ],
          [
            112.5692979,
            -7.2390583
          ],
          [
            112.5696056,
            -7.2385895
          ],
          [
            112.569895,
            -7.2380975
          ],
          [
            112.5701339,
            -7.2376183
          ],
          [
            112.570362,
            -7.237085
          ],
          [
            112.5728937,
            -7.2301953
          ],
          [
            112.5760668,
            -7.221714
          ],
          [
            112.5764201,
            -7.220736
          ],
          [
            112.5766484,
            -7.2201699
          ],
          [
            112.576931,
            -7.2195251
          ],
          [
            112.5772714,
            -7.2186475
          ],
          [
            112.5782587,
            -7.2169218
          ],
          [
            112.578865,
            -7.2159366
          ],
          [
            112.5793126,
            -7.2152563
          ],
          [
            112.580068,
            -7.2141671
          ]
        ]
      },
      "properties": {
        "id": "osm:way:604797540",
        "name": "Jalan Tol Krian - Legundi - Bunder - Manyar",
        "highway": "motorway",
        "restriction_type": "PROHIBITED_TOLL_ROAD",
        "metadata": {
          "bridge": "yes",
          "highway": "motorway",
          "lanes": "2",
          "layer": "1",
          "name": "Jalan Tol Krian - Legundi - Bunder - Manyar",
          "oneway": "yes",
          "toll": "yes"
        }
      }
    },
    {
      "type": "Feature",
      "geometry": {
        "type": "LineString",
        "coordinates": [
          [
            112.69285,
            -7.3412682
          ],
          [
            112.6929021,
            -7.3413853
          ],
          [
            112.6929328,
            -7.3415436
          ],
          [
            112.6929469,
            -7.3417211
          ]
        ]
      },
      "properties": {
        "id": "osm:way:636473737",
        "name": "Jalan Akses Tol Karangpilang",
        "highway": "motorway_link",
        "restriction_type": "PROHIBITED_TOLL_ROAD",
        "metadata": {
          "destination": "Wonokromo;Wiyung;Karangpilang",
          "destination:ref": "JI-150",
          "highway": "motorway_link",
          "lanes": "1",
          "layer": "-1",
          "motorcycle": "no",
          "name": "Jalan Akses Tol Karangpilang",
          "oneway": "yes",
          "toll": "yes",
          "tunnel": "yes"
        }
      }
    },
    {
      "type": "Feature",
      "geometry": {
        "type": "LineString",
        "coordinates": [
          [
            112.6929469,
            -7.3417211
          ],
          [
            112.6929541,
            -7.3418114
          ],
          [
            112.6929675,
            -7.3419664
          ],
          [
            112.6929762,
            -7.3421233
          ],
          [
            112.6929937,
            -7.3424864
          ],
          [
            112.693012,
            -7.3427819
          ],
          [
            112.6930283,
            -7.343062
          ],
          [
            112.6930517,
            -7.3432832
          ]
        ]
      },
      "properties": {
        "id": "osm:way:636473738",
        "name": "Jalan Akses Tol Karangpilang",
        "highway": "motorway_link",
        "restriction_type": "PROHIBITED_TOLL_ROAD",
        "metadata": {
          "destination": "Wonokromo;Wiyung;Karangpilang",
          "destination:ref": "JI-150",
          "highway": "motorway_link",
          "lanes": "1",
          "motorcycle": "no",
          "name": "Jalan Akses Tol Karangpilang",
          "oneway": "yes",
          "toll": "yes"
        }
      }
    },
    {
      "type": "Feature",
      "geometry": {
        "type": "LineString",
        "coordinates": [
          [
            112.6171775,
            -7.354703
          ],
          [
            112.6169299,
            -7.3547184
          ]
        ]
      },
      "properties": {
        "id": "osm:way:637972794",
        "name": "Jalan Tol Surabaya–Mojokerto",
        "highway": "motorway",
        "restriction_type": "PROHIBITED_TOLL_ROAD",
        "metadata": {
          "bridge": "yes",
          "highway": "motorway",
          "int_ref": "AH2",
          "layer": "1",
          "name": "Jalan Tol Surabaya–Mojokerto",
          "oneway": "yes",
          "operator": "PT Jasamarga Surabaya Mojokerto",
          "ref": "11",
          "short_name": "Jalan Tol Sumo",
          "toll": "yes"
        }
      }
    },
    {
      "type": "Feature",
      "geometry": {
        "type": "LineString",
        "coordinates": [
          [
            112.616904,
            -7.3546182
          ],
          [
            112.6171554,
            -7.3546035
          ]
        ]
      },
      "properties": {
        "id": "osm:way:637972795",
        "name": "Jalan Tol Surabaya–Mojokerto",
        "highway": "motorway",
        "restriction_type": "PROHIBITED_TOLL_ROAD",
        "metadata": {
          "bridge": "yes",
          "highway": "motorway",
          "int_ref": "AH2",
          "layer": "1",
          "name": "Jalan Tol Surabaya–Mojokerto",
          "oneway": "yes",
          "operator": "PT Jasamarga Surabaya Mojokerto",
          "ref": "11",
          "short_name": "Jalan Tol Sumo",
          "toll": "yes"
        }
      }
    },
    {
      "type": "Feature",
      "geometry": {
        "type": "LineString",
        "coordinates": [
          [
            112.6210897,
            -7.3547645
          ],
          [
            112.6203614,
            -7.3546966
          ],
          [
            112.6199994,
            -7.3546754
          ],
          [
            112.6191799,
            -7.3546514
          ],
          [
            112.6186569,
            -7.3546474
          ],
          [
            112.6180749,
            -7.3546585
          ],
          [
            112.6176229,
            -7.354678
          ],
          [
            112.6171775,
            -7.354703
          ]
        ]
      },
      "properties": {
        "id": "osm:way:637972796",
        "name": "Jalan Tol Surabaya–Mojokerto",
        "highway": "motorway",
        "restriction_type": "PROHIBITED_TOLL_ROAD",
        "metadata": {
          "highway": "motorway",
          "int_ref": "AH2",
          "name": "Jalan Tol Surabaya–Mojokerto",
          "oneway": "yes",
          "operator": "PT Jasamarga Surabaya Mojokerto",
          "ref": "11",
          "short_name": "Jalan Tol Sumo",
          "toll": "yes"
        }
      }
    },
    {
      "type": "Feature",
      "geometry": {
        "type": "LineString",
        "coordinates": [
          [
            112.6171554,
            -7.3546035
          ],
          [
            112.6176229,
            -7.354577
          ],
          [
            112.6179637,
            -7.3545617
          ],
          [
            112.6185081,
            -7.3545477
          ],
          [
            112.6191773,
            -7.3545491
          ],
          [
            112.6197526,
            -7.3545637
          ],
          [
            112.6202461,
            -7.3545836
          ],
          [
            112.6208268,
            -7.3546302
          ],
          [
            112.6210393,
            -7.3546503
          ]
        ]
      },
      "properties": {
        "id": "osm:way:637972797",
        "name": "Jalan Tol Surabaya–Mojokerto",
        "highway": "motorway",
        "restriction_type": "PROHIBITED_TOLL_ROAD",
        "metadata": {
          "highway": "motorway",
          "int_ref": "AH2",
          "name": "Jalan Tol Surabaya–Mojokerto",
          "oneway": "yes",
          "operator": "PT Jasamarga Surabaya Mojokerto",
          "ref": "11",
          "short_name": "Jalan Tol Sumo",
          "toll": "yes"
        }
      }
    },
    {
      "type": "Feature",
      "geometry": {
        "type": "LineString",
        "coordinates": [
          [
            112.6074547,
            -7.3562954
          ],
          [
            112.6083854,
            -7.3562089
          ]
        ]
      },
      "properties": {
        "id": "osm:way:637972798",
        "name": "Jalan Tol Surabaya–Mojokerto",
        "highway": "motorway",
        "restriction_type": "PROHIBITED_TOLL_ROAD",
        "metadata": {
          "bridge": "yes",
          "highway": "motorway",
          "int_ref": "AH2",
          "layer": "1",
          "name": "Jalan Tol Surabaya–Mojokerto",
          "oneway": "yes",
          "operator": "PT Jasamarga Surabaya Mojokerto",
          "ref": "11",
          "short_name": "Jalan Tol Sumo",
          "toll": "yes"
        }
      }
    },
    {
      "type": "Feature",
      "geometry": {
        "type": "LineString",
        "coordinates": [
          [
            112.6083962,
            -7.3563034
          ],
          [
            112.6074492,
            -7.3563992
          ]
        ]
      },
      "properties": {
        "id": "osm:way:637972799",
        "name": "Jalan Tol Surabaya–Mojokerto",
        "highway": "motorway",
        "restriction_type": "PROHIBITED_TOLL_ROAD",
        "metadata": {
          "bridge": "yes",
          "highway": "motorway",
          "int_ref": "AH2",
          "layer": "1",
          "name": "Jalan Tol Surabaya–Mojokerto",
          "oneway": "yes",
          "operator": "PT Jasamarga Surabaya Mojokerto",
          "ref": "11",
          "short_name": "Jalan Tol Sumo",
          "toll": "yes"
        }
      }
    },
    {
      "type": "Feature",
      "geometry": {
        "type": "LineString",
        "coordinates": [
          [
            112.6074492,
            -7.3563992
          ],
          [
            112.6032481,
            -7.3567713
          ]
        ]
      },
      "properties": {
        "id": "osm:way:637972800",
        "name": "Jalan Tol Surabaya–Mojokerto",
        "highway": "motorway",
        "restriction_type": "PROHIBITED_TOLL_ROAD",
        "metadata": {
          "highway": "motorway",
          "int_ref": "AH2",
          "name": "Jalan Tol Surabaya–Mojokerto",
          "oneway": "yes",
          "operator": "PT Jasamarga Surabaya Mojokerto",
          "ref": "11",
          "short_name": "Jalan Tol Sumo",
          "toll": "yes"
        }
      }
    },
    {
      "type": "Feature",
      "geometry": {
        "type": "LineString",
        "coordinates": [
          [
            112.6032442,
            -7.3566569
          ],
          [
            112.6074547,
            -7.3562954
          ]
        ]
      },
      "properties": {
        "id": "osm:way:637972801",
        "name": "Jalan Tol Surabaya–Mojokerto",
        "highway": "motorway",
        "restriction_type": "PROHIBITED_TOLL_ROAD",
        "metadata": {
          "highway": "motorway",
          "int_ref": "AH2",
          "name": "Jalan Tol Surabaya–Mojokerto",
          "oneway": "yes",
          "operator": "PT Jasamarga Surabaya Mojokerto",
          "ref": "11",
          "short_name": "Jalan Tol Sumo",
          "toll": "yes"
        }
      }
    },
    {
      "type": "Feature",
      "geometry": {
        "type": "LineString",
        "coordinates": [
          [
            112.6029607,
            -7.3566801
          ],
          [
            112.6032442,
            -7.3566569
          ]
        ]
      },
      "properties": {
        "id": "osm:way:637972802",
        "name": "Jalan Tol Surabaya–Mojokerto",
        "highway": "motorway",
        "restriction_type": "PROHIBITED_TOLL_ROAD",
        "metadata": {
          "bridge": "yes",
          "highway": "motorway",
          "int_ref": "AH2",
          "layer": "1",
          "name": "Jalan Tol Surabaya–Mojokerto",
          "oneway": "yes",
          "operator": "PT Jasamarga Surabaya Mojokerto",
          "ref": "11",
          "short_name": "Jalan Tol Sumo",
          "toll": "yes"
        }
      }
    },
    {
      "type": "Feature",
      "geometry": {
        "type": "LineString",
        "coordinates": [
          [
            112.6032481,
            -7.3567713
          ],
          [
            112.6029594,
            -7.3567958
          ]
        ]
      },
      "properties": {
        "id": "osm:way:637972803",
        "name": "Jalan Tol Surabaya–Mojokerto",
        "highway": "motorway",
        "restriction_type": "PROHIBITED_TOLL_ROAD",
        "metadata": {
          "bridge": "yes",
          "highway": "motorway",
          "int_ref": "AH2",
          "layer": "1",
          "name": "Jalan Tol Surabaya–Mojokerto",
          "oneway": "yes",
          "operator": "PT Jasamarga Surabaya Mojokerto",
          "ref": "11",
          "short_name": "Jalan Tol Sumo",
          "toll": "yes"
        }
      }
    },
    {
      "type": "Feature",
      "geometry": {
        "type": "LineString",
        "coordinates": [
          [
            112.5821406,
            -7.3602138
          ],
          [
            112.5831364,
            -7.3599573
          ],
          [
            112.585329,
            -7.3594525
          ],
          [
            112.5867239,
            -7.3591524
          ],
          [
            112.5882022,
            -7.3588555
          ],
          [
            112.5916542,
            -7.3582262
          ],
          [
            112.596112,
            -7.3573802
          ],
          [
            112.5968143,
            -7.357269
          ],
          [
            112.5976244,
            -7.357152
          ],
          [
            112.5988072,
            -7.3570349
          ],
          [
            112.6013455,
            -7.3568199
          ],
          [
            112.6029607,
            -7.3566801
          ]
        ]
      },
      "properties": {
        "id": "osm:way:637972804",
        "name": "Jalan Tol Surabaya–Mojokerto",
        "highway": "motorway",
        "restriction_type": "PROHIBITED_TOLL_ROAD",
        "metadata": {
          "highway": "motorway",
          "int_ref": "AH2",
          "lanes": "2",
          "name": "Jalan Tol Surabaya–Mojokerto",
          "oneway": "yes",
          "operator": "PT Jasamarga Surabaya Mojokerto",
          "ref": "11",
          "short_name": "Jalan Tol Sumo",
          "toll": "yes"
        }
      }
    },
    {
      "type": "Feature",
      "geometry": {
        "type": "LineString",
        "coordinates": [
          [
            112.6029594,
            -7.3567958
          ],
          [
            112.6013593,
            -7.3569317
          ],
          [
            112.599408,
            -7.3570908
          ],
          [
            112.5976378,
            -7.3572584
          ],
          [
            112.5968546,
            -7.3573754
          ],
          [
            112.596142,
            -7.3574952
          ],
          [
            112.5916741,
            -7.3583347
          ],
          [
            112.5882177,
            -7.3589636
          ],
          [
            112.5867614,
            -7.3592495
          ],
          [
            112.5853483,
            -7.3595467
          ],
          [
            112.5837902,
            -7.3598988
          ],
          [
            112.5828052,
            -7.3601433
          ],
          [
            112.581892,
            -7.3603899
          ],
          [
            112.5807881,
            -7.3606873
          ],
          [
            112.5798454,
            -7.3609746
          ]
        ]
      },
      "properties": {
        "id": "osm:way:637972805",
        "name": "Jalan Tol Surabaya–Mojokerto",
        "highway": "motorway",
        "restriction_type": "PROHIBITED_TOLL_ROAD",
        "metadata": {
          "highway": "motorway",
          "int_ref": "AH2",
          "lanes": "2",
          "name": "Jalan Tol Surabaya–Mojokerto",
          "oneway": "yes",
          "operator": "PT Jasamarga Surabaya Mojokerto",
          "ref": "11",
          "short_name": "Jalan Tol Sumo",
          "toll": "yes"
        }
      }
    },
    {
      "type": "Feature",
      "geometry": {
        "type": "LineString",
        "coordinates": [
          [
            112.6833964,
            -7.3388892
          ],
          [
            112.6824455,
            -7.3391029
          ],
          [
            112.6804134,
            -7.3395575
          ],
          [
            112.679794,
            -7.3396941
          ],
          [
            112.6794184,
            -7.339777
          ],
          [
            112.676598,
            -7.3404181
          ],
          [
            112.6756458,
            -7.3406656
          ],
          [
            112.6747808,
            -7.3408916
          ],
          [
            112.6741466,
            -7.3410496
          ]
        ]
      },
      "properties": {
        "id": "osm:way:637972810",
        "name": "Jalan Tol Surabaya–Mojokerto",
        "highway": "motorway",
        "restriction_type": "PROHIBITED_TOLL_ROAD",
        "metadata": {
          "highway": "motorway",
          "int_ref": "AH2",
          "motorcycle": "no",
          "name": "Jalan Tol Surabaya–Mojokerto",
          "oneway": "yes",
          "operator": "PT Jasamarga Surabaya Mojokerto",
          "ref": "11",
          "short_name": "Jalan Tol Sumo",
          "toll": "yes"
        }
      }
    },
    {
      "type": "Feature",
      "geometry": {
        "type": "LineString",
        "coordinates": [
          [
            112.6836978,
            -7.3388431
          ],
          [
            112.6833964,
            -7.3388892
          ]
        ]
      },
      "properties": {
        "id": "osm:way:637972811",
        "name": "Jalan Tol Surabaya–Mojokerto",
        "highway": "motorway",
        "restriction_type": "PROHIBITED_TOLL_ROAD",
        "metadata": {
          "bridge": "yes",
          "highway": "motorway",
          "int_ref": "AH2",
          "layer": "1",
          "name": "Jalan Tol Surabaya–Mojokerto",
          "oneway": "yes",
          "operator": "PT Jasamarga Surabaya Mojokerto",
          "ref": "11",
          "short_name": "Jalan Tol Sumo",
          "toll": "yes"
        }
      }
    },
    {
      "type": "Feature",
      "geometry": {
        "type": "LineString",
        "coordinates": [
          [
            112.6833923,
            -7.3388038
          ],
          [
            112.6836885,
            -7.3387575
          ]
        ]
      },
      "properties": {
        "id": "osm:way:637972812",
        "name": "Jalan Tol Surabaya–Mojokerto",
        "highway": "motorway",
        "restriction_type": "PROHIBITED_TOLL_ROAD",
        "metadata": {
          "bridge": "yes",
          "highway": "motorway",
          "int_ref": "AH2",
          "layer": "1",
          "name": "Jalan Tol Surabaya–Mojokerto",
          "oneway": "yes",
          "operator": "PT Jasamarga Surabaya Mojokerto",
          "ref": "11",
          "short_name": "Jalan Tol Sumo",
          "toll": "yes"
        }
      }
    },
    {
      "type": "Feature",
      "geometry": {
        "type": "LineString",
        "coordinates": [
          [
            112.6729891,
            -7.3411002
          ],
          [
            112.6734759,
            -7.3410672
          ],
          [
            112.6738085,
            -7.3410193
          ],
          [
            112.6741039,
            -7.3409661
          ],
          [
            112.6747741,
            -7.3408052
          ],
          [
            112.6755895,
            -7.3405924
          ],
          [
            112.6765591,
            -7.3403383
          ],
          [
            112.6772042,
            -7.34018
          ],
          [
            112.6777971,
            -7.3400506
          ],
          [
            112.6793852,
            -7.3396695
          ],
          [
            112.6809388,
            -7.3393469
          ],
          [
            112.6824257,
            -7.3390077
          ],
          [
            112.6833923,
            -7.3388038
          ]
        ]
      },
      "properties": {
        "id": "osm:way:637972813",
        "name": "Jalan Tol Surabaya–Mojokerto",
        "highway": "motorway",
        "restriction_type": "PROHIBITED_TOLL_ROAD",
        "metadata": {
          "highway": "motorway",
          "int_ref": "AH2",
          "motorcycle": "no",
          "name": "Jalan Tol Surabaya–Mojokerto",
          "oneway": "yes",
          "operator": "PT Jasamarga Surabaya Mojokerto",
          "ref": "11",
          "short_name": "Jalan Tol Sumo",
          "toll": "yes"
        }
      }
    },
    {
      "type": "Feature",
      "geometry": {
        "type": "LineString",
        "coordinates": [
          [
            112.6281197,
            -7.3554162
          ],
          [
            112.6285059,
            -7.3554353
          ]
        ]
      },
      "properties": {
        "id": "osm:way:646787280",
        "name": "Jalan Tol Surabaya–Mojokerto",
        "highway": "motorway",
        "restriction_type": "PROHIBITED_TOLL_ROAD",
        "metadata": {
          "bridge": "yes",
          "highway": "motorway",
          "int_ref": "AH2",
          "layer": "1",
          "motorcycle": "no",
          "name": "Jalan Tol Surabaya–Mojokerto",
          "oneway": "yes",
          "operator": "PT Jasamarga Surabaya Mojokerto",
          "ref": "11",
          "short_name": "Jalan Tol Sumo",
          "toll": "yes"
        }
      }
    },
    {
      "type": "Feature",
      "geometry": {
        "type": "LineString",
        "coordinates": [
          [
            112.6281019,
            -7.3555231
          ],
          [
            112.6269442,
            -7.3554199
          ],
          [
            112.6246705,
            -7.3551621
          ]
        ]
      },
      "properties": {
        "id": "osm:way:646787281",
        "name": "Jalan Tol Surabaya–Mojokerto",
        "highway": "motorway",
        "restriction_type": "PROHIBITED_TOLL_ROAD",
        "metadata": {
          "highway": "motorway",
          "int_ref": "AH2",
          "motorcycle": "no",
          "name": "Jalan Tol Surabaya–Mojokerto",
          "oneway": "yes",
          "operator": "PT Jasamarga Surabaya Mojokerto",
          "ref": "11",
          "short_name": "Jalan Tol Sumo",
          "toll": "yes"
        }
      }
    },
    {
      "type": "Feature",
      "geometry": {
        "type": "LineString",
        "coordinates": [
          [
            112.6285059,
            -7.3554353
          ],
          [
            112.6291417,
            -7.3554428
          ],
          [
            112.6295829,
            -7.3554162
          ],
          [
            112.6301998,
            -7.3553324
          ],
          [
            112.6306692,
            -7.3552393
          ],
          [
            112.6311023,
            -7.3551435
          ],
          [
            112.6314497,
            -7.3550411
          ],
          [
            112.631962,
            -7.3548723
          ],
          [
            112.6323456,
            -7.3547126
          ],
          [
            112.6327385,
            -7.3545357
          ],
          [
            112.6334064,
            -7.3541766
          ],
          [
            112.6375623,
            -7.3516828
          ],
          [
            112.6400837,
            -7.3501531
          ],
          [
            112.641229,
            -7.3494708
          ],
          [
            112.6421987,
            -7.3488629
          ],
          [
            112.6431186,
            -7.3482351
          ],
          [
            112.6439609,
            -7.3476379
          ],
          [
            112.6451048,
            -7.346772
          ],
          [
            112.646749,
            -7.3453754
          ],
          [
            112.6483651,
            -7.3439934
          ],
          [
            112.6493253,
            -7.3431621
          ],
          [
            112.6517097,
            -7.3411071
          ],
          [
            112.6526096,
            -7.3403716
          ],
          [
            112.6529141,
            -7.3401574
          ],
          [
            112.6535484,
            -7.3397437
          ],
          [
            112.6538854,
            -7.3395344
          ],
          [
            112.6543759,
            -7.3392609
          ],
          [
            112.6547289,
            -7.3390755
          ],
          [
            112.6550035,
            -7.3389377
          ],
          [
            112.6554944,
            -7.3387182
          ],
          [
            112.6560907,
            -7.3384771
          ],
          [
            112.6566061,
            -7.3383112
          ],
          [
            112.657094,
            -7.3381603
          ],
          [
            112.6583492,
            -7.337865
          ],
          [
            112.6592442,
            -7.3377523
          ],
          [
            112.6598302,
            -7.3377003
          ],
          [
            112.6603746,
            -7.3376714
          ],
          [
            112.6608799,
            -7.3376711
          ],
          [
            112.6615535,
            -7.33769
          ],
          [
            112.6622158,
            -7.3377403
          ],
          [
            112.6628557,
            -7.337831
          ],
          [
            112.6634391,
            -7.3379395
          ],
          [
            112.6640989,
            -7.3380917
          ],
          [
            112.6646773,
            -7.3382516
          ],
          [
            112.6657422,
            -7.3386011
          ]
        ]
      },
      "properties": {
        "id": "osm:way:646787282",
        "name": "Jalan Tol Surabaya–Mojokerto",
        "highway": "motorway",
        "restriction_type": "PROHIBITED_TOLL_ROAD",
        "metadata": {
          "highway": "motorway",
          "int_ref": "AH2",
          "lanes": "2",
          "motorcycle": "no",
          "name": "Jalan Tol Surabaya–Mojokerto",
          "oneway": "yes",
          "operator": "PT Jasamarga Surabaya Mojokerto",
          "ref": "11",
          "short_name": "Jalan Tol Sumo",
          "toll": "yes"
        }
      }
    },
    {
      "type": "Feature",
      "geometry": {
        "type": "LineString",
        "coordinates": [
          [
            112.6284965,
            -7.3555427
          ],
          [
            112.6281019,
            -7.3555231
          ]
        ]
      },
      "properties": {
        "id": "osm:way:646787283",
        "name": "Jalan Tol Surabaya–Mojokerto",
        "highway": "motorway",
        "restriction_type": "PROHIBITED_TOLL_ROAD",
        "metadata": {
          "bridge": "yes",
          "highway": "motorway",
          "int_ref": "AH2",
          "layer": "1",
          "motorcycle": "no",
          "name": "Jalan Tol Surabaya–Mojokerto",
          "oneway": "yes",
          "operator": "PT Jasamarga Surabaya Mojokerto",
          "ref": "11",
          "short_name": "Jalan Tol Sumo",
          "toll": "yes"
        }
      }
    },
    {
      "type": "Feature",
      "geometry": {
        "type": "LineString",
        "coordinates": [
          [
            112.6120337,
            -7.3555322
          ],
          [
            112.6125428,
            -7.3553976
          ],
          [
            112.613444,
            -7.3551688
          ],
          [
            112.6140032,
            -7.3550385
          ],
          [
            112.6143587,
            -7.354956
          ],
          [
            112.6150051,
            -7.3548416
          ],
          [
            112.6154221,
            -7.3547751
          ],
          [
            112.6156501,
            -7.3547445
          ],
          [
            112.6162268,
            -7.354678
          ],
          [
            112.616904,
            -7.3546182
          ]
        ]
      },
      "properties": {
        "id": "osm:way:701533459",
        "name": "Jalan Tol Surabaya–Mojokerto",
        "highway": "motorway",
        "restriction_type": "PROHIBITED_TOLL_ROAD",
        "metadata": {
          "highway": "motorway",
          "int_ref": "AH2",
          "name": "Jalan Tol Surabaya–Mojokerto",
          "oneway": "yes",
          "operator": "PT Jasamarga Surabaya Mojokerto",
          "ref": "11",
          "short_name": "Jalan Tol Sumo",
          "toll": "yes"
        }
      }
    },
    {
      "type": "Feature",
      "geometry": {
        "type": "LineString",
        "coordinates": [
          [
            112.611878,
            -7.3555714
          ],
          [
            112.6120337,
            -7.3555322
          ]
        ]
      },
      "properties": {
        "id": "osm:way:701533460",
        "name": "Jalan Tol Surabaya–Mojokerto",
        "highway": "motorway",
        "restriction_type": "PROHIBITED_TOLL_ROAD",
        "metadata": {
          "bridge": "yes",
          "highway": "motorway",
          "int_ref": "AH2",
          "layer": "1",
          "name": "Jalan Tol Surabaya–Mojokerto",
          "oneway": "yes",
          "operator": "PT Jasamarga Surabaya Mojokerto",
          "ref": "11",
          "short_name": "Jalan Tol Sumo",
          "toll": "yes"
        }
      }
    },
    {
      "type": "Feature",
      "geometry": {
        "type": "LineString",
        "coordinates": [
          [
            112.6119496,
            -7.3556597
          ],
          [
            112.6108316,
            -7.3559203
          ],
          [
            112.6103447,
            -7.3560241
          ],
          [
            112.6097667,
            -7.3561238
          ],
          [
            112.6091457,
            -7.3562168
          ],
          [
            112.6083962,
            -7.3563034
          ]
        ]
      },
      "properties": {
        "id": "osm:way:701533461",
        "name": "Jalan Tol Surabaya–Mojokerto",
        "highway": "motorway",
        "restriction_type": "PROHIBITED_TOLL_ROAD",
        "metadata": {
          "highway": "motorway",
          "int_ref": "AH2",
          "name": "Jalan Tol Surabaya–Mojokerto",
          "oneway": "yes",
          "operator": "PT Jasamarga Surabaya Mojokerto",
          "ref": "11",
          "short_name": "Jalan Tol Sumo",
          "toll": "yes"
        }
      }
    },
    {
      "type": "Feature",
      "geometry": {
        "type": "LineString",
        "coordinates": [
          [
            112.6121056,
            -7.3556176
          ],
          [
            112.6119496,
            -7.3556597
          ]
        ]
      },
      "properties": {
        "id": "osm:way:701533462",
        "name": "Jalan Tol Surabaya–Mojokerto",
        "highway": "motorway",
        "restriction_type": "PROHIBITED_TOLL_ROAD",
        "metadata": {
          "bridge": "yes",
          "highway": "motorway",
          "int_ref": "AH2",
          "layer": "1",
          "name": "Jalan Tol Surabaya–Mojokerto",
          "oneway": "yes",
          "operator": "PT Jasamarga Surabaya Mojokerto",
          "ref": "11",
          "short_name": "Jalan Tol Sumo",
          "toll": "yes"
        }
      }
    },
    {
      "type": "Feature",
      "geometry": {
        "type": "LineString",
        "coordinates": [
          [
            112.7101336,
            -7.347594
          ],
          [
            112.710137,
            -7.3474168
          ],
          [
            112.7101584,
            -7.3471125
          ],
          [
            112.7101759,
            -7.3469104
          ],
          [
            112.7101585,
            -7.3467408
          ],
          [
            112.7101236,
            -7.3465838
          ],
          [
            112.7100726,
            -7.3464608
          ],
          [
            112.7098149,
            -7.3460343
          ]
        ]
      },
      "properties": {
        "id": "osm:way:722128715",
        "name": "Way #722128715",
        "highway": "motorway_link",
        "restriction_type": "PROHIBITED_TOLL_ROAD",
        "metadata": {
          "destination": "Krian;Mojokerto;Waru;Juanda",
          "destination:ref": "AH2",
          "destination:symbol": "airport",
          "highway": "motorway_link",
          "motorcycle": "no",
          "oneway": "yes",
          "toll": "yes"
        }
      }
    },
    {
      "type": "Feature",
      "geometry": {
        "type": "LineString",
        "coordinates": [
          [
            112.6315417,
            -7.3532648
          ],
          [
            112.6315395,
            -7.3533825
          ]
        ]
      },
      "properties": {
        "id": "osm:way:730963747",
        "name": "Jalan Akses Tol Driyorejo",
        "highway": "motorway_link",
        "restriction_type": "PROHIBITED_TOLL_ROAD",
        "metadata": {
          "bridge": "yes",
          "destination:ref": "AH2",
          "highway": "motorway_link",
          "lanes": "1",
          "layer": "1",
          "motorcycle": "no",
          "name": "Jalan Akses Tol Driyorejo",
          "oneway": "yes",
          "toll": "yes"
        }
      }
    },
    {
      "type": "Feature",
      "geometry": {
        "type": "LineString",
        "coordinates": [
          [
            112.6290593,
            -7.3514247
          ],
          [
            112.6295368,
            -7.3514887
          ],
          [
            112.6301709,
            -7.3515792
          ],
          [
            112.6311024,
            -7.3517146
          ],
          [
            112.6311969,
            -7.3517492
          ],
          [
            112.6312894,
            -7.3517951
          ],
          [
            112.6313726,
            -7.3518603
          ],
          [
            112.6314344,
            -7.3519356
          ],
          [
            112.6314705,
            -7.3519973
          ],
          [
            112.6315007,
            -7.352075
          ],
          [
            112.6315272,
            -7.3521801
          ],
          [
            112.6315416,
            -7.3523172
          ],
          [
            112.631543,
            -7.3524808
          ],
          [
            112.6315409,
            -7.3529144
          ],
          [
            112.6315417,
            -7.3532648
          ]
        ]
      },
      "properties": {
        "id": "osm:way:730963748",
        "name": "Jalan Akses Tol Driyorejo",
        "highway": "motorway_link",
        "restriction_type": "PROHIBITED_TOLL_ROAD",
        "metadata": {
          "destination:ref": "AH2",
          "highway": "motorway_link",
          "lanes": "1",
          "motorcycle": "no",
          "name": "Jalan Akses Tol Driyorejo",
          "oneway": "yes",
          "toll": "yes"
        }
      }
    },
    {
      "type": "Feature",
      "geometry": {
        "type": "LineString",
        "coordinates": [
          [
            112.6283037,
            -7.3557406
          ],
          [
            112.6279131,
            -7.3557338
          ]
        ]
      },
      "properties": {
        "id": "osm:way:730963750",
        "name": "Jalan Akses Tol Driyorejo",
        "highway": "motorway_link",
        "restriction_type": "PROHIBITED_TOLL_ROAD",
        "metadata": {
          "destination": "Krian;Mojokerto;Kertosono",
          "destination:ref": "AH2",
          "highway": "motorway_link",
          "motorcycle": "no",
          "name": "Jalan Akses Tol Driyorejo",
          "oneway": "yes",
          "toll": "yes"
        }
      }
    },
    {
      "type": "Feature",
      "geometry": {
        "type": "LineString",
        "coordinates": [
          [
            112.6279481,
            -7.3551609
          ],
          [
            112.6281345,
            -7.3552047
          ],
          [
            112.6282351,
            -7.3552433
          ],
          [
            112.6282941,
            -7.3552793
          ],
          [
            112.6283592,
            -7.3553285
          ]
        ]
      },
      "properties": {
        "id": "osm:way:730963751",
        "name": "Jalan Akses Tol Driyorejo",
        "highway": "motorway_link",
        "restriction_type": "PROHIBITED_TOLL_ROAD",
        "metadata": {
          "highway": "motorway_link",
          "motorcycle": "no",
          "name": "Jalan Akses Tol Driyorejo",
          "oneway": "yes",
          "toll": "yes"
        }
      }
    },
    {
      "type": "Feature",
      "geometry": {
        "type": "LineString",
        "coordinates": [
          [
            112.6245108,
            -7.355359
          ],
          [
            112.6235341,
            -7.3551779
          ],
          [
            112.6218875,
            -7.3549148
          ],
          [
            112.6213002,
            -7.354831
          ],
          [
            112.6210897,
            -7.3547645
          ]
        ]
      },
      "properties": {
        "id": "osm:way:730963752",
        "name": "Jalan Akses Tol Driyorejo",
        "highway": "motorway_link",
        "restriction_type": "PROHIBITED_TOLL_ROAD",
        "metadata": {
          "destination": "Krian;Mojokerto;Kertosono",
          "destination:ref": "AH2",
          "highway": "motorway_link",
          "name": "Jalan Akses Tol Driyorejo",
          "oneway": "yes",
          "toll": "yes"
        }
      }
    },
    {
      "type": "Feature",
      "geometry": {
        "type": "LineString",
        "coordinates": [
          [
            112.6246181,
            -7.3553803
          ],
          [
            112.6245108,
            -7.355359
          ]
        ]
      },
      "properties": {
        "id": "osm:way:730963753",
        "name": "Jalan Akses Tol Driyorejo",
        "highway": "motorway_link",
        "restriction_type": "PROHIBITED_TOLL_ROAD",
        "metadata": {
          "bridge": "yes",
          "destination": "Krian;Mojokerto;Kertosono",
          "destination:ref": "AH2",
          "highway": "motorway_link",
          "layer": "1",
          "name": "Jalan Akses Tol Driyorejo",
          "oneway": "yes",
          "toll": "yes"
        }
      }
    },
    {
      "type": "Feature",
      "geometry": {
        "type": "LineString",
        "coordinates": [
          [
            112.6245511,
            -7.3551489
          ],
          [
            112.6210897,
            -7.3547645
          ]
        ]
      },
      "properties": {
        "id": "osm:way:730963754",
        "name": "Jalan Tol Surabaya–Mojokerto",
        "highway": "motorway",
        "restriction_type": "PROHIBITED_TOLL_ROAD",
        "metadata": {
          "highway": "motorway",
          "int_ref": "AH2",
          "name": "Jalan Tol Surabaya–Mojokerto",
          "oneway": "yes",
          "operator": "PT Jasamarga Surabaya Mojokerto",
          "ref": "11",
          "short_name": "Jalan Tol Sumo",
          "toll": "yes"
        }
      }
    },
    {
      "type": "Feature",
      "geometry": {
        "type": "LineString",
        "coordinates": [
          [
            112.6246705,
            -7.3551621
          ],
          [
            112.6245511,
            -7.3551489
          ]
        ]
      },
      "properties": {
        "id": "osm:way:730963755",
        "name": "Jalan Tol Surabaya–Mojokerto",
        "highway": "motorway",
        "restriction_type": "PROHIBITED_TOLL_ROAD",
        "metadata": {
          "bridge": "yes",
          "highway": "motorway",
          "int_ref": "AH2",
          "layer": "1",
          "name": "Jalan Tol Surabaya–Mojokerto",
          "oneway": "yes",
          "operator": "PT Jasamarga Surabaya Mojokerto",
          "ref": "11",
          "short_name": "Jalan Tol Sumo",
          "toll": "yes"
        }
      }
    },
    {
      "type": "Feature",
      "geometry": {
        "type": "LineString",
        "coordinates": [
          [
            112.6246956,
            -7.3550613
          ],
          [
            112.6268658,
            -7.3552978
          ],
          [
            112.6275296,
            -7.355363
          ],
          [
            112.6281197,
            -7.3554162
          ]
        ]
      },
      "properties": {
        "id": "osm:way:730963756",
        "name": "Jalan Tol Surabaya–Mojokerto",
        "highway": "motorway",
        "restriction_type": "PROHIBITED_TOLL_ROAD",
        "metadata": {
          "highway": "motorway",
          "int_ref": "AH2",
          "motorcycle": "no",
          "name": "Jalan Tol Surabaya–Mojokerto",
          "oneway": "yes",
          "operator": "PT Jasamarga Surabaya Mojokerto",
          "ref": "11",
          "short_name": "Jalan Tol Sumo",
          "toll": "yes"
        }
      }
    },
    {
      "type": "Feature",
      "geometry": {
        "type": "LineString",
        "coordinates": [
          [
            112.6245886,
            -7.3550498
          ],
          [
            112.6246956,
            -7.3550613
          ]
        ]
      },
      "properties": {
        "id": "osm:way:730963757",
        "name": "Jalan Tol Surabaya–Mojokerto",
        "highway": "motorway",
        "restriction_type": "PROHIBITED_TOLL_ROAD",
        "metadata": {
          "bridge": "yes",
          "highway": "motorway",
          "int_ref": "AH2",
          "layer": "1",
          "name": "Jalan Tol Surabaya–Mojokerto",
          "oneway": "yes",
          "operator": "PT Jasamarga Surabaya Mojokerto",
          "ref": "11",
          "short_name": "Jalan Tol Sumo",
          "toll": "yes"
        }
      }
    },
    {
      "type": "Feature",
      "geometry": {
        "type": "LineString",
        "coordinates": [
          [
            112.6246449,
            -7.3548297
          ],
          [
            112.6247683,
            -7.3548376
          ]
        ]
      },
      "properties": {
        "id": "osm:way:730963758",
        "name": "Jalan Akses Tol Driyorejo",
        "highway": "motorway_link",
        "restriction_type": "PROHIBITED_TOLL_ROAD",
        "metadata": {
          "bridge": "yes",
          "destination": "Driyorejo;Lakarsantri;Benowo",
          "highway": "motorway_link",
          "layer": "1",
          "name": "Jalan Akses Tol Driyorejo",
          "oneway": "yes",
          "toll": "yes"
        }
      }
    },
    {
      "type": "Feature",
      "geometry": {
        "type": "LineString",
        "coordinates": [
          [
            112.6210393,
            -7.3546503
          ],
          [
            112.6214842,
            -7.3546551
          ],
          [
            112.6220733,
            -7.3546847
          ],
          [
            112.6246449,
            -7.3548297
          ]
        ]
      },
      "properties": {
        "id": "osm:way:730963759",
        "name": "Jalan Akses Tol Driyorejo",
        "highway": "motorway_link",
        "restriction_type": "PROHIBITED_TOLL_ROAD",
        "metadata": {
          "destination": "Driyorejo;Lakarsantri;Benowo",
          "highway": "motorway_link",
          "name": "Jalan Akses Tol Driyorejo",
          "oneway": "yes",
          "toll": "yes"
        }
      }
    },
    {
      "type": "Feature",
      "geometry": {
        "type": "LineString",
        "coordinates": [
          [
            112.7112755,
            -7.3434363
          ],
          [
            112.7114788,
            -7.3428509
          ],
          [
            112.7117274,
            -7.3422054
          ],
          [
            112.7118483,
            -7.3417183
          ],
          [
            112.7118543,
            -7.3416938
          ],
          [
            112.7118811,
            -7.3414377
          ]
        ]
      },
      "properties": {
        "id": "osm:way:731468411",
        "name": "Way #731468411",
        "highway": "motorway_link",
        "restriction_type": "PROHIBITED_TOLL_ROAD",
        "metadata": {
          "destination": "Gunung Sari;Kota Satelit;Gresik",
          "destination:ref": "8",
          "highway": "motorway_link",
          "motorcycle": "no",
          "oneway": "yes",
          "toll": "yes"
        }
      }
    },
    {
      "type": "Feature",
      "geometry": {
        "type": "LineString",
        "coordinates": [
          [
            112.7192652,
            -7.2322681
          ],
          [
            112.7196508,
            -7.2317223
          ]
        ]
      },
      "properties": {
        "id": "osm:way:737663402",
        "name": "Jalan Tol Surabaya–Gempol",
        "highway": "motorway",
        "restriction_type": "PROHIBITED_TOLL_ROAD",
        "metadata": {
          "bridge": "yes",
          "highway": "motorway",
          "int_ref": "AH2",
          "lanes": "3",
          "layer": "2",
          "motorcycle": "no",
          "name": "Jalan Tol Surabaya–Gempol",
          "oneway": "yes",
          "operator": "PT Jasamarga Surabaya-Gempol",
          "ref": "8",
          "short_name": "Jalan Tol Surgem",
          "smoothness": "good",
          "source": "Bing",
          "surface": "asphalt",
          "toll": "yes",
          "width": "10"
        }
      }
    },
    {
      "type": "Feature",
      "geometry": {
        "type": "LineString",
        "coordinates": [
          [
            112.7197349,
            -7.2317595
          ],
          [
            112.7193564,
            -7.2323107
          ]
        ]
      },
      "properties": {
        "id": "osm:way:737663403",
        "name": "Jalan Tol Surabaya–Gempol",
        "highway": "motorway",
        "restriction_type": "PROHIBITED_TOLL_ROAD",
        "metadata": {
          "bridge": "yes",
          "highway": "motorway",
          "int_ref": "AH2",
          "lanes": "3",
          "layer": "2",
          "motorcycle": "no",
          "name": "Jalan Tol Surabaya–Gempol",
          "oneway": "yes",
          "operator": "PT Jasamarga Surabaya-Gempol",
          "ref": "8",
          "short_name": "Jalan Tol Surgem",
          "smoothness": "good",
          "surface": "asphalt",
          "toll": "yes",
          "width": "10"
        }
      }
    },
    {
      "type": "Feature",
      "geometry": {
        "type": "LineString",
        "coordinates": [
          [
            112.7100259,
            -7.3100677
          ],
          [
            112.709991,
            -7.3101589
          ]
        ]
      },
      "properties": {
        "id": "osm:way:737745820",
        "name": "Way #737745820",
        "highway": "motorway_link",
        "restriction_type": "PROHIBITED_TOLL_ROAD",
        "metadata": {
          "highway": "motorway_link",
          "motorcycle": "no",
          "oneway": "yes",
          "toll": "yes"
        }
      }
    },
    {
      "type": "Feature",
      "geometry": {
        "type": "LineString",
        "coordinates": [
          [
            112.680157,
            -7.3399616
          ],
          [
            112.6801024,
            -7.3398721
          ],
          [
            112.6800532,
            -7.3398318
          ],
          [
            112.679794,
            -7.3396941
          ]
        ]
      },
      "properties": {
        "id": "osm:way:737802288",
        "name": "Way #737802288",
        "highway": "motorway_link",
        "restriction_type": "PROHIBITED_TOLL_ROAD",
        "metadata": {
          "highway": "motorway_link",
          "motorcycle": "no",
          "oneway": "yes"
        }
      }
    },
    {
      "type": "Feature",
      "geometry": {
        "type": "LineString",
        "coordinates": [
          [
            112.6930517,
            -7.3432832
          ],
          [
            112.693063,
            -7.3433182
          ],
          [
            112.6930893,
            -7.3433619
          ],
          [
            112.693191,
            -7.3434417
          ]
        ]
      },
      "properties": {
        "id": "osm:way:754497290",
        "name": "Jalan Akses Tol Karangpilang",
        "highway": "motorway_link",
        "restriction_type": "PROHIBITED_TOLL_ROAD",
        "metadata": {
          "destination": "Wonokromo;Wiyung;Karangpilang",
          "destination:ref": "JI-150",
          "highway": "motorway_link",
          "lanes": "1",
          "name": "Jalan Akses Tol Karangpilang",
          "oneway": "yes",
          "toll": "yes"
        }
      }
    },
    {
      "type": "Feature",
      "geometry": {
        "type": "LineString",
        "coordinates": [
          [
            112.7121445,
            -7.3443789
          ],
          [
            112.7118401,
            -7.3443056
          ]
        ]
      },
      "properties": {
        "id": "osm:way:773027500",
        "name": "Jalan Tol Surabaya–Mojokerto",
        "highway": "motorway",
        "restriction_type": "PROHIBITED_TOLL_ROAD",
        "metadata": {
          "highway": "motorway",
          "int_ref": "AH2",
          "motorcycle": "no",
          "name": "Jalan Tol Surabaya–Mojokerto",
          "oneway": "yes",
          "operator": "PT Jasamarga Surabaya Mojokerto",
          "ref": "11",
          "short_name": "Jalan Tol Sumo",
          "toll": "yes"
        }
      }
    },
    {
      "type": "Feature",
      "geometry": {
        "type": "LineString",
        "coordinates": [
          [
            112.7093319,
            -7.247774
          ],
          [
            112.7093199,
            -7.2484126
          ],
          [
            112.7093075,
            -7.2491055
          ]
        ]
      },
      "properties": {
        "id": "osm:way:773061140",
        "name": "Jalan Tol Surabaya–Gempol",
        "highway": "motorway",
        "restriction_type": "PROHIBITED_TOLL_ROAD",
        "metadata": {
          "highway": "motorway",
          "int_ref": "AH2",
          "lanes": "3",
          "motorcycle": "no",
          "name": "Jalan Tol Surabaya–Gempol",
          "oneway": "yes",
          "operator": "PT Jasamarga Surabaya-Gempol",
          "ref": "8",
          "short_name": "Jalan Tol Surgem",
          "toll": "yes"
        }
      }
    },
    {
      "type": "Feature",
      "geometry": {
        "type": "LineString",
        "coordinates": [
          [
            112.7103831,
            -7.3481048
          ],
          [
            112.7104664,
            -7.3477178
          ]
        ]
      },
      "properties": {
        "id": "osm:way:773063288",
        "name": "Jalan Tol Surabaya–Gempol",
        "highway": "motorway",
        "restriction_type": "PROHIBITED_TOLL_ROAD",
        "metadata": {
          "highway": "motorway",
          "int_ref": "AH2",
          "motorcycle": "no",
          "name": "Jalan Tol Surabaya–Gempol",
          "oneway": "yes",
          "operator": "PT Jasamarga Surabaya-Gempol",
          "ref": "8",
          "short_name": "Jalan Tol Surgem",
          "toll": "yes"
        }
      }
    },
    {
      "type": "Feature",
      "geometry": {
        "type": "LineString",
        "coordinates": [
          [
            112.7099993,
            -7.3498208
          ],
          [
            112.7100589,
            -7.3495245
          ]
        ]
      },
      "properties": {
        "id": "osm:way:773063289",
        "name": "Jalan Tol Surabaya–Gempol",
        "highway": "motorway",
        "restriction_type": "PROHIBITED_TOLL_ROAD",
        "metadata": {
          "highway": "motorway",
          "int_ref": "AH2",
          "maxspeed": "100",
          "motorcycle": "no",
          "name": "Jalan Tol Surabaya–Gempol",
          "oneway": "yes",
          "operator": "PT Jasamarga Surabaya-Gempol",
          "ref": "8",
          "short_name": "Jalan Tol Surgem",
          "toll": "yes"
        }
      }
    },
    {
      "type": "Feature",
      "geometry": {
        "type": "LineString",
        "coordinates": [
          [
            112.7093114,
            -7.2585563
          ],
          [
            112.709282,
            -7.2574419
          ],
          [
            112.7092842,
            -7.2566906
          ]
        ]
      },
      "properties": {
        "id": "osm:way:773065842",
        "name": "Jalan Tol Surabaya–Gempol",
        "highway": "motorway",
        "restriction_type": "PROHIBITED_TOLL_ROAD",
        "metadata": {
          "highway": "motorway",
          "int_ref": "AH2",
          "lanes": "3",
          "motorcycle": "no",
          "name": "Jalan Tol Surabaya–Gempol",
          "oneway": "yes",
          "operator": "PT Jasamarga Surabaya-Gempol",
          "ref": "8",
          "short_name": "Jalan Tol Surgem",
          "toll": "yes"
        }
      }
    },
    {
      "type": "Feature",
      "geometry": {
        "type": "LineString",
        "coordinates": [
          [
            112.7145101,
            -7.332718
          ],
          [
            112.7144037,
            -7.3334243
          ],
          [
            112.7143327,
            -7.3339606
          ]
        ]
      },
      "properties": {
        "id": "osm:way:778061171",
        "name": "Way #778061171",
        "highway": "motorway_link",
        "restriction_type": "PROHIBITED_TOLL_ROAD",
        "metadata": {
          "bridge": "yes",
          "destination": "Jambangan;Menanggal",
          "destination:ref": "1",
          "highway": "motorway_link",
          "layer": "1",
          "motorcycle": "no",
          "oneway": "yes",
          "toll": "yes"
        }
      }
    },
    {
      "type": "Feature",
      "geometry": {
        "type": "LineString",
        "coordinates": [
          [
            112.7149831,
            -7.3291101
          ],
          [
            112.7150072,
            -7.3291885
          ],
          [
            112.7150153,
            -7.3292311
          ],
          [
            112.7150167,
            -7.3292744
          ],
          [
            112.7148436,
            -7.3304475
          ],
          [
            112.7147591,
            -7.3310434
          ],
          [
            112.7146035,
            -7.3320756
          ],
          [
            112.7145101,
            -7.332718
          ]
        ]
      },
      "properties": {
        "id": "osm:way:778061172",
        "name": "Way #778061172",
        "highway": "motorway_link",
        "restriction_type": "PROHIBITED_TOLL_ROAD",
        "metadata": {
          "destination": "Jambangan;Menanggal",
          "destination:ref": "1",
          "highway": "motorway_link",
          "motorcycle": "no",
          "oneway": "yes",
          "toll": "yes"
        }
      }
    },
    {
      "type": "Feature",
      "geometry": {
        "type": "LineString",
        "coordinates": [
          [
            112.7045653,
            -7.2887109
          ],
          [
            112.7050987,
            -7.2885877
          ],
          [
            112.7054759,
            -7.2884762
          ]
        ]
      },
      "properties": {
        "id": "osm:way:778479022",
        "name": "Way #778479022",
        "highway": "motorway_link",
        "restriction_type": "PROHIBITED_TOLL_ROAD",
        "metadata": {
          "description": "diverging diamond interchange",
          "destination": "Wonokromo",
          "highway": "motorway_link",
          "motorcycle": "no",
          "note": "Simpang Susun Kota Satelit",
          "oneway": "yes",
          "toll": "no"
        }
      }
    },
    {
      "type": "Feature",
      "geometry": {
        "type": "LineString",
        "coordinates": [
          [
            112.708113,
            -7.3086921
          ],
          [
            112.707985,
            -7.3086564
          ]
        ]
      },
      "properties": {
        "id": "osm:way:778481321",
        "name": "Jalan Tol Surabaya–Gempol",
        "highway": "motorway",
        "restriction_type": "PROHIBITED_TOLL_ROAD",
        "metadata": {
          "highway": "motorway",
          "int_ref": "AH2",
          "motorcycle": "no",
          "name": "Jalan Tol Surabaya–Gempol",
          "oneway": "yes",
          "operator": "PT Jasamarga Surabaya-Gempol",
          "ref": "8",
          "short_name": "Jalan Tol Surgem",
          "toll": "yes"
        }
      }
    },
    {
      "type": "Feature",
      "geometry": {
        "type": "LineString",
        "coordinates": [
          [
            112.6777971,
            -7.3400506
          ],
          [
            112.6786619,
            -7.3396746
          ],
          [
            112.6789141,
            -7.3395708
          ],
          [
            112.6792279,
            -7.3394564
          ],
          [
            112.6795149,
            -7.3393926
          ],
          [
            112.6797482,
            -7.3393633
          ],
          [
            112.6799774,
            -7.3393494
          ],
          [
            112.6803748,
            -7.3393475
          ],
          [
            112.6809388,
            -7.3393469
          ]
        ]
      },
      "properties": {
        "id": "osm:way:779522964",
        "name": "Way #779522964",
        "highway": "motorway_link",
        "restriction_type": "PROHIBITED_TOLL_ROAD",
        "metadata": {
          "highway": "motorway_link",
          "motorcycle": "no",
          "oneway": "yes",
          "toll": "yes"
        }
      }
    },
    {
      "type": "Feature",
      "geometry": {
        "type": "LineString",
        "coordinates": [
          [
            112.6804134,
            -7.3395575
          ],
          [
            112.6803223,
            -7.3396879
          ],
          [
            112.680157,
            -7.3399616
          ]
        ]
      },
      "properties": {
        "id": "osm:way:780064370",
        "name": "Way #780064370",
        "highway": "motorway_link",
        "restriction_type": "PROHIBITED_TOLL_ROAD",
        "metadata": {
          "highway": "motorway_link",
          "motorcycle": "no",
          "oneway": "yes"
        }
      }
    },
    {
      "type": "Feature",
      "geometry": {
        "type": "LineString",
        "coordinates": [
          [
            112.7133632,
            -7.2403369
          ],
          [
            112.7132853,
            -7.2406791
          ],
          [
            112.7132463,
            -7.2409186
          ],
          [
            112.7132209,
            -7.2410223
          ],
          [
            112.7131484,
            -7.2411679
          ],
          [
            112.7130063,
            -7.2413868
          ],
          [
            112.7128668,
            -7.2415039
          ],
          [
            112.7126563,
            -7.2415611
          ],
          [
            112.7125638,
            -7.241605
          ],
          [
            112.7124524,
            -7.2416981
          ],
          [
            112.7122445,
            -7.241939
          ],
          [
            112.712156,
            -7.2420613
          ],
          [
            112.7120903,
            -7.2421984
          ]
        ]
      },
      "properties": {
        "id": "osm:way:804453702",
        "name": "Simpang Susun Dupak",
        "highway": "motorway_link",
        "restriction_type": "PROHIBITED_TOLL_ROAD",
        "metadata": {
          "destination": "Pasar Turi;Gresik",
          "destination:ref": "AH2;8",
          "highway": "motorway_link",
          "motorcycle": "no",
          "name": "Simpang Susun Dupak",
          "oneway": "yes",
          "toll": "yes"
        }
      }
    },
    {
      "type": "Feature",
      "geometry": {
        "type": "LineString",
        "coordinates": [
          [
            112.7092389,
            -7.2472393
          ],
          [
            112.7092579,
            -7.2468894
          ],
          [
            112.7092998,
            -7.2465943
          ],
          [
            112.7094057,
            -7.2461137
          ],
          [
            112.7095414,
            -7.2455593
          ]
        ]
      },
      "properties": {
        "id": "osm:way:804455954",
        "name": "Simpang Susun Dupak",
        "highway": "motorway_link",
        "restriction_type": "PROHIBITED_TOLL_ROAD",
        "metadata": {
          "destination": "Gresik;Pasar Turi",
          "destination:ref": "1;8",
          "highway": "motorway_link",
          "lanes": "3",
          "motorcycle": "no",
          "name": "Simpang Susun Dupak",
          "oneway": "yes",
          "toll": "yes"
        }
      }
    },
    {
      "type": "Feature",
      "geometry": {
        "type": "LineString",
        "coordinates": [
          [
            112.7107285,
            -7.2433407
          ],
          [
            112.7120796,
            -7.2416228
          ]
        ]
      },
      "properties": {
        "id": "osm:way:804455955",
        "name": "Simpang Susun Dupak",
        "highway": "motorway_link",
        "restriction_type": "PROHIBITED_TOLL_ROAD",
        "metadata": {
          "destination": "Tanjung Perak",
          "destination:ref": "8",
          "highway": "motorway_link",
          "lanes": "3",
          "motorcycle": "no",
          "name": "Simpang Susun Dupak",
          "oneway": "yes",
          "toll": "yes"
        }
      }
    },
    {
      "type": "Feature",
      "geometry": {
        "type": "LineString",
        "coordinates": [
          [
            112.7106524,
            -7.2441742
          ],
          [
            112.7102289,
            -7.2449262
          ],
          [
            112.7100652,
            -7.245245
          ],
          [
            112.7099496,
            -7.2455045
          ],
          [
            112.70986,
            -7.2457605
          ],
          [
            112.7097957,
            -7.2460153
          ],
          [
            112.7096984,
            -7.2465105
          ]
        ]
      },
      "properties": {
        "id": "osm:way:804456682",
        "name": "Simpang Susun Dupak",
        "highway": "motorway_link",
        "restriction_type": "PROHIBITED_TOLL_ROAD",
        "metadata": {
          "destination": "Banyu Urip;Kota Satelit;Malang",
          "destination:ref": "8",
          "highway": "motorway_link",
          "lanes": "3",
          "motorcycle": "no",
          "name": "Simpang Susun Dupak",
          "oneway": "yes",
          "toll": "yes"
        }
      }
    },
    {
      "type": "Feature",
      "geometry": {
        "type": "LineString",
        "coordinates": [
          [
            112.7045653,
            -7.2887109
          ],
          [
            112.7047397,
            -7.288646
          ],
          [
            112.7048255,
            -7.2885812
          ],
          [
            112.7048678,
            -7.2885267
          ],
          [
            112.7048986,
            -7.2884522
          ],
          [
            112.7049184,
            -7.288315
          ],
          [
            112.7048926,
            -7.2882117
          ],
          [
            112.7047933,
            -7.2880305
          ]
        ]
      },
      "properties": {
        "id": "osm:way:804461035",
        "name": "Way #804461035",
        "highway": "motorway_link",
        "restriction_type": "PROHIBITED_TOLL_ROAD",
        "metadata": {
          "destination": "Kota Satelit;Darmo",
          "highway": "motorway_link",
          "motorcycle": "no",
          "note": "Simpang Susun Kota Satelit",
          "oneway": "yes",
          "toll": "no"
        }
      }
    },
    {
      "type": "Feature",
      "geometry": {
        "type": "LineString",
        "coordinates": [
          [
            112.7006788,
            -7.2906964
          ],
          [
            112.7006015,
            -7.2907006
          ],
          [
            112.7004545,
            -7.2906904
          ],
          [
            112.7003738,
            -7.2906831
          ],
          [
            112.7001787,
            -7.290669
          ],
          [
            112.7000586,
            -7.2906647
          ],
          [
            112.6997668,
            -7.2906647
          ],
          [
            112.699535,
            -7.2906988
          ],
          [
            112.6993033,
            -7.2907754
          ],
          [
            112.6991144,
            -7.2908946
          ],
          [
            112.6989256,
            -7.2910734
          ],
          [
            112.6987282,
            -7.2913203
          ],
          [
            112.6983035,
            -7.292154
          ]
        ]
      },
      "properties": {
        "id": "osm:way:804462405",
        "name": "Way #804462405",
        "highway": "motorway_link",
        "restriction_type": "PROHIBITED_TOLL_ROAD",
        "metadata": {
          "destination": "Gunung Sari;Jambangan;Malang;Pasuruan",
          "destination:ref": "8",
          "highway": "motorway_link",
          "motorcycle": "no",
          "note": "Simpang Susun Kota Satelit",
          "oneway": "yes",
          "toll": "yes"
        }
      }
    },
    {
      "type": "Feature",
      "geometry": {
        "type": "LineString",
        "coordinates": [
          [
            112.7098149,
            -7.3460343
          ],
          [
            112.7097058,
            -7.3458356
          ]
        ]
      },
      "properties": {
        "id": "osm:way:808508712",
        "name": "Way #808508712",
        "highway": "motorway_link",
        "restriction_type": "PROHIBITED_TOLL_ROAD",
        "metadata": {
          "destination": "Waru;Juanda",
          "destination:ref": "AH2",
          "highway": "motorway_link",
          "oneway": "yes",
          "toll": "yes"
        }
      }
    },
    {
      "type": "Feature",
      "geometry": {
        "type": "LineString",
        "coordinates": [
          [
            112.7100589,
            -7.3495245
          ],
          [
            112.7101039,
            -7.3490926
          ],
          [
            112.7101273,
            -7.348779
          ],
          [
            112.7101371,
            -7.3483315
          ],
          [
            112.7101308,
            -7.3479546
          ],
          [
            112.7101336,
            -7.347594
          ]
        ]
      },
      "properties": {
        "id": "osm:way:808508713",
        "name": "Way #808508713",
        "highway": "motorway_link",
        "restriction_type": "PROHIBITED_TOLL_ROAD",
        "metadata": {
          "destination": "Waru;Bandara Juanda;Mojokerto",
          "destination:ref": "AH2;15",
          "destination:symbol": "airport",
          "highway": "motorway_link",
          "motorcycle": "no",
          "oneway": "yes",
          "toll": "yes"
        }
      }
    },
    {
      "type": "Feature",
      "geometry": {
        "type": "LineString",
        "coordinates": [
          [
            112.7059561,
            -7.3432249
          ],
          [
            112.7060124,
            -7.343226
          ],
          [
            112.70756,
            -7.343266
          ],
          [
            112.7076942,
            -7.3432553
          ],
          [
            112.7080475,
            -7.3431879
          ],
          [
            112.7086115,
            -7.3430451
          ],
          [
            112.7088356,
            -7.3430007
          ],
          [
            112.7090192,
            -7.3429812
          ],
          [
            112.709236,
            -7.3429831
          ]
        ]
      },
      "properties": {
        "id": "osm:way:808512517",
        "name": "Way #808512517",
        "highway": "motorway_link",
        "restriction_type": "PROHIBITED_TOLL_ROAD",
        "metadata": {
          "destination": "Surabaya;Gresik;Pasuran;Malang",
          "destination:ref": "8",
          "highway": "motorway_link",
          "lanes": "2",
          "motorcycle": "no",
          "oneway": "yes",
          "toll": "yes"
        }
      }
    },
    {
      "type": "Feature",
      "geometry": {
        "type": "LineString",
        "coordinates": [
          [
            112.71272,
            -7.341035
          ],
          [
            112.7126482,
            -7.3411178
          ],
          [
            112.7125704,
            -7.3413545
          ],
          [
            112.7125443,
            -7.3414337
          ],
          [
            112.7125356,
            -7.3414649
          ],
          [
            112.7124014,
            -7.3419424
          ],
          [
            112.7123813,
            -7.342247
          ],
          [
            112.7124377,
            -7.3424931
          ],
          [
            112.7125932,
            -7.3427458
          ],
          [
            112.7128399,
            -7.3430672
          ],
          [
            112.7130277,
            -7.3433124
          ],
          [
            112.7130814,
            -7.3434102
          ],
          [
            112.7131183,
            -7.343486
          ],
          [
            112.7131572,
            -7.3435838
          ],
          [
            112.7132155,
            -7.3437607
          ],
          [
            112.7133087,
            -7.344036
          ],
          [
            112.7133375,
            -7.3441072
          ],
          [
            112.7133838,
            -7.3441896
          ],
          [
            112.7134348,
            -7.3442561
          ],
          [
            112.7135407,
            -7.3443459
          ],
          [
            112.7136554,
            -7.3444184
          ],
          [
            112.7138344,
            -7.3445069
          ],
          [
            112.7142034,
            -7.344679
          ]
        ]
      },
      "properties": {
        "id": "osm:way:808515603",
        "name": "Way #808515603",
        "highway": "motorway_link",
        "restriction_type": "PROHIBITED_TOLL_ROAD",
        "metadata": {
          "destination": "Menanggal;Juanda;Lewat Jalan Tol",
          "destination:ref": "AH2",
          "highway": "motorway_link",
          "motorcycle": "no",
          "oneway": "yes",
          "toll": "yes"
        }
      }
    },
    {
      "type": "Feature",
      "geometry": {
        "type": "LineString",
        "coordinates": [
          [
            112.7113696,
            -7.3089596
          ],
          [
            112.7113992,
            -7.3089803
          ]
        ]
      },
      "properties": {
        "id": "osm:way:808570475",
        "name": "Way #808570475",
        "highway": "motorway_link",
        "restriction_type": "PROHIBITED_TOLL_ROAD",
        "metadata": {
          "destination": "Gunung Sari;Wonokromo;Karang Pilang",
          "destination:ref": "1",
          "highway": "motorway_link",
          "motorcycle": "no",
          "oneway": "yes",
          "toll": "yes"
        }
      }
    },
    {
      "type": "Feature",
      "geometry": {
        "type": "LineString",
        "coordinates": [
          [
            112.7187952,
            -7.34651
          ],
          [
            112.7184954,
            -7.3464774
          ]
        ]
      },
      "properties": {
        "id": "osm:way:819406903",
        "name": "Jalan Tol Waru–Juanda",
        "highway": "motorway",
        "restriction_type": "PROHIBITED_TOLL_ROAD",
        "metadata": {
          "highway": "motorway",
          "int_ref": "AH2",
          "motorcycle": "no",
          "name": "Jalan Tol Waru–Juanda",
          "oneway": "yes",
          "operator": "PT Citra Marga Surabaya",
          "ref": "11",
          "toll": "yes"
        }
      }
    },
    {
      "type": "Feature",
      "geometry": {
        "type": "LineString",
        "coordinates": [
          [
            112.7187952,
            -7.34651
          ],
          [
            112.7186114,
            -7.346526
          ],
          [
            112.7184847,
            -7.3465226
          ]
        ]
      },
      "properties": {
        "id": "osm:way:819406904",
        "name": "Way #819406904",
        "highway": "motorway_link",
        "restriction_type": "PROHIBITED_TOLL_ROAD",
        "metadata": {
          "destination": "Waru;Wonokromo;Taman",
          "destination:ref": "8",
          "highway": "motorway_link",
          "motorcycle": "no",
          "oneway": "yes",
          "toll": "yes"
        }
      }
    },
    {
      "type": "Feature",
      "geometry": {
        "type": "LineString",
        "coordinates": [
          [
            112.7112948,
            -7.3466411
          ],
          [
            112.7112458,
            -7.346656
          ],
          [
            112.7111948,
            -7.3466604
          ],
          [
            112.711144,
            -7.3466538
          ],
          [
            112.7110957,
            -7.3466367
          ],
          [
            112.7110523,
            -7.3466098
          ],
          [
            112.7110156,
            -7.3465743
          ]
        ]
      },
      "properties": {
        "id": "osm:way:819691463",
        "name": "Way #819691463",
        "highway": "service",
        "restriction_type": "PROHIBITED_TOLL_ROAD",
        "metadata": {
          "bicycle": "no",
          "foot": "no",
          "highway": "service",
          "horse": "no",
          "toll": "yes"
        }
      }
    },
    {
      "type": "Feature",
      "geometry": {
        "type": "LineString",
        "coordinates": [
          [
            112.6854386,
            -7.241339
          ],
          [
            112.6850429,
            -7.2413097
          ],
          [
            112.6847063,
            -7.2412218
          ]
        ]
      },
      "properties": {
        "id": "osm:way:829899516",
        "name": "Ramp Tandes",
        "highway": "motorway_link",
        "restriction_type": "PROHIBITED_TOLL_ROAD",
        "metadata": {
          "highway": "motorway_link",
          "name": "Ramp Tandes",
          "oneway": "yes",
          "toll": "yes"
        }
      }
    },
    {
      "type": "Feature",
      "geometry": {
        "type": "LineString",
        "coordinates": [
          [
            112.6465029,
            -7.2006346
          ],
          [
            112.6465184,
            -7.2007792
          ],
          [
            112.6465032,
            -7.2008941
          ],
          [
            112.6464599,
            -7.2010299
          ]
        ]
      },
      "properties": {
        "id": "osm:way:829902008",
        "name": "Simpang Susun Romokalisari",
        "highway": "motorway_link",
        "restriction_type": "PROHIBITED_TOLL_ROAD",
        "metadata": {
          "highway": "motorway_link",
          "lanes": "1",
          "motorcycle": "no",
          "name": "Simpang Susun Romokalisari",
          "oneway": "yes",
          "toll": "yes"
        }
      }
    },
    {
      "type": "Feature",
      "geometry": {
        "type": "LineString",
        "coordinates": [
          [
            112.6462215,
            -7.2016508
          ],
          [
            112.6462036,
            -7.201774
          ],
          [
            112.6461896,
            -7.2022612
          ],
          [
            112.646164,
            -7.2024006
          ],
          [
            112.6461449,
            -7.2024513
          ],
          [
            112.646057,
            -7.2025904
          ]
        ]
      },
      "properties": {
        "id": "osm:way:829902009",
        "name": "Simpang Susun Romokalisari",
        "highway": "motorway_link",
        "restriction_type": "PROHIBITED_TOLL_ROAD",
        "metadata": {
          "highway": "motorway_link",
          "lanes": "1",
          "motorcycle": "no",
          "name": "Simpang Susun Romokalisari",
          "oneway": "yes",
          "toll": "yes"
        }
      }
    },
    {
      "type": "Feature",
      "geometry": {
        "type": "LineString",
        "coordinates": [
          [
            112.7096742,
            -7.2466316
          ],
          [
            112.7095781,
            -7.2470164
          ],
          [
            112.7093319,
            -7.247774
          ]
        ]
      },
      "properties": {
        "id": "osm:way:831449885",
        "name": "Simpang Susun Dupak",
        "highway": "motorway_link",
        "restriction_type": "PROHIBITED_TOLL_ROAD",
        "metadata": {
          "destination": "Banyu Urip;Kota Satelit;Malang",
          "destination:ref": "8",
          "highway": "motorway_link",
          "lanes": "3",
          "motorcycle": "no",
          "name": "Simpang Susun Dupak",
          "oneway": "yes",
          "toll": "yes"
        }
      }
    },
    {
      "type": "Feature",
      "geometry": {
        "type": "LineString",
        "coordinates": [
          [
            112.7096984,
            -7.2465105
          ],
          [
            112.7096805,
            -7.2465916
          ],
          [
            112.7096742,
            -7.2466316
          ]
        ]
      },
      "properties": {
        "id": "osm:way:831449886",
        "name": "Simpang Susun Dupak",
        "highway": "motorway_link",
        "restriction_type": "PROHIBITED_TOLL_ROAD",
        "metadata": {
          "covered": "yes",
          "destination": "Banyu Urip;Kota Satelit;Malang",
          "destination:ref": "8",
          "highway": "motorway_link",
          "lanes": "3",
          "name": "Simpang Susun Dupak",
          "oneway": "yes",
          "toll": "yes"
        }
      }
    },
    {
      "type": "Feature",
      "geometry": {
        "type": "LineString",
        "coordinates": [
          [
            112.7106095,
            -7.3476986
          ],
          [
            112.7105988,
            -7.3477473
          ]
        ]
      },
      "properties": {
        "id": "osm:way:831507951",
        "name": "Jalan Tol Surabaya–Gempol",
        "highway": "motorway",
        "restriction_type": "PROHIBITED_TOLL_ROAD",
        "metadata": {
          "covered": "yes",
          "highway": "motorway",
          "int_ref": "AH2",
          "name": "Jalan Tol Surabaya–Gempol",
          "oneway": "yes",
          "operator": "PT Jasamarga Surabaya-Gempol",
          "ref": "8",
          "short_name": "Jalan Tol Surgem",
          "toll": "yes"
        }
      }
    },
    {
      "type": "Feature",
      "geometry": {
        "type": "LineString",
        "coordinates": [
          [
            112.7106289,
            -7.3476189
          ],
          [
            112.7106095,
            -7.3476986
          ]
        ]
      },
      "properties": {
        "id": "osm:way:831507952",
        "name": "Jalan Tol Surabaya–Gempol",
        "highway": "motorway",
        "restriction_type": "PROHIBITED_TOLL_ROAD",
        "metadata": {
          "covered": "yes",
          "highway": "motorway",
          "int_ref": "AH2",
          "lanes": "3",
          "maxheight": "4.2",
          "maxspeed": "80",
          "motorcycle": "no",
          "name": "Jalan Tol Surabaya–Gempol",
          "oneway": "yes",
          "operator": "PT Jasamarga Surabaya-Gempol",
          "ref": "8",
          "short_name": "Jalan Tol Surgem",
          "surface": "asphalt",
          "toll": "yes"
        }
      }
    },
    {
      "type": "Feature",
      "geometry": {
        "type": "LineString",
        "coordinates": [
          [
            112.7104795,
            -7.3476568
          ],
          [
            112.7104955,
            -7.3475892
          ]
        ]
      },
      "properties": {
        "id": "osm:way:831507953",
        "name": "Jalan Tol Surabaya–Gempol",
        "highway": "motorway",
        "restriction_type": "PROHIBITED_TOLL_ROAD",
        "metadata": {
          "covered": "yes",
          "highway": "motorway",
          "int_ref": "AH2",
          "lanes": "3",
          "maxheight": "4.2",
          "maxspeed": "80",
          "motorcycle": "no",
          "name": "Jalan Tol Surabaya–Gempol",
          "oneway": "yes",
          "operator": "PT Jasamarga Surabaya-Gempol",
          "ref": "8",
          "short_name": "Jalan Tol Surgem",
          "surface": "asphalt",
          "toll": "yes"
        }
      }
    },
    {
      "type": "Feature",
      "geometry": {
        "type": "LineString",
        "coordinates": [
          [
            112.7104664,
            -7.3477178
          ],
          [
            112.7104795,
            -7.3476568
          ]
        ]
      },
      "properties": {
        "id": "osm:way:831507954",
        "name": "Jalan Tol Surabaya–Gempol",
        "highway": "motorway",
        "restriction_type": "PROHIBITED_TOLL_ROAD",
        "metadata": {
          "covered": "yes",
          "highway": "motorway",
          "int_ref": "AH2",
          "name": "Jalan Tol Surabaya–Gempol",
          "oneway": "yes",
          "operator": "PT Jasamarga Surabaya-Gempol",
          "ref": "8",
          "short_name": "Jalan Tol Surgem",
          "toll": "yes"
        }
      }
    },
    {
      "type": "Feature",
      "geometry": {
        "type": "LineString",
        "coordinates": [
          [
            112.7837713,
            -7.3461924
          ],
          [
            112.7837665,
            -7.346191
          ],
          [
            112.78319,
            -7.3460179
          ]
        ]
      },
      "properties": {
        "id": "osm:way:836501593",
        "name": "Way #836501593",
        "highway": "motorway_link",
        "restriction_type": "PROHIBITED_TOLL_ROAD",
        "metadata": {
          "bridge": "yes",
          "destination": "Waru;Gresik;Mojokerto",
          "destination:ref": "AH2",
          "highway": "motorway_link",
          "lanes": "1",
          "layer": "1",
          "maxspeed": "40",
          "motorcycle": "no",
          "oneway": "yes",
          "surface": "asphalt",
          "toll": "yes"
        }
      }
    },
    {
      "type": "Feature",
      "geometry": {
        "type": "LineString",
        "coordinates": [
          [
            112.7839111,
            -7.3462332
          ],
          [
            112.7837713,
            -7.3461924
          ]
        ]
      },
      "properties": {
        "id": "osm:way:836501594",
        "name": "Way #836501594",
        "highway": "motorway_link",
        "restriction_type": "PROHIBITED_TOLL_ROAD",
        "metadata": {
          "bridge": "yes",
          "covered": "yes",
          "destination": "Waru;Gresik;Mojokerto",
          "destination:ref": "AH2",
          "highway": "motorway_link",
          "lanes": "1",
          "layer": "1",
          "maxheight": "4.2",
          "maxspeed": "40",
          "motorcycle": "no",
          "oneway": "yes",
          "surface": "asphalt",
          "toll": "yes"
        }
      }
    },
    {
      "type": "Feature",
      "geometry": {
        "type": "LineString",
        "coordinates": [
          [
            112.7857532,
            -7.3466563
          ],
          [
            112.7856863,
            -7.3466172
          ],
          [
            112.7855372,
            -7.3465532
          ],
          [
            112.7847789,
            -7.3464016
          ]
        ]
      },
      "properties": {
        "id": "osm:way:841345951",
        "name": "Way #841345951",
        "highway": "motorway_link",
        "restriction_type": "PROHIBITED_TOLL_ROAD",
        "metadata": {
          "destination": "Waru;Gresik;Mojokerto",
          "destination:ref": "AH2",
          "highway": "motorway_link",
          "lanes": "1",
          "maxspeed": "40",
          "motorcycle": "no",
          "oneway": "yes",
          "surface": "asphalt",
          "toll": "yes"
        }
      }
    },
    {
      "type": "Feature",
      "geometry": {
        "type": "LineString",
        "coordinates": [
          [
            112.7097058,
            -7.3458356
          ],
          [
            112.7094854,
            -7.3454466
          ]
        ]
      },
      "properties": {
        "id": "osm:way:847413239",
        "name": "Way #847413239",
        "highway": "motorway_link",
        "restriction_type": "PROHIBITED_TOLL_ROAD",
        "metadata": {
          "destination": "Waru;Juanda",
          "destination:ref": "AH2",
          "highway": "motorway_link",
          "oneway": "yes",
          "toll": "yes"
        }
      }
    },
    {
      "type": "Feature",
      "geometry": {
        "type": "LineString",
        "coordinates": [
          [
            112.6857551,
            -7.2413628
          ],
          [
            112.6854386,
            -7.241339
          ]
        ]
      },
      "properties": {
        "id": "osm:way:847823426",
        "name": "Ramp Tandes",
        "highway": "motorway_link",
        "restriction_type": "PROHIBITED_TOLL_ROAD",
        "metadata": {
          "highway": "motorway_link",
          "name": "Ramp Tandes",
          "oneway": "yes",
          "toll": "yes"
        }
      }
    },
    {
      "type": "Feature",
      "geometry": {
        "type": "LineString",
        "coordinates": [
          [
            112.6847063,
            -7.2412218
          ],
          [
            112.6842705,
            -7.2410888
          ],
          [
            112.6837182,
            -7.2408988
          ]
        ]
      },
      "properties": {
        "id": "osm:way:847823427",
        "name": "Ramp Tandes",
        "highway": "motorway_link",
        "restriction_type": "PROHIBITED_TOLL_ROAD",
        "metadata": {
          "highway": "motorway_link",
          "name": "Ramp Tandes",
          "oneway": "yes",
          "toll": "yes"
        }
      }
    },
    {
      "type": "Feature",
      "geometry": {
        "type": "LineString",
        "coordinates": [
          [
            112.6464599,
            -7.2010299
          ],
          [
            112.6463916,
            -7.2011994
          ],
          [
            112.6462864,
            -7.2014618
          ]
        ]
      },
      "properties": {
        "id": "osm:way:847823731",
        "name": "Simpang Susun Romokalisari",
        "highway": "motorway_link",
        "restriction_type": "PROHIBITED_TOLL_ROAD",
        "metadata": {
          "highway": "motorway_link",
          "lanes": "1",
          "motorcycle": "no",
          "name": "Simpang Susun Romokalisari",
          "oneway": "yes",
          "toll": "yes"
        }
      }
    },
    {
      "type": "Feature",
      "geometry": {
        "type": "LineString",
        "coordinates": [
          [
            112.6462864,
            -7.2014618
          ],
          [
            112.6462215,
            -7.2016508
          ]
        ]
      },
      "properties": {
        "id": "osm:way:847824324",
        "name": "Simpang Susun Romokalisari",
        "highway": "motorway_link",
        "restriction_type": "PROHIBITED_TOLL_ROAD",
        "metadata": {
          "highway": "motorway_link",
          "lanes": "2",
          "motorcycle": "no",
          "name": "Simpang Susun Romokalisari",
          "oneway": "yes",
          "toll": "yes"
        }
      }
    },
    {
      "type": "Feature",
      "geometry": {
        "type": "LineString",
        "coordinates": [
          [
            112.6430174,
            -7.2135547
          ],
          [
            112.643492,
            -7.2130947
          ]
        ]
      },
      "properties": {
        "id": "osm:way:857670322",
        "name": "Simpang Susun Romokalisari",
        "highway": "motorway_link",
        "restriction_type": "PROHIBITED_TOLL_ROAD",
        "metadata": {
          "access": "no",
          "bridge": "yes",
          "highway": "motorway_link",
          "layer": "1",
          "motorcycle": "no",
          "name": "Simpang Susun Romokalisari",
          "oneway": "yes"
        }
      }
    },
    {
      "type": "Feature",
      "geometry": {
        "type": "LineString",
        "coordinates": [
          [
            112.6435572,
            -7.2131539
          ],
          [
            112.6430761,
            -7.2136211
          ]
        ]
      },
      "properties": {
        "id": "osm:way:857670323",
        "name": "Simpang Susun Romokalisari",
        "highway": "motorway_link",
        "restriction_type": "PROHIBITED_TOLL_ROAD",
        "metadata": {
          "access": "no",
          "bridge": "yes",
          "highway": "motorway_link",
          "layer": "1",
          "name": "Simpang Susun Romokalisari",
          "oneway": "yes"
        }
      }
    },
    {
      "type": "Feature",
      "geometry": {
        "type": "LineString",
        "coordinates": [
          [
            112.6397261,
            -7.2244501
          ],
          [
            112.6399417,
            -7.2237307
          ],
          [
            112.6399745,
            -7.2235562
          ],
          [
            112.6399934,
            -7.2233493
          ],
          [
            112.6400235,
            -7.2199127
          ],
          [
            112.6400302,
            -7.2178011
          ],
          [
            112.640085,
            -7.2173592
          ],
          [
            112.640178,
            -7.2169901
          ],
          [
            112.6403442,
            -7.2165067
          ],
          [
            112.6405354,
            -7.2160952
          ],
          [
            112.6408264,
            -7.2157455
          ],
          [
            112.6411058,
            -7.2154046
          ],
          [
            112.6430174,
            -7.2135547
          ]
        ]
      },
      "properties": {
        "id": "osm:way:857670324",
        "name": "Simpang Susun Romokalisari",
        "highway": "motorway_link",
        "restriction_type": "PROHIBITED_TOLL_ROAD",
        "metadata": {
          "access": "no",
          "destination": "Gresik;Kota Surabaya;Kota Malang",
          "destination:ref": "8",
          "highway": "motorway_link",
          "motorcycle": "no",
          "name": "Simpang Susun Romokalisari",
          "oneway": "yes"
        }
      }
    },
    {
      "type": "Feature",
      "geometry": {
        "type": "LineString",
        "coordinates": [
          [
            112.6430761,
            -7.2136211
          ],
          [
            112.6411587,
            -7.2154823
          ],
          [
            112.6409503,
            -7.2157179
          ],
          [
            112.6408209,
            -7.2158789
          ],
          [
            112.6406502,
            -7.2161671
          ]
        ]
      },
      "properties": {
        "id": "osm:way:857670325",
        "name": "Simpang Susun Romokalisari",
        "highway": "motorway_link",
        "restriction_type": "PROHIBITED_TOLL_ROAD",
        "metadata": {
          "access": "no",
          "highway": "motorway_link",
          "name": "Simpang Susun Romokalisari",
          "oneway": "yes"
        }
      }
    },
    {
      "type": "Feature",
      "geometry": {
        "type": "LineString",
        "coordinates": [
          [
            112.6416873,
            -7.2107598
          ],
          [
            112.6421254,
            -7.2112852
          ],
          [
            112.6422657,
            -7.2114113
          ],
          [
            112.6424426,
            -7.211509
          ],
          [
            112.6426327,
            -7.2115655
          ],
          [
            112.6428265,
            -7.2115802
          ],
          [
            112.6430361,
            -7.2115547
          ],
          [
            112.6434016,
            -7.2114891
          ],
          [
            112.6435971,
            -7.2114857
          ],
          [
            112.6437306,
            -7.2115089
          ],
          [
            112.643879,
            -7.2115713
          ],
          [
            112.6440183,
            -7.2116787
          ],
          [
            112.6441125,
            -7.2117989
          ],
          [
            112.6441999,
            -7.2119889
          ],
          [
            112.6442262,
            -7.2121752
          ],
          [
            112.6441987,
            -7.212377
          ],
          [
            112.6441163,
            -7.212545
          ],
          [
            112.6440036,
            -7.2127036
          ],
          [
            112.6438342,
            -7.212885
          ],
          [
            112.6435572,
            -7.2131539
          ]
        ]
      },
      "properties": {
        "id": "osm:way:857670326",
        "name": "Simpang Susun Romokalisari",
        "highway": "motorway_link",
        "restriction_type": "PROHIBITED_TOLL_ROAD",
        "metadata": {
          "access": "no",
          "highway": "motorway_link",
          "name": "Simpang Susun Romokalisari",
          "oneway": "yes"
        }
      }
    },
    {
      "type": "Feature",
      "geometry": {
        "type": "LineString",
        "coordinates": [
          [
            112.643492,
            -7.2130947
          ],
          [
            112.6437763,
            -7.2128191
          ],
          [
            112.6439442,
            -7.2126482
          ],
          [
            112.6440531,
            -7.2124921
          ],
          [
            112.6441282,
            -7.2123307
          ],
          [
            112.6441569,
            -7.2121611
          ],
          [
            112.6441298,
            -7.2120057
          ],
          [
            112.6440523,
            -7.2118395
          ],
          [
            112.6439632,
            -7.2117331
          ],
          [
            112.6438608,
            -7.2116503
          ],
          [
            112.6437246,
            -7.2115878
          ],
          [
            112.6435609,
            -7.2115528
          ],
          [
            112.6433918,
            -7.2115599
          ],
          [
            112.6432504,
            -7.2116323
          ],
          [
            112.6431092,
            -7.2117468
          ],
          [
            112.6430145,
            -7.2118693
          ],
          [
            112.6429543,
            -7.2120022
          ],
          [
            112.6429337,
            -7.2121631
          ],
          [
            112.6429518,
            -7.2122984
          ],
          [
            112.6430057,
            -7.2124603
          ],
          [
            112.6431007,
            -7.2126383
          ],
          [
            112.6450014,
            -7.2152173
          ],
          [
            112.6452193,
            -7.2155762
          ]
        ]
      },
      "properties": {
        "id": "osm:way:857670327",
        "name": "Simpang Susun Romokalisari",
        "highway": "motorway_link",
        "restriction_type": "PROHIBITED_TOLL_ROAD",
        "metadata": {
          "access": "no",
          "highway": "motorway_link",
          "motorcycle": "no",
          "name": "Simpang Susun Romokalisari",
          "oneway": "yes"
        }
      }
    },
    {
      "type": "Feature",
      "geometry": {
        "type": "LineString",
        "coordinates": [
          [
            112.577261,
            -7.2173317
          ],
          [
            112.5774153,
            -7.2173068
          ],
          [
            112.5775874,
            -7.2172454
          ],
          [
            112.5777337,
            -7.2171626
          ],
          [
            112.5778437,
            -7.2170666
          ],
          [
            112.5779485,
            -7.2169554
          ],
          [
            112.5781689,
            -7.2166771
          ],
          [
            112.5786378,
            -7.2160393
          ],
          [
            112.5794379,
            -7.2149609
          ],
          [
            112.5799542,
            -7.2143105
          ],
          [
            112.580068,
            -7.2141671
          ]
        ]
      },
      "properties": {
        "id": "osm:way:859653158",
        "name": "Simpang Susun Cerme",
        "highway": "motorway_link",
        "restriction_type": "PROHIBITED_TOLL_ROAD",
        "metadata": {
          "bridge": "yes",
          "highway": "motorway_link",
          "layer": "1",
          "name": "Simpang Susun Cerme",
          "oneway": "yes",
          "toll": "yes"
        }
      }
    },
    {
      "type": "Feature",
      "geometry": {
        "type": "LineString",
        "coordinates": [
          [
            112.6465181,
            -7.2176272
          ],
          [
            112.6468547,
            -7.2181147
          ]
        ]
      },
      "properties": {
        "id": "osm:way:884591075",
        "name": "Jalan Tol Surabaya - Gresik",
        "highway": "motorway",
        "restriction_type": "PROHIBITED_TOLL_ROAD",
        "metadata": {
          "highway": "motorway",
          "motorcycle": "no",
          "name": "Jalan Tol Surabaya - Gresik",
          "oneway": "yes",
          "operator": "PT. Margabumi Matra Jaya",
          "ref": "8",
          "toll": "yes"
        }
      }
    },
    {
      "type": "Feature",
      "geometry": {
        "type": "LineString",
        "coordinates": [
          [
            112.6459014,
            -7.2022951
          ],
          [
            112.6458897,
            -7.201991
          ]
        ]
      },
      "properties": {
        "id": "osm:way:885379077",
        "name": "Simpang Susun Romokalisari",
        "highway": "motorway_link",
        "restriction_type": "PROHIBITED_TOLL_ROAD",
        "metadata": {
          "highway": "motorway_link",
          "lanes": "5",
          "motorcycle": "no",
          "name": "Simpang Susun Romokalisari",
          "oneway": "yes",
          "source": "Bing",
          "toll": "yes"
        }
      }
    },
    {
      "type": "Feature",
      "geometry": {
        "type": "LineString",
        "coordinates": [
          [
            112.7127043,
            -7.2412539
          ],
          [
            112.7126189,
            -7.2413653
          ]
        ]
      },
      "properties": {
        "id": "osm:way:885384984",
        "name": "Jalan Tol Surabaya–Gempol",
        "highway": "motorway",
        "restriction_type": "PROHIBITED_TOLL_ROAD",
        "metadata": {
          "highway": "motorway",
          "int_ref": "AH2",
          "lanes": "3",
          "motorcycle": "no",
          "name": "Jalan Tol Surabaya–Gempol",
          "oneway": "yes",
          "operator": "PT Jasamarga Surabaya-Gempol",
          "ref": "8",
          "short_name": "Jalan Tol Surgem",
          "toll": "yes"
        }
      }
    },
    {
      "type": "Feature",
      "geometry": {
        "type": "LineString",
        "coordinates": [
          [
            112.6460929,
            -7.2019849
          ],
          [
            112.6460825,
            -7.2022206
          ]
        ]
      },
      "properties": {
        "id": "osm:way:885845775",
        "name": "Simpang Susun Romokalisari",
        "highway": "motorway_link",
        "restriction_type": "PROHIBITED_TOLL_ROAD",
        "metadata": {
          "highway": "motorway_link",
          "lanes": "3",
          "motorcycle": "no",
          "name": "Simpang Susun Romokalisari",
          "oneway": "yes",
          "toll": "yes"
        }
      }
    },
    {
      "type": "Feature",
      "geometry": {
        "type": "LineString",
        "coordinates": [
          [
            112.7128432,
            -7.2408304
          ],
          [
            112.7131391,
            -7.240421
          ],
          [
            112.7139382,
            -7.2393758
          ]
        ]
      },
      "properties": {
        "id": "osm:way:886093165",
        "name": "Jalan Tol Surabaya–Gempol",
        "highway": "motorway",
        "restriction_type": "PROHIBITED_TOLL_ROAD",
        "metadata": {
          "highway": "motorway",
          "int_ref": "AH2",
          "lanes": "3",
          "motorcycle": "no",
          "name": "Jalan Tol Surabaya–Gempol",
          "oneway": "yes",
          "operator": "PT Jasamarga Surabaya-Gempol",
          "ref": "8",
          "short_name": "Jalan Tol Surgem",
          "source": "Bing",
          "toll": "yes"
        }
      }
    },
    {
      "type": "Feature",
      "geometry": {
        "type": "LineString",
        "coordinates": [
          [
            112.7091829,
            -7.2490945
          ],
          [
            112.7092006,
            -7.2479295
          ],
          [
            112.7092389,
            -7.2472393
          ]
        ]
      },
      "properties": {
        "id": "osm:way:886093166",
        "name": "Jalan Tol Surabaya–Gempol",
        "highway": "motorway",
        "restriction_type": "PROHIBITED_TOLL_ROAD",
        "metadata": {
          "highway": "motorway",
          "int_ref": "AH2",
          "lanes": "3",
          "motorcycle": "no",
          "name": "Jalan Tol Surabaya–Gempol",
          "oneway": "yes",
          "operator": "PT Jasamarga Surabaya-Gempol",
          "ref": "8",
          "short_name": "Jalan Tol Surgem",
          "source": "Bing",
          "toll": "yes"
        }
      }
    },
    {
      "type": "Feature",
      "geometry": {
        "type": "LineString",
        "coordinates": [
          [
            112.7131905,
            -7.2445462
          ],
          [
            112.7110326,
            -7.243831
          ]
        ]
      },
      "properties": {
        "id": "osm:way:886129878",
        "name": "Jalan Tol Surabaya - Gresik",
        "highway": "motorway",
        "restriction_type": "PROHIBITED_TOLL_ROAD",
        "metadata": {
          "highway": "motorway",
          "motorcycle": "no",
          "name": "Jalan Tol Surabaya - Gresik",
          "oneway": "yes",
          "operator": "PT. Margabumi Matra Jaya",
          "ref": "8",
          "toll": "yes"
        }
      }
    },
    {
      "type": "Feature",
      "geometry": {
        "type": "LineString",
        "coordinates": [
          [
            112.7107878,
            -7.3104904
          ],
          [
            112.710698,
            -7.3104464
          ]
        ]
      },
      "properties": {
        "id": "osm:way:905006951",
        "name": "Way #905006951",
        "highway": "motorway_link",
        "restriction_type": "PROHIBITED_TOLL_ROAD",
        "metadata": {
          "destination": "Kota Satelit;Tj. Perak;Gresik",
          "destination:ref": "8",
          "highway": "motorway_link",
          "motorcycle": "no",
          "oneway": "yes",
          "toll": "yes"
        }
      }
    },
    {
      "type": "Feature",
      "geometry": {
        "type": "LineString",
        "coordinates": [
          [
            112.7107351,
            -7.310347
          ],
          [
            112.7107949,
            -7.3103821
          ],
          [
            112.7108238,
            -7.3103991
          ]
        ]
      },
      "properties": {
        "id": "osm:way:905006952",
        "name": "Way #905006952",
        "highway": "motorway_link",
        "restriction_type": "PROHIBITED_TOLL_ROAD",
        "metadata": {
          "destination": "Kerang Pilang",
          "destination:ref": "JI-150-11K",
          "highway": "motorway_link",
          "motorcycle": "no",
          "oneway": "yes",
          "toll": "yes"
        }
      }
    },
    {
      "type": "Feature",
      "geometry": {
        "type": "LineString",
        "coordinates": [
          [
            112.7116261,
            -7.3438618
          ],
          [
            112.7115921,
            -7.3439595
          ],
          [
            112.7114608,
            -7.3443377
          ],
          [
            112.7112454,
            -7.3451054
          ],
          [
            112.7111196,
            -7.3455556
          ],
          [
            112.710962,
            -7.3461553
          ]
        ]
      },
      "properties": {
        "id": "osm:way:915855426",
        "name": "Jalan Tol Surabaya–Gempol",
        "highway": "motorway",
        "restriction_type": "PROHIBITED_TOLL_ROAD",
        "metadata": {
          "highway": "motorway",
          "int_ref": "AH2",
          "lanes": "3",
          "maxheight": "4.2",
          "maxspeed": "80",
          "motorcycle": "no",
          "name": "Jalan Tol Surabaya–Gempol",
          "oneway": "yes",
          "operator": "PT Jasamarga Surabaya-Gempol",
          "ref": "8",
          "short_name": "Jalan Tol Surgem",
          "surface": "asphalt",
          "toll": "yes"
        }
      }
    },
    {
      "type": "Feature",
      "geometry": {
        "type": "LineString",
        "coordinates": [
          [
            112.6465029,
            -7.2006346
          ],
          [
            112.6464627,
            -7.2007503
          ],
          [
            112.6464158,
            -7.2008488
          ],
          [
            112.6461208,
            -7.2014032
          ],
          [
            112.6461028,
            -7.2014696
          ],
          [
            112.6460929,
            -7.2019849
          ]
        ]
      },
      "properties": {
        "id": "osm:way:921589000",
        "name": "Simpang Susun Romokalisari",
        "highway": "motorway_link",
        "restriction_type": "PROHIBITED_TOLL_ROAD",
        "metadata": {
          "highway": "motorway_link",
          "motorcycle": "no",
          "name": "Simpang Susun Romokalisari",
          "oneway": "yes",
          "source": "Bing"
        }
      }
    },
    {
      "type": "Feature",
      "geometry": {
        "type": "LineString",
        "coordinates": [
          [
            112.7115304,
            -7.309096
          ],
          [
            112.7115899,
            -7.3091575
          ]
        ]
      },
      "properties": {
        "id": "osm:way:930196268",
        "name": "Way #930196268",
        "highway": "motorway_link",
        "restriction_type": "PROHIBITED_TOLL_ROAD",
        "metadata": {
          "destination": "Karang Pilang",
          "highway": "motorway_link",
          "motorcycle": "no",
          "oneway": "yes",
          "toll": "yes"
        }
      }
    },
    {
      "type": "Feature",
      "geometry": {
        "type": "LineString",
        "coordinates": [
          [
            112.646496,
            -7.2179174
          ],
          [
            112.6459092,
            -7.2172564
          ],
          [
            112.6447796,
            -7.2157917
          ],
          [
            112.644651,
            -7.2156758
          ],
          [
            112.6445145,
            -7.2156034
          ],
          [
            112.644357,
            -7.2155682
          ],
          [
            112.6442151,
            -7.215546
          ],
          [
            112.6440638,
            -7.2155465
          ],
          [
            112.6436678,
            -7.2155736
          ],
          [
            112.6435135,
            -7.2155782
          ],
          [
            112.6433746,
            -7.2155665
          ],
          [
            112.6432325,
            -7.2155402
          ],
          [
            112.6430952,
            -7.2155009
          ],
          [
            112.6429558,
            -7.2154458
          ],
          [
            112.6428003,
            -7.2153576
          ],
          [
            112.642389,
            -7.215092
          ],
          [
            112.6422826,
            -7.215042
          ],
          [
            112.6421467,
            -7.2150127
          ],
          [
            112.6420073,
            -7.2150082
          ],
          [
            112.6418771,
            -7.2150286
          ],
          [
            112.6417385,
            -7.2150793
          ],
          [
            112.6416219,
            -7.2151489
          ],
          [
            112.6408359,
            -7.2159611
          ],
          [
            112.6406502,
            -7.2161671
          ]
        ]
      },
      "properties": {
        "id": "osm:way:977107460",
        "name": "Simpang Susun Romokalisari",
        "highway": "motorway_link",
        "restriction_type": "PROHIBITED_TOLL_ROAD",
        "metadata": {
          "access": "no",
          "destination": "Benowo, Kota Surabaya",
          "highway": "motorway_link",
          "motorcycle": "no",
          "name": "Simpang Susun Romokalisari",
          "oneway": "yes"
        }
      }
    },
    {
      "type": "Feature",
      "geometry": {
        "type": "LineString",
        "coordinates": [
          [
            112.6438636,
            -7.2147158
          ],
          [
            112.6438563,
            -7.2146063
          ],
          [
            112.6438328,
            -7.2144985
          ],
          [
            112.6437704,
            -7.2143388
          ],
          [
            112.6436587,
            -7.2141546
          ],
          [
            112.6415434,
            -7.2112977
          ]
        ]
      },
      "properties": {
        "id": "osm:way:977107461",
        "name": "Simpang Susun Romokalisari",
        "highway": "motorway_link",
        "restriction_type": "PROHIBITED_TOLL_ROAD",
        "metadata": {
          "highway": "motorway_link",
          "motorcycle": "no",
          "name": "Simpang Susun Romokalisari",
          "oneway": "yes"
        }
      }
    },
    {
      "type": "Feature",
      "geometry": {
        "type": "LineString",
        "coordinates": [
          [
            112.6388019,
            -7.2245557
          ],
          [
            112.6392658,
            -7.2243422
          ],
          [
            112.6394686,
            -7.2242145
          ],
          [
            112.6396358,
            -7.2240729
          ],
          [
            112.6397814,
            -7.2238765
          ],
          [
            112.6399745,
            -7.2235562
          ]
        ]
      },
      "properties": {
        "id": "osm:way:977107462",
        "name": "Simpang Susun Romokalisari",
        "highway": "motorway_link",
        "restriction_type": "PROHIBITED_TOLL_ROAD",
        "metadata": {
          "access": "no",
          "destination": "Gresik;Kota Surabaya;Kota Malang",
          "destination:ref": "8",
          "highway": "motorway_link",
          "motor_vehicle": "no",
          "name": "Simpang Susun Romokalisari",
          "oneway": "yes"
        }
      }
    },
    {
      "type": "Feature",
      "geometry": {
        "type": "LineString",
        "coordinates": [
          [
            112.6405354,
            -7.2160952
          ],
          [
            112.6407312,
            -7.2157396
          ],
          [
            112.6408977,
            -7.2155289
          ],
          [
            112.6417996,
            -7.2145332
          ],
          [
            112.6419417,
            -7.2143284
          ],
          [
            112.6420528,
            -7.2141016
          ],
          [
            112.6421198,
            -7.2138843
          ],
          [
            112.6421695,
            -7.2136596
          ],
          [
            112.6422644,
            -7.2129552
          ],
          [
            112.6422567,
            -7.2127089
          ],
          [
            112.6421969,
            -7.2124423
          ],
          [
            112.6421152,
            -7.2122497
          ],
          [
            112.6415434,
            -7.2112977
          ]
        ]
      },
      "properties": {
        "id": "osm:way:977107464",
        "name": "Simpang Susun Romokalisari",
        "highway": "motorway_link",
        "restriction_type": "PROHIBITED_TOLL_ROAD",
        "metadata": {
          "access": "no",
          "highway": "motorway_link",
          "motorcycle": "no",
          "name": "Simpang Susun Romokalisari",
          "oneway": "yes"
        }
      }
    },
    {
      "type": "Feature",
      "geometry": {
        "type": "LineString",
        "coordinates": [
          [
            112.7777696,
            -7.3443645
          ],
          [
            112.7781303,
            -7.3444018
          ],
          [
            112.7781618,
            -7.3444041
          ],
          [
            112.778198,
            -7.3444055
          ],
          [
            112.7784267,
            -7.3443938
          ]
        ]
      },
      "properties": {
        "id": "osm:way:996552787",
        "name": "Way #996552787",
        "highway": "motorway_link",
        "restriction_type": "PROHIBITED_TOLL_ROAD",
        "metadata": {
          "destination": "Tambak Sumur;Kenjeran;Suramadu",
          "highway": "motorway_link",
          "lanes": "1",
          "maxspeed": "40",
          "motorcycle": "no",
          "oneway": "yes",
          "surface": "asphalt",
          "toll": "yes"
        }
      }
    },
    {
      "type": "Feature",
      "geometry": {
        "type": "LineString",
        "coordinates": [
          [
            112.7112231,
            -7.3470292
          ],
          [
            112.7112123,
            -7.3471116
          ],
          [
            112.7111923,
            -7.3472052
          ]
        ]
      },
      "properties": {
        "id": "osm:way:1034158909",
        "name": "Way #1034158909",
        "highway": "motorway_link",
        "restriction_type": "PROHIBITED_TOLL_ROAD",
        "metadata": {
          "covered": "yes",
          "destination": "Sidoarjo;Gempol;Pandaan",
          "destination:ref": "8",
          "highway": "motorway_link",
          "oneway": "yes",
          "toll": "yes"
        }
      }
    },
    {
      "type": "Feature",
      "geometry": {
        "type": "LineString",
        "coordinates": [
          [
            112.7111923,
            -7.3472052
          ],
          [
            112.711114,
            -7.3475714
          ],
          [
            112.7110094,
            -7.3478381
          ],
          [
            112.710894,
            -7.3480157
          ],
          [
            112.7107492,
            -7.3482036
          ],
          [
            112.7106298,
            -7.3483341
          ],
          [
            112.7105367,
            -7.3484637
          ],
          [
            112.7103396,
            -7.3488646
          ]
        ]
      },
      "properties": {
        "id": "osm:way:1034158910",
        "name": "Way #1034158910",
        "highway": "motorway_link",
        "restriction_type": "PROHIBITED_TOLL_ROAD",
        "metadata": {
          "destination": "Sidoarjo;Gempol;Pandaan",
          "destination:ref": "8",
          "highway": "motorway_link",
          "maxspeed": "40",
          "motorcycle": "no",
          "oneway": "yes",
          "toll": "yes"
        }
      }
    },
    {
      "type": "Feature",
      "geometry": {
        "type": "LineString",
        "coordinates": [
          [
            112.7070141,
            -7.2661648
          ],
          [
            112.7070588,
            -7.2658816
          ],
          [
            112.7071074,
            -7.2655716
          ]
        ]
      },
      "properties": {
        "id": "osm:way:1096512271",
        "name": "Banyu Urip",
        "highway": "motorway_link",
        "restriction_type": "PROHIBITED_TOLL_ROAD",
        "metadata": {
          "destination:ref": "8",
          "highway": "motorway_link",
          "lanes": "2",
          "motorcycle": "no",
          "name": "Banyu Urip",
          "oneway": "yes",
          "toll": "yes"
        }
      }
    },
    {
      "type": "Feature",
      "geometry": {
        "type": "LineString",
        "coordinates": [
          [
            112.707195,
            -7.2655864
          ],
          [
            112.7071762,
            -7.2657919
          ],
          [
            112.707108,
            -7.2661791
          ]
        ]
      },
      "properties": {
        "id": "osm:way:1096512272",
        "name": "Banyu Urip",
        "highway": "motorway_link",
        "restriction_type": "PROHIBITED_TOLL_ROAD",
        "metadata": {
          "highway": "motorway_link",
          "lanes": "2",
          "motorcycle": "no",
          "name": "Banyu Urip",
          "oneway": "yes",
          "toll": "yes"
        }
      }
    },
    {
      "type": "Feature",
      "geometry": {
        "type": "LineString",
        "coordinates": [
          [
            112.635016,
            -7.353603
          ],
          [
            112.6346694,
            -7.3538498
          ],
          [
            112.6341349,
            -7.3541545
          ]
        ]
      },
      "properties": {
        "id": "osm:way:1113479200",
        "name": "Jalan Akses Tol Driyorejo",
        "highway": "motorway_link",
        "restriction_type": "PROHIBITED_TOLL_ROAD",
        "metadata": {
          "destination": "Driyorejo;Lakarsantri;Benowo",
          "highway": "motorway_link",
          "lanes": "3",
          "name": "Jalan Akses Tol Driyorejo",
          "oneway": "yes",
          "toll": "yes"
        }
      }
    },
    {
      "type": "Feature",
      "geometry": {
        "type": "LineString",
        "coordinates": [
          [
            112.6375064,
            -7.3518361
          ],
          [
            112.6373593,
            -7.3519866
          ],
          [
            112.6371494,
            -7.3521203
          ],
          [
            112.636916,
            -7.3522852
          ],
          [
            112.6364802,
            -7.3525818
          ],
          [
            112.635612,
            -7.3531787
          ],
          [
            112.635016,
            -7.353603
          ]
        ]
      },
      "properties": {
        "id": "osm:way:1113479201",
        "name": "Jalan Akses Tol Driyorejo",
        "highway": "motorway_link",
        "restriction_type": "PROHIBITED_TOLL_ROAD",
        "metadata": {
          "destination": "Driyorejo;Lakarsantri;Benowo",
          "highway": "motorway_link",
          "lanes": "1",
          "name": "Jalan Akses Tol Driyorejo",
          "oneway": "yes",
          "toll": "yes"
        }
      }
    },
    {
      "type": "Feature",
      "geometry": {
        "type": "LineString",
        "coordinates": [
          [
            112.633974,
            -7.3535889
          ],
          [
            112.6343755,
            -7.353359
          ],
          [
            112.6347673,
            -7.3531263
          ]
        ]
      },
      "properties": {
        "id": "osm:way:1113479202",
        "name": "Jalan Akses Tol Driyorejo",
        "highway": "motorway_link",
        "restriction_type": "PROHIBITED_TOLL_ROAD",
        "metadata": {
          "destination:ref": "AH2",
          "highway": "motorway_link",
          "lanes": "3",
          "motorcycle": "no",
          "name": "Jalan Akses Tol Driyorejo",
          "oneway": "yes",
          "toll": "yes"
        }
      }
    },
    {
      "type": "Feature",
      "geometry": {
        "type": "LineString",
        "coordinates": [
          [
            112.6347673,
            -7.3531263
          ],
          [
            112.6352853,
            -7.3528186
          ],
          [
            112.6359317,
            -7.3525446
          ],
          [
            112.636287,
            -7.3523624
          ],
          [
            112.6365607,
            -7.352212
          ],
          [
            112.6373487,
            -7.3517465
          ],
          [
            112.6375623,
            -7.3516828
          ]
        ]
      },
      "properties": {
        "id": "osm:way:1113479203",
        "name": "Jalan Akses Tol Driyorejo",
        "highway": "motorway_link",
        "restriction_type": "PROHIBITED_TOLL_ROAD",
        "metadata": {
          "destination:ref": "AH2",
          "highway": "motorway_link",
          "lanes": "1",
          "motorcycle": "no",
          "name": "Jalan Akses Tol Driyorejo",
          "oneway": "yes",
          "toll": "yes"
        }
      }
    },
    {
      "type": "Feature",
      "geometry": {
        "type": "LineString",
        "coordinates": [
          [
            112.7098157,
            -7.3250393
          ],
          [
            112.7104271,
            -7.3252799
          ]
        ]
      },
      "properties": {
        "id": "osm:way:1113581722",
        "name": "Perahu Tambangan",
        "highway": "motorway",
        "restriction_type": "PROHIBITED_TOLL_ROAD",
        "metadata": {
          "charge": "1000 IDR",
          "motor_vehicle": "no",
          "motorcar": "no",
          "motorcycle": "no",
          "name": "Perahu Tambangan",
          "route": "ferry",
          "toll": "yes"
        }
      }
    },
    {
      "type": "Feature",
      "geometry": {
        "type": "LineString",
        "coordinates": [
          [
            112.6459143,
            -7.2027766
          ],
          [
            112.6459014,
            -7.2022951
          ]
        ]
      },
      "properties": {
        "id": "osm:way:1113721871",
        "name": "Simpang Susun Romokalisari",
        "highway": "motorway_link",
        "restriction_type": "PROHIBITED_TOLL_ROAD",
        "metadata": {
          "highway": "motorway_link",
          "lanes": "3",
          "motorcycle": "no",
          "name": "Simpang Susun Romokalisari",
          "oneway": "yes",
          "source": "Bing",
          "toll": "yes"
        }
      }
    },
    {
      "type": "Feature",
      "geometry": {
        "type": "LineString",
        "coordinates": [
          [
            112.6458897,
            -7.201991
          ],
          [
            112.6458848,
            -7.2016446
          ],
          [
            112.6458828,
            -7.2015565
          ],
          [
            112.6458864,
            -7.2012669
          ],
          [
            112.6458804,
            -7.2004033
          ]
        ]
      },
      "properties": {
        "id": "osm:way:1113721872",
        "name": "Simpang Susun Romokalisari",
        "highway": "motorway_link",
        "restriction_type": "PROHIBITED_TOLL_ROAD",
        "metadata": {
          "destination": "Romokalisari, Gresik",
          "destination:ref": "1",
          "highway": "motorway_link",
          "motorcycle": "no",
          "name": "Simpang Susun Romokalisari",
          "oneway": "yes",
          "source": "Bing"
        }
      }
    },
    {
      "type": "Feature",
      "geometry": {
        "type": "LineString",
        "coordinates": [
          [
            112.7892575,
            -7.3470283
          ],
          [
            112.7895133,
            -7.3470942
          ],
          [
            112.7902823,
            -7.3472901
          ]
        ]
      },
      "properties": {
        "id": "osm:way:1114713594",
        "name": "Way #1114713594",
        "highway": "motorway_link",
        "restriction_type": "PROHIBITED_TOLL_ROAD",
        "metadata": {
          "destination": "Bandara;Sedati",
          "destination:ref": "AH2",
          "highway": "motorway_link",
          "lanes": "1",
          "maxspeed": "40",
          "motorcycle": "no",
          "oneway": "yes",
          "surface": "asphalt",
          "toll": "yes"
        }
      }
    },
    {
      "type": "Feature",
      "geometry": {
        "type": "LineString",
        "coordinates": [
          [
            112.7911109,
            -7.3477177
          ],
          [
            112.7908286,
            -7.3477177
          ],
          [
            112.7906945,
            -7.3477004
          ],
          [
            112.7901493,
            -7.347628
          ],
          [
            112.7899991,
            -7.3476056
          ]
        ]
      },
      "properties": {
        "id": "osm:way:1114713595",
        "name": "Way #1114713595",
        "highway": "motorway_link",
        "restriction_type": "PROHIBITED_TOLL_ROAD",
        "metadata": {
          "bridge": "yes",
          "destination": "Tambak Sumur",
          "highway": "motorway_link",
          "lanes": "1",
          "layer": "1",
          "motorcycle": "no",
          "oneway": "yes",
          "surface": "asphalt",
          "toll": "yes"
        }
      }
    },
    {
      "type": "Feature",
      "geometry": {
        "type": "LineString",
        "coordinates": [
          [
            112.7047037,
            -7.343202
          ],
          [
            112.705194,
            -7.3432314
          ],
          [
            112.7058947,
            -7.3432775
          ]
        ]
      },
      "properties": {
        "id": "osm:way:1114925751",
        "name": "Jalan Tol Waru–Juanda",
        "highway": "motorway",
        "restriction_type": "PROHIBITED_TOLL_ROAD",
        "metadata": {
          "bridge": "yes",
          "highway": "motorway",
          "int_ref": "AH2",
          "lanes": "2",
          "layer": "1",
          "name": "Jalan Tol Waru–Juanda",
          "oneway": "yes",
          "operator": "PT Citra Marga Surabaya",
          "ref": "11",
          "toll": "yes"
        }
      }
    },
    {
      "type": "Feature",
      "geometry": {
        "type": "LineString",
        "coordinates": [
          [
            112.7020376,
            -7.3430976
          ],
          [
            112.7028664,
            -7.3431205
          ],
          [
            112.7047037,
            -7.343202
          ]
        ]
      },
      "properties": {
        "id": "osm:way:1114925752",
        "name": "Jalan Tol Surabaya–Mojokerto",
        "highway": "motorway",
        "restriction_type": "PROHIBITED_TOLL_ROAD",
        "metadata": {
          "bridge": "yes",
          "highway": "motorway",
          "int_ref": "AH2",
          "lanes": "4",
          "layer": "1",
          "name": "Jalan Tol Surabaya–Mojokerto",
          "oneway": "yes",
          "operator": "PT Jasamarga Surabaya Mojokerto",
          "ref": "11",
          "short_name": "Jalan Tol Sumo",
          "toll": "yes"
        }
      }
    },
    {
      "type": "Feature",
      "geometry": {
        "type": "LineString",
        "coordinates": [
          [
            112.7047037,
            -7.343202
          ],
          [
            112.7059561,
            -7.3432249
          ]
        ]
      },
      "properties": {
        "id": "osm:way:1114925753",
        "name": "Way #1114925753",
        "highway": "motorway_link",
        "restriction_type": "PROHIBITED_TOLL_ROAD",
        "metadata": {
          "bridge": "yes",
          "destination": "Surabaya;Gresik;Pasuran;Malang",
          "destination:ref": "8",
          "highway": "motorway_link",
          "lanes": "2",
          "layer": "1",
          "oneway": "yes",
          "toll": "yes"
        }
      }
    },
    {
      "type": "Feature",
      "geometry": {
        "type": "LineString",
        "coordinates": [
          [
            112.7115207,
            -7.3092457
          ],
          [
            112.7114625,
            -7.3091817
          ]
        ]
      },
      "properties": {
        "id": "osm:way:1115256098",
        "name": "Way #1115256098",
        "highway": "motorway_link",
        "restriction_type": "PROHIBITED_TOLL_ROAD",
        "metadata": {
          "destination": "Waru;Juanda;Malang;Pasuran",
          "destination:ref": "8",
          "highway": "motorway_link",
          "motorcycle": "no",
          "oneway": "yes",
          "toll": "yes"
        }
      }
    },
    {
      "type": "Feature",
      "geometry": {
        "type": "LineString",
        "coordinates": [
          [
            112.7105659,
            -7.3102741
          ],
          [
            112.7105938,
            -7.3102858
          ]
        ]
      },
      "properties": {
        "id": "osm:way:1115257556",
        "name": "Way #1115257556",
        "highway": "motorway_link",
        "restriction_type": "PROHIBITED_TOLL_ROAD",
        "metadata": {
          "destination": "Gunung Sari;Wonokromo;Karang Pilang",
          "destination:ref": "JI-150-12K",
          "highway": "motorway_link",
          "motorcycle": "no",
          "oneway": "yes",
          "toll": "yes"
        }
      }
    },
    {
      "type": "Feature",
      "geometry": {
        "type": "LineString",
        "coordinates": [
          [
            112.708791,
            -7.3098941
          ],
          [
            112.7080013,
            -7.3098515
          ],
          [
            112.7075894,
            -7.3098089
          ],
          [
            112.707349,
            -7.3097749
          ],
          [
            112.7071516,
            -7.3097068
          ],
          [
            112.7070057,
            -7.3096387
          ]
        ]
      },
      "properties": {
        "id": "osm:way:1116058832",
        "name": "Way #1116058832",
        "highway": "motorway_link",
        "restriction_type": "PROHIBITED_TOLL_ROAD",
        "metadata": {
          "destination": "Kota Satelit;Tj. Perak;Gresik",
          "destination:ref": "8",
          "highway": "motorway_link",
          "motorcycle": "no",
          "oneway": "yes",
          "toll": "yes"
        }
      }
    },
    {
      "type": "Feature",
      "geometry": {
        "type": "LineString",
        "coordinates": [
          [
            112.7118811,
            -7.3414377
          ],
          [
            112.7123414,
            -7.3405513
          ],
          [
            112.7124715,
            -7.3403313
          ],
          [
            112.7128129,
            -7.3395663
          ],
          [
            112.7128965,
            -7.3394147
          ],
          [
            112.7129903,
            -7.3392728
          ]
        ]
      },
      "properties": {
        "id": "osm:way:1116076317",
        "name": "Way #1116076317",
        "highway": "motorway_link",
        "restriction_type": "PROHIBITED_TOLL_ROAD",
        "metadata": {
          "destination": "Surabaya;Gresik",
          "destination:ref": "8",
          "highway": "motorway_link",
          "motorcycle": "no",
          "oneway": "yes",
          "toll": "yes"
        }
      }
    },
    {
      "type": "Feature",
      "geometry": {
        "type": "LineString",
        "coordinates": [
          [
            112.7132671,
            -7.338689
          ],
          [
            112.7132564,
            -7.3388663
          ],
          [
            112.713233,
            -7.3390247
          ],
          [
            112.7132085,
            -7.3391809
          ],
          [
            112.7129977,
            -7.3400501
          ],
          [
            112.7127737,
            -7.3408719
          ],
          [
            112.71272,
            -7.341035
          ]
        ]
      },
      "properties": {
        "id": "osm:way:1116089637",
        "name": "Way #1116089637",
        "highway": "motorway_link",
        "restriction_type": "PROHIBITED_TOLL_ROAD",
        "metadata": {
          "destination": "Waru;Sepanjang;Taman;Mojokerto;Menanggal;Juanda",
          "destination:ref": "AH2;15",
          "highway": "motorway_link",
          "motorcycle": "no",
          "oneway": "yes",
          "toll": "yes"
        }
      }
    },
    {
      "type": "Feature",
      "geometry": {
        "type": "LineString",
        "coordinates": [
          [
            112.7720169,
            -7.3435745
          ],
          [
            112.7720179,
            -7.3435634
          ],
          [
            112.7720523,
            -7.3435096
          ]
        ]
      },
      "properties": {
        "id": "osm:way:1116101525",
        "name": "Way #1116101525",
        "highway": "motorway_link",
        "restriction_type": "PROHIBITED_TOLL_ROAD",
        "metadata": {
          "access": "no",
          "bridge": "yes",
          "highway": "motorway_link",
          "layer": "1",
          "oneway": "yes",
          "surface": "asphalt",
          "toll": "yes"
        }
      }
    },
    {
      "type": "Feature",
      "geometry": {
        "type": "LineString",
        "coordinates": [
          [
            112.7719495,
            -7.3435676
          ],
          [
            112.7719431,
            -7.3435934
          ],
          [
            112.7719172,
            -7.3436329
          ]
        ]
      },
      "properties": {
        "id": "osm:way:1116101526",
        "name": "Way #1116101526",
        "highway": "motorway_link",
        "restriction_type": "PROHIBITED_TOLL_ROAD",
        "metadata": {
          "access": "no",
          "bridge": "yes",
          "highway": "motorway_link",
          "layer": "1",
          "oneway": "yes",
          "surface": "asphalt",
          "toll": "yes"
        }
      }
    },
    {
      "type": "Feature",
      "geometry": {
        "type": "LineString",
        "coordinates": [
          [
            112.7863287,
            -7.3464162
          ],
          [
            112.7865509,
            -7.3464467
          ]
        ]
      },
      "properties": {
        "id": "osm:way:1117877596",
        "name": "Way #1117877596",
        "highway": "motorway_link",
        "restriction_type": "PROHIBITED_TOLL_ROAD",
        "metadata": {
          "destination": "Bandara;Sedati",
          "destination:ref": "AH2",
          "highway": "motorway_link",
          "lanes": "1",
          "maxspeed": "40",
          "motorcycle": "no",
          "oneway": "yes",
          "surface": "asphalt",
          "toll": "yes"
        }
      }
    },
    {
      "type": "Feature",
      "geometry": {
        "type": "LineString",
        "coordinates": [
          [
            112.7255195,
            -7.3468083
          ],
          [
            112.7258628,
            -7.346792
          ],
          [
            112.7260388,
            -7.346778
          ],
          [
            112.7269645,
            -7.3467634
          ]
        ]
      },
      "properties": {
        "id": "osm:way:1119934136",
        "name": "Jalan Tol Waru–Juanda",
        "highway": "motorway",
        "restriction_type": "PROHIBITED_TOLL_ROAD",
        "metadata": {
          "highway": "motorway",
          "int_ref": "AH2",
          "motorcar": "yes",
          "motorcycle": "no",
          "name": "Jalan Tol Waru–Juanda",
          "oneway": "yes",
          "operator": "PT Citra Marga Surabaya",
          "ref": "11",
          "toll": "yes"
        }
      }
    },
    {
      "type": "Feature",
      "geometry": {
        "type": "LineString",
        "coordinates": [
          [
            112.7083133,
            -7.3440492
          ],
          [
            112.7080452,
            -7.3438779
          ],
          [
            112.7076219,
            -7.3436838
          ],
          [
            112.7065502,
            -7.343472
          ]
        ]
      },
      "properties": {
        "id": "osm:way:1119967604",
        "name": "Way #1119967604",
        "highway": "motorway_link",
        "restriction_type": "PROHIBITED_TOLL_ROAD",
        "metadata": {
          "destination": "Krian;Mojokerto",
          "destination:ref": "AH2",
          "highway": "motorway_link",
          "lanes": "1",
          "motorcycle": "no",
          "oneway": "yes",
          "toll": "yes"
        }
      }
    },
    {
      "type": "Feature",
      "geometry": {
        "type": "LineString",
        "coordinates": [
          [
            112.7152312,
            -7.3464495
          ],
          [
            112.7151132,
            -7.3463896
          ],
          [
            112.7150079,
            -7.3463451
          ],
          [
            112.7148744,
            -7.3463012
          ],
          [
            112.7144126,
            -7.3461644
          ]
        ]
      },
      "properties": {
        "id": "osm:way:1119979520",
        "name": "Way #1119979520",
        "highway": "motorway_link",
        "restriction_type": "PROHIBITED_TOLL_ROAD",
        "metadata": {
          "destination": "Sidoarjo;Malang;Pasuruan;Gunung Sari;Kota Satelit;Gresik",
          "destination:ref": "8",
          "highway": "motorway_link",
          "motorcycle": "no",
          "oneway": "yes",
          "toll": "yes"
        }
      }
    },
    {
      "type": "Feature",
      "geometry": {
        "type": "LineString",
        "coordinates": [
          [
            112.6247683,
            -7.3548376
          ],
          [
            112.6253606,
            -7.354875
          ],
          [
            112.6275994,
            -7.3551356
          ],
          [
            112.6279481,
            -7.3551609
          ]
        ]
      },
      "properties": {
        "id": "osm:way:1120221160",
        "name": "Jalan Akses Tol Driyorejo",
        "highway": "motorway_link",
        "restriction_type": "PROHIBITED_TOLL_ROAD",
        "metadata": {
          "destination": "Driyorejo;Lakarsantri;Benowo",
          "highway": "motorway_link",
          "name": "Jalan Akses Tol Driyorejo",
          "oneway": "yes",
          "toll": "yes"
        }
      }
    },
    {
      "type": "Feature",
      "geometry": {
        "type": "LineString",
        "coordinates": [
          [
            112.6406502,
            -7.2161671
          ],
          [
            112.640442,
            -7.2165486
          ],
          [
            112.6402633,
            -7.2170162
          ],
          [
            112.6401606,
            -7.2173762
          ],
          [
            112.6401052,
            -7.2178142
          ],
          [
            112.6401099,
            -7.2199163
          ],
          [
            112.6401334,
            -7.2235708
          ],
          [
            112.640128,
            -7.22381
          ],
          [
            112.6400851,
            -7.2241949
          ],
          [
            112.6400299,
            -7.2244521
          ]
        ]
      },
      "properties": {
        "id": "osm:way:1216412427",
        "name": "Simpang Susun Romokalisari",
        "highway": "motorway_link",
        "restriction_type": "PROHIBITED_TOLL_ROAD",
        "metadata": {
          "access": "no",
          "destination": "Benowo, Kota Surabaya",
          "highway": "motorway_link",
          "name": "Simpang Susun Romokalisari",
          "oneway": "yes"
        }
      }
    },
    {
      "type": "Feature",
      "geometry": {
        "type": "LineString",
        "coordinates": [
          [
            112.7051738,
            -7.2886765
          ],
          [
            112.7048766,
            -7.2887563
          ],
          [
            112.7042234,
            -7.2889317
          ],
          [
            112.7032139,
            -7.2891856
          ]
        ]
      },
      "properties": {
        "id": "osm:way:1218454722",
        "name": "Way #1218454722",
        "highway": "motorway_link",
        "restriction_type": "PROHIBITED_TOLL_ROAD",
        "metadata": {
          "destination": "Banyu Urip;Gresik;Tanjung Perak;Gunung Sari;Malang;Pasuruan",
          "destination:ref": "8",
          "highway": "motorway_link",
          "motorcycle": "no",
          "note": "Simpang Susun Kota Satelit",
          "oneway": "yes",
          "toll": "no"
        }
      }
    },
    {
      "type": "Feature",
      "geometry": {
        "type": "LineString",
        "coordinates": [
          [
            112.7031088,
            -7.2889474
          ],
          [
            112.7031141,
            -7.2889458
          ],
          [
            112.7033966,
            -7.2888853
          ],
          [
            112.7037217,
            -7.2888518
          ],
          [
            112.7041326,
            -7.2888101
          ],
          [
            112.7045653,
            -7.2887109
          ]
        ]
      },
      "properties": {
        "id": "osm:way:1218454723",
        "name": "Way #1218454723",
        "highway": "motorway_link",
        "restriction_type": "PROHIBITED_TOLL_ROAD",
        "metadata": {
          "destination": "Kota Satelit;Dukuh Kupang;Darmo",
          "destination:ref": "1",
          "highway": "motorway_link",
          "motorcycle": "no",
          "note": "Simpang Susun Kota Satelit",
          "oneway": "yes",
          "toll": "no"
        }
      }
    },
    {
      "type": "Feature",
      "geometry": {
        "type": "LineString",
        "coordinates": [
          [
            112.710962,
            -7.3461553
          ],
          [
            112.7109461,
            -7.3462074
          ]
        ]
      },
      "properties": {
        "id": "osm:way:1253844028",
        "name": "Jalan Tol Surabaya–Gempol",
        "highway": "motorway",
        "restriction_type": "PROHIBITED_TOLL_ROAD",
        "metadata": {
          "highway": "motorway",
          "int_ref": "AH2",
          "lanes": "3",
          "maxheight": "4.2",
          "maxspeed": "80",
          "name": "Jalan Tol Surabaya–Gempol",
          "oneway": "yes",
          "operator": "PT Jasamarga Surabaya-Gempol",
          "ref": "8",
          "short_name": "Jalan Tol Surgem",
          "surface": "asphalt",
          "toll": "yes"
        }
      }
    },
    {
      "type": "Feature",
      "geometry": {
        "type": "LineString",
        "coordinates": [
          [
            112.7109461,
            -7.3462074
          ],
          [
            112.7107675,
            -7.3469765
          ],
          [
            112.7106289,
            -7.3476189
          ]
        ]
      },
      "properties": {
        "id": "osm:way:1253844029",
        "name": "Jalan Tol Surabaya–Gempol",
        "highway": "motorway",
        "restriction_type": "PROHIBITED_TOLL_ROAD",
        "metadata": {
          "highway": "motorway",
          "int_ref": "AH2",
          "lanes": "3",
          "maxheight": "4.2",
          "maxspeed": "80",
          "motorcycle": "no",
          "name": "Jalan Tol Surabaya–Gempol",
          "oneway": "yes",
          "operator": "PT Jasamarga Surabaya-Gempol",
          "ref": "8",
          "short_name": "Jalan Tol Surgem",
          "surface": "asphalt",
          "toll": "yes"
        }
      }
    },
    {
      "type": "Feature",
      "geometry": {
        "type": "LineString",
        "coordinates": [
          [
            112.580068,
            -7.2141671
          ],
          [
            112.583374,
            -7.2094426
          ],
          [
            112.5923518,
            -7.1967702
          ],
          [
            112.5926619,
            -7.196308
          ],
          [
            112.5929451,
            -7.1958441
          ],
          [
            112.5932197,
            -7.1953454
          ],
          [
            112.5934603,
            -7.1948547
          ],
          [
            112.5937122,
            -7.1942871
          ],
          [
            112.5939343,
            -7.1937287
          ],
          [
            112.5941377,
            -7.1931358
          ],
          [
            112.5942908,
            -7.1925871
          ],
          [
            112.5944562,
            -7.1919296
          ],
          [
            112.5945797,
            -7.191258
          ],
          [
            112.5946791,
            -7.1905472
          ],
          [
            112.5947127,
            -7.190201
          ],
          [
            112.5947375,
            -7.1898039
          ],
          [
            112.595031,
            -7.1786165
          ]
        ]
      },
      "properties": {
        "id": "osm:way:1276372371",
        "name": "Jalan Tol Krian - Legundi - Bunder - Manyar",
        "highway": "motorway",
        "restriction_type": "PROHIBITED_TOLL_ROAD",
        "metadata": {
          "bridge": "yes",
          "highway": "motorway",
          "lanes": "2",
          "layer": "1",
          "name": "Jalan Tol Krian - Legundi - Bunder - Manyar",
          "oneway": "yes",
          "toll": "yes"
        }
      }
    },
    {
      "type": "Feature",
      "geometry": {
        "type": "LineString",
        "coordinates": [
          [
            112.7104955,
            -7.3475892
          ],
          [
            112.7108077,
            -7.3462781
          ],
          [
            112.7110892,
            -7.345261
          ],
          [
            112.7112088,
            -7.344829
          ]
        ]
      },
      "properties": {
        "id": "osm:way:1276540913",
        "name": "Jalan Tol Surabaya–Gempol",
        "highway": "motorway",
        "restriction_type": "PROHIBITED_TOLL_ROAD",
        "metadata": {
          "highway": "motorway",
          "int_ref": "AH2",
          "lanes": "3",
          "maxheight": "4.2",
          "maxspeed": "80",
          "motorcycle": "no",
          "name": "Jalan Tol Surabaya–Gempol",
          "oneway": "yes",
          "operator": "PT Jasamarga Surabaya-Gempol",
          "ref": "8",
          "short_name": "Jalan Tol Surgem",
          "surface": "asphalt",
          "toll": "yes"
        }
      }
    },
    {
      "type": "Feature",
      "geometry": {
        "type": "LineString",
        "coordinates": [
          [
            112.7104106,
            -7.2436285
          ],
          [
            112.7100566,
            -7.2434965
          ],
          [
            112.7092011,
            -7.2431778
          ],
          [
            112.7087979,
            -7.2430459
          ],
          [
            112.7085737,
            -7.2429892
          ],
          [
            112.7083553,
            -7.2429434
          ],
          [
            112.7081456,
            -7.242914
          ],
          [
            112.7078613,
            -7.2429165
          ]
        ]
      },
      "properties": {
        "id": "osm:way:1276548081",
        "name": "Jalan Tol Surabaya - Gresik",
        "highway": "motorway",
        "restriction_type": "PROHIBITED_TOLL_ROAD",
        "metadata": {
          "highway": "motorway",
          "motorcycle": "no",
          "name": "Jalan Tol Surabaya - Gresik",
          "oneway": "yes",
          "operator": "PT. Margabumi Matra Jaya",
          "ref": "8",
          "toll": "yes"
        }
      }
    },
    {
      "type": "Feature",
      "geometry": {
        "type": "LineString",
        "coordinates": [
          [
            112.6467192,
            -7.2182174
          ],
          [
            112.646496,
            -7.2179174
          ]
        ]
      },
      "properties": {
        "id": "osm:way:1276548082",
        "name": "Jalan Tol Surabaya - Gresik",
        "highway": "motorway",
        "restriction_type": "PROHIBITED_TOLL_ROAD",
        "metadata": {
          "highway": "motorway",
          "motorcycle": "no",
          "name": "Jalan Tol Surabaya - Gresik",
          "oneway": "yes",
          "operator": "PT. Margabumi Matra Jaya",
          "ref": "8",
          "toll": "yes"
        }
      }
    },
    {
      "type": "Feature",
      "geometry": {
        "type": "LineString",
        "coordinates": [
          [
            112.646496,
            -7.2179174
          ],
          [
            112.6458203,
            -7.2169278
          ]
        ]
      },
      "properties": {
        "id": "osm:way:1276548083",
        "name": "Jalan Tol Surabaya - Gresik",
        "highway": "motorway",
        "restriction_type": "PROHIBITED_TOLL_ROAD",
        "metadata": {
          "highway": "motorway",
          "motorcycle": "no",
          "name": "Jalan Tol Surabaya - Gresik",
          "oneway": "yes",
          "operator": "PT. Margabumi Matra Jaya",
          "ref": "8",
          "toll": "yes"
        }
      }
    },
    {
      "type": "Feature",
      "geometry": {
        "type": "LineString",
        "coordinates": [
          [
            112.7138162,
            -7.3459851
          ],
          [
            112.7135644,
            -7.3459477
          ],
          [
            112.713365,
            -7.3459114
          ],
          [
            112.7130454,
            -7.3458371
          ]
        ]
      },
      "properties": {
        "id": "osm:way:1384242028",
        "name": "Way #1384242028",
        "highway": "motorway_link",
        "restriction_type": "PROHIBITED_TOLL_ROAD",
        "metadata": {
          "destination": "Gunung Sari;Kota Satelit;Gresik",
          "destination:ref": "8",
          "highway": "motorway_link",
          "motorcycle": "no",
          "oneway": "yes",
          "toll": "yes"
        }
      }
    },
    {
      "type": "Feature",
      "geometry": {
        "type": "LineString",
        "coordinates": [
          [
            112.7144126,
            -7.3461644
          ],
          [
            112.7138162,
            -7.3459851
          ],
          [
            112.7130665,
            -7.3457597
          ]
        ]
      },
      "properties": {
        "id": "osm:way:1384242030",
        "name": "Way #1384242030",
        "highway": "motorway_link",
        "restriction_type": "PROHIBITED_TOLL_ROAD",
        "metadata": {
          "destination": "Gunung Sari;Kota Satelit;Gresik",
          "destination:ref": "8",
          "highway": "motorway_link",
          "motorcycle": "no",
          "oneway": "yes",
          "toll": "yes"
        }
      }
    },
    {
      "type": "Feature",
      "geometry": {
        "type": "LineString",
        "coordinates": [
          [
            112.7130665,
            -7.3457597
          ],
          [
            112.7130044,
            -7.3457414
          ],
          [
            112.7129434,
            -7.3457245
          ]
        ]
      },
      "properties": {
        "id": "osm:way:1384242031",
        "name": "Way #1384242031",
        "highway": "motorway_link",
        "restriction_type": "PROHIBITED_TOLL_ROAD",
        "metadata": {
          "covered": "yes",
          "destination": "Gunung Sari;Kota Satelit;Gresik",
          "destination:ref": "8",
          "highway": "motorway_link",
          "motorcycle": "no",
          "oneway": "yes",
          "toll": "yes"
        }
      }
    },
    {
      "type": "Feature",
      "geometry": {
        "type": "LineString",
        "coordinates": [
          [
            112.7129789,
            -7.3455942
          ],
          [
            112.713037,
            -7.3456095
          ],
          [
            112.7131025,
            -7.3456275
          ]
        ]
      },
      "properties": {
        "id": "osm:way:1384242032",
        "name": "Way #1384242032",
        "highway": "motorway_link",
        "restriction_type": "PROHIBITED_TOLL_ROAD",
        "metadata": {
          "covered": "yes",
          "destination": "Waru;Wonokromo;Taman",
          "destination:ref": "15",
          "highway": "motorway_link",
          "oneway": "yes",
          "toll": "yes"
        }
      }
    },
    {
      "type": "Feature",
      "geometry": {
        "type": "LineString",
        "coordinates": [
          [
            112.7124738,
            -7.3456774
          ],
          [
            112.7123675,
            -7.3456435
          ],
          [
            112.712263,
            -7.3456021
          ],
          [
            112.7119467,
            -7.3454471
          ]
        ]
      },
      "properties": {
        "id": "osm:way:1384242034",
        "name": "Way #1384242034",
        "highway": "motorway_link",
        "restriction_type": "PROHIBITED_TOLL_ROAD",
        "metadata": {
          "destination": "Gunung Sari;Kota Satelit;Gresik",
          "destination:ref": "8",
          "highway": "motorway_link",
          "motorcycle": "no",
          "oneway": "yes",
          "toll": "yes"
        }
      }
    },
    {
      "type": "Feature",
      "geometry": {
        "type": "LineString",
        "coordinates": [
          [
            112.7126025,
            -7.345714
          ],
          [
            112.7125381,
            -7.3456957
          ],
          [
            112.7124738,
            -7.3456774
          ]
        ]
      },
      "properties": {
        "id": "osm:way:1384242035",
        "name": "Way #1384242035",
        "highway": "motorway_link",
        "restriction_type": "PROHIBITED_TOLL_ROAD",
        "metadata": {
          "covered": "yes",
          "destination": "Gunung Sari;Kota Satelit;Gresik",
          "destination:ref": "8",
          "highway": "motorway_link",
          "motorcycle": "no",
          "oneway": "yes",
          "toll": "yes"
        }
      }
    },
    {
      "type": "Feature",
      "geometry": {
        "type": "LineString",
        "coordinates": [
          [
            112.7129215,
            -7.3458047
          ],
          [
            112.7126025,
            -7.345714
          ]
        ]
      },
      "properties": {
        "id": "osm:way:1384242036",
        "name": "Way #1384242036",
        "highway": "motorway_link",
        "restriction_type": "PROHIBITED_TOLL_ROAD",
        "metadata": {
          "destination": "Gunung Sari;Kota Satelit;Gresik",
          "destination:ref": "8",
          "highway": "motorway_link",
          "motorcycle": "no",
          "oneway": "yes",
          "toll": "yes"
        }
      }
    },
    {
      "type": "Feature",
      "geometry": {
        "type": "LineString",
        "coordinates": [
          [
            112.7130454,
            -7.3458371
          ],
          [
            112.7129215,
            -7.3458047
          ]
        ]
      },
      "properties": {
        "id": "osm:way:1384242037",
        "name": "Way #1384242037",
        "highway": "motorway_link",
        "restriction_type": "PROHIBITED_TOLL_ROAD",
        "metadata": {
          "covered": "yes",
          "destination": "Gunung Sari;Kota Satelit;Gresik",
          "destination:ref": "8",
          "highway": "motorway_link",
          "motorcycle": "no",
          "oneway": "yes",
          "toll": "yes"
        }
      }
    },
    {
      "type": "Feature",
      "geometry": {
        "type": "LineString",
        "coordinates": [
          [
            112.7135546,
            -7.3456965
          ],
          [
            112.713621,
            -7.3457251
          ],
          [
            112.7137005,
            -7.3457638
          ],
          [
            112.7139052,
            -7.3458733
          ],
          [
            112.7139646,
            -7.3459028
          ],
          [
            112.714029,
            -7.3459322
          ],
          [
            112.7141761,
            -7.3459969
          ]
        ]
      },
      "properties": {
        "id": "osm:way:1384242038",
        "name": "Way #1384242038",
        "highway": "motorway_link",
        "restriction_type": "PROHIBITED_TOLL_ROAD",
        "metadata": {
          "destination": "Waru;Wonokromo;Taman",
          "destination:ref": "15",
          "highway": "motorway_link",
          "motorcycle": "no",
          "oneway": "yes",
          "toll": "yes"
        }
      }
    },
    {
      "type": "Feature",
      "geometry": {
        "type": "LineString",
        "coordinates": [
          [
            112.7121144,
            -7.3453745
          ],
          [
            112.7125039,
            -7.3454311
          ],
          [
            112.7127056,
            -7.3454674
          ],
          [
            112.712879,
            -7.3455013
          ],
          [
            112.7129969,
            -7.3455285
          ]
        ]
      },
      "properties": {
        "id": "osm:way:1384242039",
        "name": "Way #1384242039",
        "highway": "motorway_link",
        "restriction_type": "PROHIBITED_TOLL_ROAD",
        "metadata": {
          "destination": "Waru;Wonokromo;Taman",
          "destination:ref": "15",
          "highway": "motorway_link",
          "motorcycle": "no",
          "oneway": "yes",
          "toll": "yes"
        }
      }
    },
    {
      "type": "Feature",
      "geometry": {
        "type": "LineString",
        "coordinates": [
          [
            112.7129969,
            -7.3455285
          ],
          [
            112.7131206,
            -7.3455613
          ]
        ]
      },
      "properties": {
        "id": "osm:way:1384242040",
        "name": "Way #1384242040",
        "highway": "motorway_link",
        "restriction_type": "PROHIBITED_TOLL_ROAD",
        "metadata": {
          "covered": "yes",
          "destination": "Waru;Wonokromo;Taman",
          "destination:ref": "15",
          "highway": "motorway_link",
          "motorcycle": "no",
          "oneway": "yes",
          "toll": "yes"
        }
      }
    },
    {
      "type": "Feature",
      "geometry": {
        "type": "LineString",
        "coordinates": [
          [
            112.7131206,
            -7.3455613
          ],
          [
            112.7132631,
            -7.345601
          ],
          [
            112.7134295,
            -7.3456515
          ]
        ]
      },
      "properties": {
        "id": "osm:way:1384242042",
        "name": "Way #1384242042",
        "highway": "motorway_link",
        "restriction_type": "PROHIBITED_TOLL_ROAD",
        "metadata": {
          "destination": "Waru;Wonokromo;Taman",
          "destination:ref": "15",
          "highway": "motorway_link",
          "motorcycle": "no",
          "oneway": "yes",
          "toll": "yes"
        }
      }
    },
    {
      "type": "Feature",
      "geometry": {
        "type": "LineString",
        "coordinates": [
          [
            112.7134295,
            -7.3456515
          ],
          [
            112.713492,
            -7.3456727
          ],
          [
            112.7135546,
            -7.3456965
          ]
        ]
      },
      "properties": {
        "id": "osm:way:1384242043",
        "name": "Way #1384242043",
        "highway": "motorway_link",
        "restriction_type": "PROHIBITED_TOLL_ROAD",
        "metadata": {
          "covered": "yes",
          "destination": "Waru;Wonokromo;Taman",
          "destination:ref": "15",
          "highway": "motorway_link",
          "motorcycle": "no",
          "oneway": "yes",
          "toll": "yes"
        }
      }
    },
    {
      "type": "Feature",
      "geometry": {
        "type": "LineString",
        "coordinates": [
          [
            112.7109401,
            -7.343868
          ],
          [
            112.7116962,
            -7.3440987
          ]
        ]
      },
      "properties": {
        "id": "osm:way:1384242045",
        "name": "Way #1384242045",
        "highway": "motorway_link",
        "restriction_type": "PROHIBITED_TOLL_ROAD",
        "metadata": {
          "bridge": "yes",
          "destination": "Waru;Juanda",
          "destination:ref": "AH2",
          "highway": "motorway_link",
          "lanes": "1",
          "layer": "1",
          "motorcycle": "no",
          "oneway": "yes",
          "toll": "yes"
        }
      }
    },
    {
      "type": "Feature",
      "geometry": {
        "type": "LineString",
        "coordinates": [
          [
            112.6464841,
            -7.2003472
          ],
          [
            112.6465043,
            -7.200592
          ],
          [
            112.6465029,
            -7.2006346
          ]
        ]
      },
      "properties": {
        "id": "osm:way:1492343131",
        "name": "Simpang Susun Romokalisari",
        "highway": "motorway_link",
        "restriction_type": "PROHIBITED_TOLL_ROAD",
        "metadata": {
          "destination": "Gresik;Kota Surabaya;Kota Malang",
          "destination:ref": "8",
          "highway": "motorway_link",
          "lanes": "2",
          "motorcycle": "no",
          "name": "Simpang Susun Romokalisari",
          "oneway": "yes",
          "source": "Bing"
        }
      }
    },
    {
      "type": "Feature",
      "geometry": {
        "type": "LineString",
        "coordinates": [
          [
            112.7130325,
            -7.2443757
          ],
          [
            112.7140146,
            -7.2446987
          ],
          [
            112.7143466,
            -7.2448126
          ],
          [
            112.7144178,
            -7.2448355
          ]
        ]
      },
      "properties": {
        "id": "osm:way:1492355279",
        "name": "Way #1492355279",
        "highway": "primary",
        "restriction_type": "PROHIBITED_TOLL_ROAD",
        "metadata": {
          "highway": "primary",
          "motorcycle": "no",
          "oneway": "yes",
          "toll": "yes"
        }
      }
    },
    {
      "type": "Feature",
      "geometry": {
        "type": "LineString",
        "coordinates": [
          [
            112.6452193,
            -7.2155762
          ],
          [
            112.6459222,
            -7.2165979
          ],
          [
            112.6465181,
            -7.2176272
          ]
        ]
      },
      "properties": {
        "id": "osm:way:1493049311",
        "name": "Simpang Susun Romokalisari",
        "highway": "motorway_link",
        "restriction_type": "PROHIBITED_TOLL_ROAD",
        "metadata": {
          "destination": "Kota Surabaya;Kota Malang",
          "destination:ref": "8",
          "highway": "motorway_link",
          "lanes": "1",
          "motorcycle": "no",
          "name": "Simpang Susun Romokalisari",
          "oneway": "yes",
          "source": "Bing",
          "toll": "yes"
        }
      }
    },
    {
      "type": "Feature",
      "geometry": {
        "type": "LineString",
        "coordinates": [
          [
            112.6415434,
            -7.2112977
          ],
          [
            112.6410198,
            -7.2105922
          ],
          [
            112.6404104,
            -7.2095693
          ]
        ]
      },
      "properties": {
        "id": "osm:way:1493049312",
        "name": "Simpang Susun Romokalisari",
        "highway": "motorway_link",
        "restriction_type": "PROHIBITED_TOLL_ROAD",
        "metadata": {
          "destination": "Gresik",
          "destination:ref": "8",
          "highway": "motorway_link",
          "motorcycle": "no",
          "name": "Simpang Susun Romokalisari",
          "oneway": "yes"
        }
      }
    },
    {
      "type": "Feature",
      "geometry": {
        "type": "LineString",
        "coordinates": [
          [
            112.7120796,
            -7.2416228
          ],
          [
            112.7125999,
            -7.2410356
          ],
          [
            112.7128432,
            -7.2408304
          ]
        ]
      },
      "properties": {
        "id": "osm:way:1493049313",
        "name": "Simpang Susun Dupak",
        "highway": "motorway_link",
        "restriction_type": "PROHIBITED_TOLL_ROAD",
        "metadata": {
          "destination": "Tanjung Perak, Kota Surabaya",
          "destination:ref": "11",
          "highway": "motorway_link",
          "lanes": "3",
          "motorcycle": "no",
          "name": "Simpang Susun Dupak",
          "oneway": "yes",
          "toll": "yes"
        }
      }
    },
    {
      "type": "Feature",
      "geometry": {
        "type": "LineString",
        "coordinates": [
          [
            112.7113431,
            -7.2431837
          ],
          [
            112.7109343,
            -7.2437217
          ],
          [
            112.7106524,
            -7.2441742
          ]
        ]
      },
      "properties": {
        "id": "osm:way:1493049314",
        "name": "Simpang Susun Dupak",
        "highway": "motorway_link",
        "restriction_type": "PROHIBITED_TOLL_ROAD",
        "metadata": {
          "destination": "Kota Malang",
          "destination:ref": "11",
          "highway": "motorway_link",
          "lanes": "3",
          "motorcycle": "no",
          "name": "Simpang Susun Dupak",
          "oneway": "yes",
          "toll": "yes"
        }
      }
    }
  ]
}